-- phpMyAdmin SQL Dump
-- version 5.0.1
-- https://www.phpmyadmin.net/
--
-- Servidor: 127.0.0.1
-- Tiempo de generación: 23-08-2021 a las 02:36:25
-- Versión del servidor: 10.4.11-MariaDB
-- Versión de PHP: 7.4.1

SET SQL_MODE = "NO_AUTO_VALUE_ON_ZERO";
SET AUTOCOMMIT = 0;
START TRANSACTION;
SET time_zone = "+00:00";


/*!40101 SET @OLD_CHARACTER_SET_CLIENT=@@CHARACTER_SET_CLIENT */;
/*!40101 SET @OLD_CHARACTER_SET_RESULTS=@@CHARACTER_SET_RESULTS */;
/*!40101 SET @OLD_COLLATION_CONNECTION=@@COLLATION_CONNECTION */;
/*!40101 SET NAMES utf8mb4 */;

--
-- Base de datos: `cslp`
--

-- --------------------------------------------------------

--
-- Estructura de tabla para la tabla `activities`
--

CREATE TABLE `activities` (
  `id` int(10) UNSIGNED NOT NULL,
  `name` varchar(100) NOT NULL,
  `objectives` text NOT NULL,
  `answer` text NOT NULL,
  `quantitative` varchar(10) NOT NULL DEFAULT 'false',
  `qualitative` varchar(10) NOT NULL DEFAULT 'false',
  `created_at` timestamp NOT NULL DEFAULT current_timestamp() ON UPDATE current_timestamp(),
  `updated_at` timestamp NOT NULL DEFAULT current_timestamp(),
  `type` varchar(10) DEFAULT NULL,
  `problem_type` varchar(10) DEFAULT NULL
) ENGINE=InnoDB DEFAULT CHARSET=latin1;

--
-- Volcado de datos para la tabla `activities`
--

INSERT INTO `activities` (`id`, `name`, `objectives`, `answer`, `quantitative`, `qualitative`, `created_at`, `updated_at`, `type`, `problem_type`) VALUES
(1, 'Imprimiendo en Consola', '{\"correct_result\":{\"points\":10,\"condition\":1,\"values\":[]}}', '<xml xmlns=\"http://www.w3.org/1999/xhtml\"></xml>', 'true', 'false', '2021-05-12 01:23:02', '2021-05-12 05:23:02', NULL, NULL),
(2, '¿Que son las Variables?', '{\"correct_result\":{\"points\":2,\"condition\":2,\"values\":[]},\"use_variable\":{\"points\":5,\"condition\":1}}', '<xml xmlns=\"http://www.w3.org/1999/xhtml\"></xml>', 'true', 'false', '2021-05-12 21:36:33', '2021-05-13 01:36:33', NULL, NULL),
(3, 'Tomemos una Decisión', '{\"correct_result\":{\"points\":3,\"condition\":1,\"values\":[\"La sentencia es verdadera\"]},\"use_variable\":{\"points\":3,\"condition\":2},\"use_conditional\":{\"points\":7,\"condition\":1}}', '<xml xmlns=\"http://www.w3.org/1999/xhtml\"><block type=\"variables_set\" id=\"51eH;[1XS(_{]:|r;UJt\" x=\"93\" y=\"60\"><field name=\"VAR\">elemento</field><value name=\"VALUE\"><block type=\"math_number\" id=\"dOERj,Mi,q_toWqzeeby\"><field name=\"NUM\">0</field></block></value><next><block type=\"controls_if\" id=\"T;!zZqVZ(A-[ug1(u7F9\"><value name=\"IF0\"><block type=\"logic_compare\" id=\"b7+Iz#53Vg1EvV0}g|[G\"><field name=\"OP\">EQ</field><value name=\"A\"><block type=\"variables_get\" id=\"bGk7]ETnA0ZYf1mVW46s\"><field name=\"VAR\">elemento</field></block></value><value name=\"B\"><block type=\"math_number\" id=\"zLo}Jw]{m4wu-(*K8w1O\"><field name=\"NUM\">0</field></block></value></block></value><statement name=\"DO0\"><block type=\"text_console\" id=\"CvAsCCtBgd7fj:*xVgp=\"><value name=\"CONSOLE\"><block type=\"text\" id=\"{`|96sUD_.Ue[y!dpkY4\"><field name=\"TEXT\">La sentencia es verdadera</field></block></value></block></statement></block></next></block></xml>', 'false', 'false', '2016-12-19 05:33:17', '2016-12-19 08:33:17', NULL, NULL),
(4, 'Hay que repetirlo! :D', '{\"correct_result\":{\"points\":4,\"condition\":2},\"use_loop\":{\"points\":6,\"condition\":1}}', '<xml xmlns=\"http://www.w3.org/1999/xhtml\"></xml>', 'false', 'false', '2016-10-25 06:24:04', '2016-10-25 09:24:04', NULL, NULL),
(5, 'Utilizando Funciones', '{\"use_function\":{\"points\":30,\"condition\":1}}', '<xml xmlns=\"http://www.w3.org/1999/xhtml\"></xml>', 'false', 'false', '2016-10-25 05:06:21', '2016-10-25 08:06:21', NULL, NULL),
(6, 'Rito Metabólico Basal', '{\"correct_result\":{\"points\":3,\"condition\":1,\"values\":[]},\"use_variable\":{\"points\":1,\"condition\":1},\"use_conditional\":{\"points\":1,\"condition\":1},\"use_function\":{\"points\":2,\"condition\":1}}', '<xml xmlns=\"http://www.w3.org/1999/xhtml\"></xml>', 'false', 'false', '2017-04-10 17:41:21', '2017-04-10 17:41:21', NULL, NULL),
(7, 'Calorías Diarias', '{\"correct_result\":{\"points\":3,\"condition\":1},\"use_variable\":{\"points\":1,\"condition\":1},\"use_conditional\":{\"points\":1,\"condition\":1},\"use_loop\":{\"points\":1,\"condition\":1},\"use_function\":{\"points\":2,\"condition\":1}}', '<xml xmlns=\"http://www.w3.org/1999/xhtml\"></xml>', 'false', 'false', '2016-10-25 05:06:25', '2016-10-25 08:06:25', NULL, NULL),
(8, 'Calorías en la Comida', '{\"correct_result\":{\"points\":3,\"condition\":1},\"use_variable\":{\"points\":1,\"condition\":1},\"use_conditional\":{\"points\":1,\"condition\":1},\"use_loop\":{\"points\":1,\"condition\":1},\"use_function\":{\"points\":2,\"condition\":1}}', '<xml xmlns=\"http://www.w3.org/1999/xhtml\"></xml>', 'false', 'false', '2016-10-25 05:06:27', '2016-10-25 08:06:27', NULL, NULL),
(9, '¿Cuanta Comida?', '{\"correct_result\":{\"points\":3,\"condition\":1},\"use_variable\":{\"points\":1,\"condition\":1},\"use_conditional\":{\"points\":1,\"condition\":1},\"use_loop\":{\"points\":1,\"condition\":1},\"use_function\":{\"points\":2,\"condition\":1}}', '<xml xmlns=\"http://www.w3.org/1999/xhtml\"></xml>', 'false', 'false', '2016-10-25 05:06:28', '2016-10-25 08:06:28', NULL, NULL),
(10, 'Integrando los Módulos', '{}', '<xml xmlns=\"http://www.w3.org/1999/xhtml\"></xml>', 'false', 'false', '2016-10-25 05:06:31', '2016-10-25 08:06:31', NULL, NULL),
(11, 'Calculador de Presupuesto', '{}', '<xml xmlns=\"http://www.w3.org/1999/xhtml\"></xml>', 'false', 'false', '2016-10-25 05:06:33', '2016-10-25 08:06:33', NULL, NULL),
(12, 'Primera Actividad', '{\"use_variable\":{\"points\":5,\"condition\":1},\"use_loop\":{\"points\":5,\"condition\":1}}', '<xml xmlns=\"http://www.w3.org/1999/xhtml\"></xml>', 'false', 'false', '2016-11-11 06:24:39', '2016-11-11 09:24:39', NULL, NULL),
(13, 'Nueva Actividad', '', '', 'false', 'false', '2016-11-11 17:16:31', '2016-11-11 17:16:31', NULL, NULL),
(14, 'Uso de matemáticas', '{\"correct_result\":{\"points\":5,\"condition\":2,\"values\":[\"25\",\"Esta sentencia es verdadera\"]}}', '<xml xmlns=\"http://www.w3.org/1999/xhtml\"></xml>', 'false', 'false', '2016-12-19 05:46:40', '2016-12-19 08:46:40', NULL, NULL),
(15, 'Llegando al blanco', '{}', '<xml xmlns=\"http://www.w3.org/1999/xhtml\"></xml>', 'false', 'false', '2016-12-19 00:58:18', '2016-12-19 03:58:18', NULL, NULL),
(17, 'Recapitulando mensajes', '{\"correct_result\":{\"points\":5,\"condition\":1,\"values\":[]},\"use_variable\":{\"points\":5,\"condition\":1}}', '<xml xmlns=\"http://www.w3.org/1999/xhtml\"><block type=\"variables_set\" id=\"zD),`Mej*sIaw_{g[q|o\" x=\"5\" y=\"98\"><field name=\"VAR\">verso</field><value name=\"VALUE\"><block type=\"text_prompt_ext\" id=\"ZV:quvfHA,/(Z(4wj9x#\"><mutation type=\"TEXT\"></mutation><field name=\"TYPE\">TEXT</field><value name=\"TEXT\"><shadow type=\"text\" id=\"al=*;2zNuhj;Dx=;`P4C\"><field name=\"TEXT\">escribe tu verso</field></shadow></value></block></value><next><block type=\"text_console\" id=\"h=Qy/*-%}qI#890#zbpm\"><value name=\"CONSOLE\"><block type=\"variables_get\" id=\"3_ZdV}Z5LuOwsRfR_gr6\"><field name=\"VAR\">verso</field></block></value></block></next></block></xml>', 'false', 'false', '2017-04-10 17:54:19', '2017-04-10 17:54:19', NULL, NULL),
(18, 'Nueva Actividad', '{}', '<xml xmlns=\"http://www.w3.org/1999/xhtml\"></xml>', 'false', 'false', '2017-04-10 17:54:28', '2017-04-10 17:54:28', NULL, NULL),
(19, 'Nueva Actividad', '', '', 'false', 'false', '2017-04-10 17:54:32', '2017-04-10 17:54:32', NULL, NULL),
(20, 'Nueva Actividad', '{\"use_conditional\":{\"points\":5,\"condition\":1}}', '<xml xmlns=\"http://www.w3.org/1999/xhtml\"></xml>', 'false', 'false', '2017-04-10 17:54:57', '2017-04-10 17:54:57', NULL, NULL),
(21, 'Nueva Actividad', '{}', '<xml xmlns=\"http://www.w3.org/1999/xhtml\"></xml>', 'false', 'false', '2017-04-10 17:55:05', '2017-04-10 17:55:05', NULL, NULL),
(22, '¿Quién vendrá a comer?', '{\"correct_result\":{\"points\":5,\"condition\":1,\"values\":[]},\"use_variable\":{\"points\":5,\"condition\":2}}', '<xml xmlns=\"http://www.w3.org/1999/xhtml\"><block type=\"text_console\" id=\"Om|DK[9AWPh[pa`XP-d`\" x=\"11\" y=\"30\"><value name=\"CONSOLE\"><block type=\"text\" id=\"ux[^^,4pD5n^3086J(-f\"><field name=\"TEXT\">Hola, quien viene a comer? </field></block></value><next><block type=\"variables_set\" id=\"jyz082O:xHIQ3~Gvr8*=\"><field name=\"VAR\">nombre</field><value name=\"VALUE\"><block type=\"text_prompt_ext\" id=\"kBMj2gYSjNXHU+tR/{7r\"><mutation type=\"TEXT\"></mutation><field name=\"TYPE\">TEXT</field><value name=\"TEXT\"><shadow type=\"text\" id=\"QyYLF;wq{LXv3r0d5:ir\"><field name=\"TEXT\">dime tu nombre:</field></shadow></value></block></value><next><block type=\"text_console\" id=\"bS]936c2xSeB@O}/SVYI\"><value name=\"CONSOLE\"><block type=\"text_join\" id=\"B#nd[pqbr_t*47htz#VE\"><mutation items=\"2\"></mutation><value name=\"ADD0\"><block type=\"text\" id=\"7K2NtX5Icl;NR(=fN.oL\"><field name=\"TEXT\">Bienvenido, </field></block></value><value name=\"ADD1\"><block type=\"variables_get\" id=\"|cqgMob6ei?uL:h,5t3Z\"><field name=\"VAR\">nombre</field></block></value></block></value></block></next></block></next></block></xml>', 'false', 'false', '2017-04-25 19:39:00', '2017-04-25 19:39:00', NULL, NULL),
(23, '¿Cuánto pastel han comido?', '{\"correct_result\":{\"points\":5,\"condition\":1,\"values\":[]},\"use_variable\":{\"points\":5,\"condition\":1}}', '<xml xmlns=\"http://www.w3.org/1999/xhtml\"><block type=\"text_console\" id=\"nJId|IVyQwJquoU2f3aF\" x=\"-277\" y=\"-8\"><value name=\"CONSOLE\"><block type=\"text\" id=\"(xo*)X9vX_7J`:m7?EAq\"><field name=\"TEXT\">calcular total comido</field></block></value><next><block type=\"variables_set\" id=\"T~XK-SB.Xd6,yLIbXTK:\"><field name=\"VAR\">total_trozos</field><value name=\"VALUE\"><block type=\"text_prompt_ext\" id=\"]mjL0[,@d~hd`Y5L_6ge\"><mutation type=\"NUMBER\"></mutation><field name=\"TYPE\">NUMBER</field><value name=\"TEXT\"><shadow type=\"text\" id=\"-L?Y=Q6f`3VUeDB2H|jV\"><field name=\"TEXT\">trozos totales</field></shadow></value></block></value><next><block type=\"variables_set\" id=\"HlN4?{DBq9n/Y+ZwVVU!\"><field name=\"VAR\">trozos_1</field><value name=\"VALUE\"><block type=\"text_prompt_ext\" id=\".CLRji(Ww4FBfIvBEy^6\"><mutation type=\"NUMBER\"></mutation><field name=\"TYPE\">NUMBER</field><value name=\"TEXT\"><shadow type=\"text\" id=\".*p,Il]k}Am4RYk;wL~4\"><field name=\"TEXT\">trozos amigo 1</field></shadow></value></block></value><next><block type=\"variables_set\" id=\"=%V*gN=U+u%!f#_k(]aB\"><field name=\"VAR\">trozos_2</field><value name=\"VALUE\"><block type=\"text_prompt_ext\" id=\"z~RY}CH[yWf]_UnN3Ba1\"><mutation type=\"NUMBER\"></mutation><field name=\"TYPE\">NUMBER</field><value name=\"TEXT\"><shadow type=\"text\" id=\"kc-wUq,POVr^X?-;tLLv\"><field name=\"TEXT\">trozos amigo 2</field></shadow></value></block></value><next><block type=\"variables_set\" id=\"-sKcfU.ua,Ubrn)M+L;T\"><field name=\"VAR\">trozos_3</field><value name=\"VALUE\"><block type=\"text_prompt_ext\" id=\"U%=bStF4%zuc`Y|Dbi!@\"><mutation type=\"NUMBER\"></mutation><field name=\"TYPE\">NUMBER</field><value name=\"TEXT\"><shadow type=\"text\" id=\"R~4HM]?.QFW@l^K.tfRG\"><field name=\"TEXT\">trozos amigo 3</field></shadow></value></block></value><next><block type=\"variables_set\" id=\"kdx77DMU0ZcJv:9YD#x2\"><field name=\"VAR\">trozos_dueño</field><value name=\"VALUE\"><block type=\"text_prompt_ext\" id=\"IX#z8njd+{1OK4,dxKvh\"><mutation type=\"NUMBER\"></mutation><field name=\"TYPE\">NUMBER</field><value name=\"TEXT\"><shadow type=\"text\" id=\"6i0=K?!9BfNHe_Pgj(=+\"><field name=\"TEXT\">trozos dueño de casa</field></shadow></value></block></value><next><block type=\"variables_set\" id=\"z~LBan7wU2u9.)cy|1oZ\"><field name=\"VAR\">numerador</field><value name=\"VALUE\"><block type=\"math_arithmetic\" id=\"OYNmFVl8bw)KnI^)c5sU\"><field name=\"OP\">ADD</field><value name=\"A\"><shadow type=\"math_number\" id=\"O-yx.[~A3-SxpP@d6?X6\"><field name=\"NUM\">1</field></shadow><block type=\"math_arithmetic\" id=\"|)Korf`X_SSVUAGKW^1}\"><field name=\"OP\">ADD</field><value name=\"A\"><shadow type=\"math_number\" id=\"r?ouLs^N^y7_UvJioji!\"><field name=\"NUM\">1</field></shadow><block type=\"variables_get\" id=\"z/a9V1+7dMY5o!x9yjm!\"><field name=\"VAR\">trozos_1</field></block></value><value name=\"B\"><shadow type=\"math_number\" id=\"h[my8k/FOs]?foE1*LXe\"><field name=\"NUM\">1</field></shadow><block type=\"variables_get\" id=\",x1cRF+kC/}+rDAld~h=\"><field name=\"VAR\">trozos_2</field></block></value></block></value><value name=\"B\"><shadow type=\"math_number\" id=\"s/(IRaGtl,5]`|;CdW*p\"><field name=\"NUM\">1</field></shadow><block type=\"math_arithmetic\" id=\")6{H%}.O|+}PJ^YXH6Tb\"><field name=\"OP\">ADD</field><value name=\"A\"><shadow type=\"math_number\" id=\"9g];5kff@05[Ugt,M%Y1\"><field name=\"NUM\">1</field></shadow><block type=\"variables_get\" id=\"Kewk_!!UcX6o=qaxj^.Z\"><field name=\"VAR\">trozos_3</field></block></value><value name=\"B\"><shadow type=\"math_number\" id=\"@L?*Mh,gU8_QBh`g}i?v\"><field name=\"NUM\">1</field></shadow><block type=\"variables_get\" id=\"3=r.Sq3B:KAF6/A[=1:Q\"><field name=\"VAR\">trozos_dueño</field></block></value></block></value></block></value><next><block type=\"text_console\" id=\"L1o!zfYTumF7hUc)I]Eg\"><value name=\"CONSOLE\"><block type=\"text_join\" id=\"?S]@8t~t_I9HnW%pFY-Y\"><mutation items=\"5\"></mutation><value name=\"ADD0\"><block type=\"text\" id=\"}!3LIQ+]T29cKO4^#e-.\"><field name=\"TEXT\">Han comido </field></block></value><value name=\"ADD1\"><block type=\"variables_get\" id=\"+a%EMo;TfGzh6mK4V)Jx\"><field name=\"VAR\">numerador</field></block></value><value name=\"ADD2\"><block type=\"text\" id=\"CDUV1c[!@:7K^M9y.hK*\"><field name=\"TEXT\">/</field></block></value><value name=\"ADD3\"><block type=\"variables_get\" id=\"A{`FDL;I4Hnp-+)Dy-R2\"><field name=\"VAR\">total_trozos</field></block></value><value name=\"ADD4\"><block type=\"text\" id=\"8B?Mq:PK,I;1wd/h.zkb\"><field name=\"TEXT\"> del pastel</field></block></value></block></value></block></next></block></next></block></next></block></next></block></next></block></next></block></next></block></xml>', 'false', 'false', '2017-04-25 20:09:45', '2017-04-25 20:09:45', NULL, NULL),
(25, '¿Cuánto comerán del pastel?', '{\"use_variable\":{\"points\":5,\"condition\":1}}', '<xml xmlns=\"http://www.w3.org/1999/xhtml\"><block type=\"text_console\" id=\"t8d]0PoU?Yq-W5N5,8Tb\" x=\"-60\" y=\"4\"><value name=\"CONSOLE\"><block type=\"text\" id=\"CXS.%hjw9R1%thVC#{N?\"><field name=\"TEXT\">cálculo de trozos de pastel</field></block></value><next><block type=\"variables_set\" id=\"+{Q~7RjQ;|-8VxYNL;uO\"><field name=\"VAR\">trozos_1</field><value name=\"VALUE\"><block type=\"text_prompt_ext\" id=\"#Xo|d2E(T@6IUmpqiy-5\"><mutation type=\"NUMBER\"></mutation><field name=\"TYPE\">NUMBER</field><value name=\"TEXT\"><shadow type=\"text\" id=\"(SP1C/4MLG~L6?=g,KHS\"><field name=\"TEXT\">trozos amigo 1</field></shadow></value></block></value><next><block type=\"variables_set\" id=\"z#uRI4jlcr]@T6h5%|h_\"><field name=\"VAR\">trozos_2</field><value name=\"VALUE\"><block type=\"text_prompt_ext\" id=\"0yzD{:`_jLPb7*=nzE]6\"><mutation type=\"NUMBER\"></mutation><field name=\"TYPE\">NUMBER</field><value name=\"TEXT\"><shadow type=\"text\" id=\"e-LGyPU,`)Sh4xgfFHd.\"><field name=\"TEXT\">trozos amigo 2</field></shadow></value></block></value><next><block type=\"variables_set\" id=\"uzwA1aN]bqkP5p*gO4?#\"><field name=\"VAR\">trozos_3</field><value name=\"VALUE\"><block type=\"text_prompt_ext\" id=\"sTx1O}M)?KQI_yGJL:[9\"><mutation type=\"NUMBER\"></mutation><field name=\"TYPE\">NUMBER</field><value name=\"TEXT\"><shadow type=\"text\" id=\"50wayVKsY3AeobjS+YQ-\"><field name=\"TEXT\">trozos amigo 3</field></shadow></value></block></value><next><block type=\"variables_set\" id=\"|No`Gdwja)=bj{*!}DcV\"><field name=\"VAR\">trozos_dueño_de_casa</field><value name=\"VALUE\"><block type=\"text_prompt_ext\" id=\"xJK6t8+n6pMSMV^x1B=#\"><mutation type=\"NUMBER\"></mutation><field name=\"TYPE\">NUMBER</field><value name=\"TEXT\"><shadow type=\"text\" id=\"j;JB:ubRkuUb)MTcSRoN\"><field name=\"TEXT\">trozos dueño de casa</field></shadow></value></block></value><next><block type=\"variables_set\" id=\"w?7UjFdX@Ip]{2K,.F2m\"><field name=\"VAR\">total_trozos</field><value name=\"VALUE\"><block type=\"math_arithmetic\" id=\"nJ,Z*;?DQBRzwUkEb:[8\"><field name=\"OP\">ADD</field><value name=\"A\"><shadow type=\"math_number\" id=\"1yHz_?ewlgpEKC]AYjb1\"><field name=\"NUM\">1</field></shadow><block type=\"math_arithmetic\" id=\"fzz~G9^@(Ji_2Z`zb]._\"><field name=\"OP\">ADD</field><value name=\"A\"><shadow type=\"math_number\" id=\"X7p,#oO{Y*z7QdJUp`#c\"><field name=\"NUM\">1</field></shadow><block type=\"variables_get\" id=\"g50gsPtT~W5GUKoC3%Ti\"><field name=\"VAR\">trozos_1</field></block></value><value name=\"B\"><shadow type=\"math_number\" id=\":FK9DV#}_k+NG8rb#F4@\"><field name=\"NUM\">1</field></shadow><block type=\"variables_get\" id=\"@YqAaF.{0tMI~6A]c9qc\"><field name=\"VAR\">trozos_2</field></block></value></block></value><value name=\"B\"><shadow type=\"math_number\" id=\"M]|G~dKi^]=r)Y;9Z.Vk\"><field name=\"NUM\">1</field></shadow><block type=\"math_arithmetic\" id=\"|Wlo%_4/?_XQ_BViBz`,\"><field name=\"OP\">ADD</field><value name=\"A\"><shadow type=\"math_number\" id=\"G2!ZEu@[3z^-`(2F:[oo\"><field name=\"NUM\">1</field></shadow><block type=\"variables_get\" id=\"O2R8|@r]MChAL}(|*gg3\"><field name=\"VAR\">trozos_3</field></block></value><value name=\"B\"><shadow type=\"math_number\" id=\".FRuM)}oT+6Av[g9NYH=\"><field name=\"NUM\">1</field></shadow><block type=\"variables_get\" id=\"XL`2lpMb0,9JFzA*9kz;\"><field name=\"VAR\">trozos_dueño_de_casa</field></block></value></block></value></block></value><next><block type=\"text_console\" id=\"dZko_ZTU4;.hrE7={/##\"><value name=\"CONSOLE\"><block type=\"text_join\" id=\"HxlA35%%cZYok.hqSa)6\"><mutation items=\"2\"></mutation><value name=\"ADD0\"><block type=\"text\" id=\"VWJs!{eJ1napj3_NgAbl\"><field name=\"TEXT\">el total de trozos es: </field></block></value><value name=\"ADD1\"><block type=\"variables_get\" id=\"FrP0wloV;DGuc;X-JZN(\"><field name=\"VAR\">total_trozos</field></block></value></block></value></block></next></block></next></block></next></block></next></block></next></block></next></block></xml>', 'false', 'false', '2017-04-25 19:53:14', '2017-04-25 19:53:14', NULL, NULL),
(26, 'No todos los pedazos son iguales...', '{}', '<xml xmlns=\"http://www.w3.org/1999/xhtml\"></xml>', 'false', 'false', '2017-04-25 17:55:14', '2017-04-25 17:55:14', NULL, NULL),
(33, 'Matematica Simple', '{\"correct_result\":{\"points\":7,\"condition\":1,\"values\":[]},\"use_variable\":{\"points\":3,\"condition\":1}}', '<xml xmlns=\"http://www.w3.org/1999/xhtml\"><block type=\"text_console\" id=\"+:Ym%IDGDsq%tUSVFend\" x=\"140\" y=\"45\"><value name=\"CONSOLE\"><block type=\"text\" id=\"dAT/c?/xb8eGNCoY0dqj\"><field name=\"TEXT\">Matematicas Simples</field></block></value><next><block type=\"variables_set\" id=\"tyN|hdNbB5Ngj[JjQ1-_\"><field name=\"VAR\">X</field><value name=\"VALUE\"><block type=\"math_arithmetic\" id=\"9sn!v_|ubvapWY?U{y`r\"><field name=\"OP\">ADD</field><value name=\"A\"><shadow type=\"math_number\" id=\"c0T08s=L_^dE5TV!SPbi\"><field name=\"NUM\">16</field></shadow></value><value name=\"B\"><shadow type=\"math_number\" id=\"%gq.H.A!i8w+G-54q=B^\"><field name=\"NUM\">4</field></shadow></value></block></value><next><block type=\"variables_set\" id=\"Ewxd@CDU/R7ODVY5]I@=\"><field name=\"VAR\">X</field><value name=\"VALUE\"><block type=\"math_arithmetic\" id=\"[WE7Y2.E/7]5wrE=6/n/\"><field name=\"OP\">DIVIDE</field><value name=\"A\"><shadow type=\"math_number\" id=\"}TrJZ/[^^vnQcU8??LHz\"><field name=\"NUM\">1</field></shadow><block type=\"variables_get\" id=\"-LYpZpRSt=RDiNHrVOJR\"><field name=\"VAR\">X</field></block></value><value name=\"B\"><shadow type=\"math_number\" id=\"oLxl)Q6v7zE#(*NLAi2w\"><field name=\"NUM\">5</field></shadow></value></block></value><next><block type=\"variables_set\" id=\"d0EhHh7uWvI-}lKx:SlD\"><field name=\"VAR\">X</field><value name=\"VALUE\"><block type=\"math_arithmetic\" id=\"*r!6KB(NaVg0sfaByx}s\"><field name=\"OP\">MULTIPLY</field><value name=\"A\"><shadow type=\"math_number\" id=\"Rf3u.OrvI#f@bz;yc+El\"><field name=\"NUM\">1</field></shadow><block type=\"variables_get\" id=\"XV8kKPCQOJMU#gFBK6)8\"><field name=\"VAR\">X</field></block></value><value name=\"B\"><shadow type=\"math_number\" id=\"b+]@7dGmY%E-vb,{53fY\"><field name=\"NUM\">2.5</field></shadow></value></block></value><next><block type=\"text_console\" id=\"-=aPb#IN7}7H(w,iC(yo\"><value name=\"CONSOLE\"><block type=\"variables_get\" id=\"1K?kSyx0*lZA7F@i2=Le\"><field name=\"VAR\">X</field></block></value></block></next></block></next></block></next></block></next></block></xml>', 'false', 'false', '2017-05-25 20:12:20', '2017-05-25 20:12:20', NULL, NULL),
(35, 'Crea tu primer programa', '{}', '<xml xmlns=\"http://www.w3.org/1999/xhtml\"><block type=\"text_console\" id=\"A?oO(;o(C)z[^241wt*H\" x=\"124\" y=\"-43\"><value name=\"CONSOLE\"><block type=\"text\" id=\"9.T.pELi9*V8ztA8qp*l\"><field name=\"TEXT\">Hola mundo</field></block></value></block></xml>', 'false', 'false', '2017-05-26 00:53:48', '2017-05-26 00:53:48', NULL, NULL),
(36, 'Generando Texto', '{\"use_variable\":{\"points\":5,\"condition\":1},\"use_loop\":{\"points\":5,\"condition\":1}}', '<xml xmlns=\"http://www.w3.org/1999/xhtml\"><block type=\"variables_set\" id=\"x2V;DR]^YpPMb.CYmvbs\" x=\"4\" y=\"-108\"><field name=\"VAR\">X</field><next><block type=\"controls_repeat_ext\" id=\"~9j}Oh0YP:tGWi`Il}Ml\"><value name=\"TIMES\"><shadow type=\"math_number\" id=\"gM@gU2==i-FtG2%k~YeN\"><field name=\"NUM\">4</field></shadow></value><statement name=\"DO\"><block type=\"text_append\" id=\"GXtnGi*:6H#Ya4[Z{5lU\"><field name=\"VAR\">X</field><value name=\"TEXT\"><shadow type=\"text\" id=\"PUraRR[LjVslG*ZP8~0B\"><field name=\"TEXT\">.Bien y tu?</field></shadow><block type=\"text_prompt_ext\" id=\"S8hnJ)l%C`sokTzZXe`g\"><mutation type=\"TEXT\"></mutation><field name=\"TYPE\">TEXT</field><value name=\"TEXT\"><shadow type=\"text\" id=\"Ny!t%-M{;/?k`i[:;B}6\"><field name=\"TEXT\">Historia</field></shadow></value></block></value><next><block type=\"text_console\" id=\"nC7@fG,D.6dQ0_OupCwJ\"><value name=\"CONSOLE\"><block type=\"variables_get\" id=\"l9fwiK7W4]XRH:#!rQ1.\"><field name=\"VAR\">X</field></block></value></block></next></block></statement></block></next></block></xml>', 'false', 'false', '2017-05-26 00:49:20', '2017-05-26 00:49:20', NULL, NULL),
(39, 'Corazón', '{\"use_variable\":{\"points\":5,\"condition\":2},\"use_conditional\":{\"points\":5,\"condition\":2},\"use_loop\":{\"points\":5,\"condition\":2}}', '<xml xmlns=\"http://www.w3.org/1999/xhtml\"><block id=\"?/IQA17por~N*pQe=8).\" type=\"variables_set\" x=\"138\" y=\"63\"><field name=\"VAR\">corazón</field><value name=\"VALUE\"><block id=\"6T?Rtw`cq7tTb[+z*H*9\" type=\"logic_boolean\"><field name=\"BOOL\">TRUE</field></block></value><next><block id=\"~=d[tS~-UH~|i7x4^Ba=\" type=\"controls_whileUntil\"><field name=\"MODE\">WHILE</field><value name=\"BOOL\"><block id=\"2WQ9#JLacU+d#}SEy2rl\" type=\"logic_boolean\"><field name=\"BOOL\">TRUE</field></block></value><statement name=\"DO\"><block id=\"l{21jpEP|rbI{gwj!-xZ\" type=\"text_console\"><value name=\"CONSOLE\"><block id=\"IqodgGIlzfWO{Oo.0aUU\" type=\"text\"><field name=\"TEXT\">Corazón esta latiendo</field></block></value><next><block id=\"(yig{JdgP-]Kc14L7E}u\" type=\"controls_if\"><value name=\"IF0\"><block id=\"c%KP}@2/9-R0-R;X*bHg\" type=\"logic_boolean\"><field name=\"BOOL\">FALSE</field></block></value><statement name=\"DO0\"><block id=\"[3)0(r-B{9tyb!|H%540\" type=\"controls_flow_statements\"><field name=\"FLOW\">BREAK</field></block></statement></block></next></block></statement></block></next></block></xml>', 'false', 'false', '2017-06-05 17:57:30', '2017-06-05 17:57:30', NULL, NULL),
(44, 'Calculadora', '{\"correct_result\":{\"points\":5,\"condition\":1,\"values\":[]},\"use_variable\":{\"points\":5,\"condition\":1}}', '<xml xmlns=\"http://www.w3.org/1999/xhtml\"><block type=\"variables_set\" id=\"o6a`q[WYzgV:n2@H%|6)\" x=\"-24\" y=\"3\"><field name=\"VAR\">opcion</field><value name=\"VALUE\"><block type=\"text_prompt_ext\" id=\"LvUijiUMM)_B#52S1DEI\"><mutation type=\"TEXT\"></mutation><field name=\"TYPE\">TEXT</field><value name=\"TEXT\"><shadow type=\"text\" id=\"`:LHZ*%pigytUhRbp2(Y\"><field name=\"TEXT\">Elija la operacion que desea ralizar</field></shadow></value></block></value><next><block type=\"text_console\" id=\"ZNSqmLpeynokM/c1f(zT\"><value name=\"CONSOLE\"><block type=\"text\" id=\"MnZc^h~,aZNh?R2s/MmL\"><field name=\"TEXT\">+</field></block></value><next><block type=\"text_console\" id=\"qT2H}y07#:C-yY5/RRLg\"><value name=\"CONSOLE\"><block type=\"text\" id=\"-9;#?i!v!GO1{Y/kxuS9\"><field name=\"TEXT\">-</field></block></value><next><block type=\"text_console\" id=\"tI1j8yZXSiTUy`s9r9R2\"><value name=\"CONSOLE\"><block type=\"text\" id=\"Ve}@3smI8S?3tkuKS_fo\"><field name=\"TEXT\">*</field></block></value><next><block type=\"text_console\" id=\"IscPU5HV)XjX/L~Sg|h%\"><value name=\"CONSOLE\"><block type=\"text\" id=\"2=/|Y|mC4@@RMm5:9Bkk\"><field name=\"TEXT\">/</field></block></value><next><block type=\"variables_set\" id=\"#Kjks}o_^|h;hjJpYnf{\"><field name=\"VAR\">NumeroA</field><value name=\"VALUE\"><block type=\"text_prompt_ext\" id=\"iD{KK)hyO0I%Ug,w3tx0\"><mutation type=\"NUMBER\"></mutation><field name=\"TYPE\">NUMBER</field><value name=\"TEXT\"><shadow type=\"text\" id=\"-g3%{L13=O(}aRZGu+Yj\"><field name=\"TEXT\">Teclea un numero</field></shadow></value></block></value><next><block type=\"variables_set\" id=\"pTfEwM=imvp_0t//t[nN\"><field name=\"VAR\">NumeroB</field><value name=\"VALUE\"><block type=\"text_prompt_ext\" id=\"CsD6_%%{J(.Zgnsy%o]8\"><mutation type=\"NUMBER\"></mutation><field name=\"TYPE\">NUMBER</field><value name=\"TEXT\"><shadow type=\"text\" id=\"-w7qW;{IiBI^+T%S}ds=\"><field name=\"TEXT\">Teclea un numero</field></shadow></value></block></value><next><block type=\"controls_if\" id=\"1(hWU3Cb:Z7`,R`N](ya\"><value name=\"IF0\"><block type=\"logic_compare\" id=\"+e]qU62/zc)?}dKMfnY.\"><field name=\"OP\">EQ</field><value name=\"A\"><block type=\"variables_get\" id=\"kXsRUQgTnq=bb)9[D%za\"><field name=\"VAR\">opcion</field></block></value><value name=\"B\"><block type=\"text\" id=\"Ui(YCve!6X7D7sIYP*JY\"><field name=\"TEXT\">+</field></block></value></block></value><statement name=\"DO0\"><block type=\"variables_set\" id=\"IDf;xb5qx.TdUy~C6TAu\"><field name=\"VAR\">Resultado</field><value name=\"VALUE\"><block type=\"math_arithmetic\" id=\"_IB6?Xsx@@Lza4?=6i=o\"><field name=\"OP\">ADD</field><value name=\"A\"><shadow type=\"math_number\" id=\"j=QWba5kfL0AMjq2h=d,\"><field name=\"NUM\">1</field></shadow><block type=\"variables_get\" id=\"58,9/I^Pi+%^T~c4CuUp\"><field name=\"VAR\">NumeroA</field></block></value><value name=\"B\"><shadow type=\"math_number\" id=\"/FwfnX@HY-:=K86f|qNo\"><field name=\"NUM\">1</field></shadow><block type=\"variables_get\" id=\"EQQM+So~*6?i-45HuNZ(\"><field name=\"VAR\">NumeroB</field></block></value></block></value></block></statement><next><block type=\"controls_if\" id=\"S81A[88di8kFpAoOCE!g\"><value name=\"IF0\"><block type=\"logic_compare\" id=\"9FX)O(2`)F6eft4*7{:A\"><field name=\"OP\">EQ</field><value name=\"A\"><block type=\"variables_get\" id=\"[motF0)CvGj|+yAgRz}d\"><field name=\"VAR\">opcion</field></block></value><value name=\"B\"><block type=\"text\" id=\"BT-,,Gs(-8~R?0GVm9)p\"><field name=\"TEXT\">+</field></block></value></block></value><statement name=\"DO0\"><block type=\"variables_set\" id=\"C0?G+Jy}hqi.4ae|=R-2\"><field name=\"VAR\">Resultado</field><value name=\"VALUE\"><block type=\"math_arithmetic\" id=\"`-U(BGF9!{p3Ko*ojr}t\"><field name=\"OP\">ADD</field><value name=\"A\"><shadow type=\"math_number\" id=\"j=QWba5kfL0AMjq2h=d,\"><field name=\"NUM\">1</field></shadow><block type=\"variables_get\" id=\"L_O@itT8F7U~#Wn6crX:\"><field name=\"VAR\">NumeroA</field></block></value><value name=\"B\"><shadow type=\"math_number\" id=\"/FwfnX@HY-:=K86f|qNo\"><field name=\"NUM\">1</field></shadow><block type=\"variables_get\" id=\"-.%6b+ri9ZiJGMWP-m+2\"><field name=\"VAR\">NumeroB</field></block></value></block></value></block></statement></block></next></block></next></block></next></block></next></block></next></block></next></block></next></block></next></block></xml>', 'false', 'false', '2017-05-30 23:41:00', '2017-05-30 23:41:00', NULL, NULL),
(45, 'Generar un objeto', '{\"use_variable\":{\"points\":6,\"condition\":1},\"use_conditional\":{\"points\":6,\"condition\":1}}', '<xml xmlns=\"http://www.w3.org/1999/xhtml\"><block type=\"variables_set\" id=\"itx@wml4bTWYdG@uwOx3\" x=\"-13\" y=\"-151\"><field name=\"VAR\">Alto</field><value name=\"VALUE\"><block type=\"text_prompt_ext\" id=\"_H;/@6a31%K4HGFd5]DI\"><mutation type=\"NUMBER\"></mutation><field name=\"TYPE\">NUMBER</field><value name=\"TEXT\"><shadow type=\"text\" id=\"6E0~BxH%HvL=c)4!)9|a\"><field name=\"TEXT\">Ingrese alto del objeto. (cm)</field></shadow></value></block></value><next><block type=\"variables_set\" id=\"sFRWe*;@fmM%/t,HR0JK\"><field name=\"VAR\">Ancho</field><value name=\"VALUE\"><block type=\"text_prompt_ext\" id=\"QxG{(E^n/%`h5kz8NHKi\"><mutation type=\"NUMBER\"></mutation><field name=\"TYPE\">NUMBER</field><value name=\"TEXT\"><shadow type=\"text\" id=\"nxsUDN?k[6PSbnDl:s=?\"><field name=\"TEXT\">Ingrese ancho del objeto. (cm)</field></shadow></value></block></value><next><block type=\"text_append\" id=\"`8hiQe[6C~X,[5gPTsvk\"><field name=\"VAR\">Alto</field><value name=\"TEXT\"><shadow type=\"text\" id=\".nHYty,BHEJtDw7C//?i\"><field name=\"TEXT\"> cm.</field></shadow></value><next><block type=\"text_append\" id=\"*J4%gjz,Taf=5ms-?jT[\"><field name=\"VAR\">Ancho</field><value name=\"TEXT\"><shadow type=\"text\" id=\"aC4N#edz@,M[FT8;=1Li\"><field name=\"TEXT\"> cm.</field></shadow></value><next><block type=\"text_console\" id=\"rrht(4#)~+onM;d`0tV~\"><value name=\"CONSOLE\"><block type=\"variables_get\" id=\"Ir7rp)m:SW6rm23s!77a\"><field name=\"VAR\">Alto</field></block></value><next><block type=\"text_console\" id=\"f-aQUuj9/7#;?|KpFOIN\"><value name=\"CONSOLE\"><block type=\"variables_get\" id=\"PZT`j-=C;H/th6U_X_yC\"><field name=\"VAR\">Ancho</field></block></value><next><block type=\"controls_if\" id=\"#(T]J9o?%AO@/s]M?9hX\"><value name=\"IF0\"><block type=\"logic_compare\" id=\"{Lmpaf5kqvcB-5Rb{zP5\"><field name=\"OP\">EQ</field><value name=\"A\"><block type=\"variables_get\" id=\"m}O7HtXd/=h`!:e~64Dc\"><field name=\"VAR\">Alto</field></block></value><value name=\"B\"><block type=\"variables_get\" id=\"=7wL(|iKG5YXGBkmMw7H\"><field name=\"VAR\">Ancho</field></block></value></block></value><statement name=\"DO0\"><block type=\"text_console\" id=\"!]]S~63`2l7rjSltj~aQ\"><value name=\"CONSOLE\"><block type=\"text\" id=\"d]RBy*hUb((3H=:~:n*L\"><field name=\"TEXT\">El objeto en un cuadrado.</field></block></value></block></statement><next><block type=\"controls_if\" id=\"3*Z|kX+Qj}.BQl#1m_l2\"><value name=\"IF0\"><block type=\"logic_compare\" id=\",u808,;L%mGbFp+sC@bW\"><field name=\"OP\">NEQ</field><value name=\"A\"><block type=\"variables_get\" id=\"_%a@O(uhuyDQ5,y=6:7,\"><field name=\"VAR\">Alto</field></block></value><value name=\"B\"><block type=\"variables_get\" id=\"JF/^adD#2]VCMaB@A)R-\"><field name=\"VAR\">Ancho</field></block></value></block></value><statement name=\"DO0\"><block type=\"text_console\" id=\"Yx9_)7V;zq.0ss^j)82]\"><value name=\"CONSOLE\"><block type=\"text\" id=\",hMMZ^G+1I.%PXHhtH`Z\"><field name=\"TEXT\">El objeto en un rectangulo.</field></block></value></block></statement></block></next></block></next></block></next></block></next></block></next></block></next></block></next></block></xml>', 'false', 'false', '2017-07-04 00:42:11', '2017-07-04 00:42:11', NULL, NULL),
(47, 'Escoge tu problema', '{\"correct_result\":{\"points\":5,\"condition\":1,\"values\":[]},\"use_variable\":{\"points\":5,\"condition\":1}}', '<xml xmlns=\"http://www.w3.org/1999/xhtml\"><block type=\"variables_set\" id=\"0TPk;b%.4s3%P[7W6}Ay\" x=\"-166\" y=\"-15\"><field name=\"VAR\">problema</field><value name=\"VALUE\"><block type=\"text_prompt_ext\" id=\"KjR:(,G9GAK1|:9^%1b+\"><mutation type=\"TEXT\"></mutation><field name=\"TYPE\">TEXT</field><value name=\"TEXT\"><shadow type=\"text\" id=\"s#^W:#j39MKe5Cvh;LC}\"><field name=\"TEXT\">escribe el problema</field></shadow></value></block></value><next><block type=\"variables_set\" id=\"0thn#`X-P,CKi5g(+o75\"><field name=\"VAR\">nombre</field><value name=\"VALUE\"><block type=\"text_prompt_ext\" id=\"g|y*p@f)81mp9bg,j8zv\"><mutation type=\"TEXT\"></mutation><field name=\"TYPE\">TEXT</field><value name=\"TEXT\"><shadow type=\"text\" id=\"1lCWLxKdQTwp(4E+%@=n\"><field name=\"TEXT\">escribe tu nombre</field></shadow></value></block></value><next><block type=\"text_console\" id=\"6v`21cS+L.sT#B(@:vD+\"><value name=\"CONSOLE\"><block type=\"text_join\" id=\"XO3q?7qA,mJ|=:!7zFMP\"><mutation items=\"3\"></mutation><value name=\"ADD0\"><block type=\"variables_get\" id=\"vcdz~D@Y8JoV9Lxe1f@l\"><field name=\"VAR\">nombre</field></block></value><value name=\"ADD1\"><block type=\"text\" id=\"c+G?bxYBoHWGs@!Kq:K#\"><field name=\"TEXT\"> propone como problema: </field></block></value><value name=\"ADD2\"><block type=\"variables_get\" id=\"5:@+@qytJWmizVi,P2Kl\"><field name=\"VAR\">problema</field></block></value></block></value></block></next></block></next></block></xml>', 'false', 'false', '2017-07-06 19:09:47', '2017-07-06 19:09:47', NULL, NULL),
(48, 'Estructura de la noticia', '{\"use_variable\":{\"points\":5,\"condition\":1}}', '<xml xmlns=\"http://www.w3.org/1999/xhtml\"><block type=\"variables_set\" id=\"2yFpP+nV.N%ef_4#OP[#\" x=\"-268\" y=\"-39\"><field name=\"VAR\">que</field><value name=\"VALUE\"><block type=\"text_prompt_ext\" id=\"RLU^Z`;)V{~:5Vg;:,3m\"><mutation type=\"TEXT\"></mutation><field name=\"TYPE\">TEXT</field><value name=\"TEXT\"><shadow type=\"text\" id=\"[tmb)u[zoW(v5EO(!|gt\"><field name=\"TEXT\">escribe el qué</field></shadow></value></block></value><next><block type=\"variables_set\" id=\"h`NDCxZt[*V#e1ET{f~1\"><field name=\"VAR\">quien</field><value name=\"VALUE\"><block type=\"text_prompt_ext\" id=\"aop;/lc%^jz7OAf9-hgP\"><mutation type=\"TEXT\"></mutation><field name=\"TYPE\">TEXT</field><value name=\"TEXT\"><shadow type=\"text\" id=\"B4h=KQB`=x!|!`vl:pzr\"><field name=\"TEXT\">escribe el quién</field></shadow></value></block></value><next><block type=\"variables_set\" id=\"j|~#^O/XwV2vZy69K-^+\"><field name=\"VAR\">cuando</field><value name=\"VALUE\"><block type=\"text_prompt_ext\" id=\"S?0t)OIirCh1[T[]OpC/\"><mutation type=\"TEXT\"></mutation><field name=\"TYPE\">TEXT</field><value name=\"TEXT\"><shadow type=\"text\" id=\"z~7IC|NBMJggasf];2ai\"><field name=\"TEXT\">escribe el cuándo</field></shadow></value></block></value><next><block type=\"variables_set\" id=\"fX,HB`I{~R7#Fh;-_#*i\"><field name=\"VAR\">donde</field><value name=\"VALUE\"><block type=\"text_prompt_ext\" id=\"e/Dbw@7]Cm`Y^c+rap:o\"><mutation type=\"TEXT\"></mutation><field name=\"TYPE\">TEXT</field><value name=\"TEXT\"><shadow type=\"text\" id=\"g`%j,qcQpekD5)KskP^v\"><field name=\"TEXT\">escribe el dónde</field></shadow></value></block></value><next><block type=\"variables_set\" id=\"xYg:X#,IdX#JCM7uic,f\"><field name=\"VAR\">como</field><value name=\"VALUE\"><block type=\"text_prompt_ext\" id=\"ep4nV-(qxje7s[Yi#r)/\"><mutation type=\"TEXT\"></mutation><field name=\"TYPE\">TEXT</field><value name=\"TEXT\"><shadow type=\"text\" id=\"ccM8vzI!bf(yOu`pQ=HA\"><field name=\"TEXT\">escribe el cómo</field></shadow></value></block></value><next><block type=\"variables_set\" id=\"0Rx8Myi8Ok0P4tZ1!g[O\"><field name=\"VAR\">porque</field><value name=\"VALUE\"><block type=\"text_prompt_ext\" id=\"rSFumg~B-kCr:oEP.BNi\"><mutation type=\"TEXT\"></mutation><field name=\"TYPE\">TEXT</field><value name=\"TEXT\"><shadow type=\"text\" id=\"xm:Q|sN=w0X~INjbm}%A\"><field name=\"TEXT\">escribe el por qué</field></shadow></value></block></value><next><block type=\"text_console\" id=\"mXa,bIbZ-/SXLgSn2@?Y\"><value name=\"CONSOLE\"><block type=\"text_join\" id=\"nff|?|JU:g0f[{@-KY/f\"><mutation items=\"2\"></mutation><value name=\"ADD0\"><block type=\"text\" id=\"Enjq)T%3*jE@N~0ccEDM\"><field name=\"TEXT\">Lo que ocurrió fue...</field></block></value><value name=\"ADD1\"><block type=\"variables_get\" id=\"C-6FUsNd.0AtxFlhs-uq\"><field name=\"VAR\">que</field></block></value></block></value><next><block type=\"text_console\" id=\".n![[E,f9F_HDDSL6S{V\"><value name=\"CONSOLE\"><block type=\"text_join\" id=\"Lm@)j1xd)x]M^TVX4xc?\"><mutation items=\"2\"></mutation><value name=\"ADD0\"><block type=\"text\" id=\"P%d31A8H_l?:;htEr9pV\"><field name=\"TEXT\">Los involucrados fueron...</field></block></value><value name=\"ADD1\"><block type=\"variables_get\" id=\"XF*7t;!+6|+p~Rn~Rprk\"><field name=\"VAR\">quien</field></block></value></block></value><next><block type=\"text_console\" id=\"a9omp{FH.7k9^1/0xV)e\"><value name=\"CONSOLE\"><block type=\"text_join\" id=\"NcjTI#]N5*jGOiGLLPNP\"><mutation items=\"2\"></mutation><value name=\"ADD0\"><block type=\"text\" id=\"bmX?pyMskvYv{3`(U+J^\"><field name=\"TEXT\">Esto ocurrió...</field></block></value><value name=\"ADD1\"><block type=\"variables_get\" id=\"*{//m)@X1%fMTXa!2jwI\"><field name=\"VAR\">cuando</field></block></value></block></value><next><block type=\"text_console\" id=\"[ls+fkrTHB|hOi`Ko!F,\"><value name=\"CONSOLE\"><block type=\"text_join\" id=\"R`j]YUl;oS2)/++hRvUf\"><mutation items=\"2\"></mutation><value name=\"ADD0\"><block type=\"text\" id=\";WDj~YnL2[DM:!:I4r0L\"><field name=\"TEXT\">En el lugar...</field></block></value><value name=\"ADD1\"><block type=\"variables_get\" id=\":]m{1q+K+s!%9KcC{E.#\"><field name=\"VAR\">donde</field></block></value></block></value><next><block type=\"text_console\" id=\"(cnB0Aq48@o%x9.P)aJ.\"><value name=\"CONSOLE\"><block type=\"text_join\" id=\"9EvrKZRkTg8,r9kI54R0\"><mutation items=\"2\"></mutation><value name=\"ADD0\"><block type=\"text\" id=\"4HwAX]NB}Hz-.cHVF;i?\"><field name=\"TEXT\">La manera en que ocurrió  fue...</field></block></value><value name=\"ADD1\"><block type=\"variables_get\" id=\"]7N{4#(0SHuej?KGiAr4\"><field name=\"VAR\">como</field></block></value></block></value><next><block type=\"text_console\" id=\"}8#Cc,=fL.oi11XvdnpW\"><value name=\"CONSOLE\"><block type=\"text_join\" id=\"RWs)Wc]a9@)nKbBdoPxW\"><mutation items=\"2\"></mutation><value name=\"ADD0\"><block type=\"text\" id=\"_l|2!KjbvFV(W%4GRJ*u\"><field name=\"TEXT\">Ello ocurrió porque...</field></block></value><value name=\"ADD1\"><block type=\"variables_get\" id=\"pPR];*3]D:f~Z/CP)fgz\"><field name=\"VAR\">porque</field></block></value></block></value></block></next></block></next></block></next></block></next></block></next></block></next></block></next></block></next></block></next></block></next></block></next></block></xml>', 'false', 'false', '2017-07-06 19:17:24', '2017-07-06 19:17:24', NULL, NULL),
(49, 'Nueva Actividad', '', '', 'false', 'false', '2020-09-22 02:49:44', '2020-09-22 02:49:44', NULL, NULL),
(52, 'Nueva Actividad', '', '', 'false', 'false', '2020-09-22 22:38:09', '2020-09-22 22:38:09', NULL, NULL),
(53, 'Nueva Actividad', '', '', 'false', 'false', '2020-09-23 02:20:24', '2020-09-23 02:20:24', NULL, NULL),
(54, 'Nueva Actividad', '{}', '<xml xmlns=\"http://www.w3.org/1999/xhtml\"></xml>', 'false', 'false', '2020-09-23 02:29:39', '2020-09-23 05:29:39', NULL, NULL),
(55, 'Nueva Actividad', '', '', 'false', 'false', '2020-09-23 05:50:15', '2020-09-23 05:50:15', NULL, NULL),
(56, 'Nueva Actividad', '', '', 'false', 'false', '2020-09-23 06:47:12', '2020-09-23 06:47:12', NULL, NULL),
(57, 'Nueva Actividad', '', '', 'false', 'false', '2020-09-23 06:47:13', '2020-09-23 06:47:13', NULL, NULL),
(58, 'Nueva Actividad', '', '', 'false', 'false', '2020-09-23 06:47:13', '2020-09-23 06:47:13', NULL, NULL),
(59, 'Nueva Actividad', '', '', 'false', 'false', '2020-09-23 06:47:14', '2020-09-23 06:47:14', NULL, NULL),
(60, 'Nueva Actividad', '', '', 'false', 'false', '2020-10-06 23:31:54', '2020-10-06 23:31:54', NULL, NULL),
(61, 'Nueva Actividad', '', '', 'false', 'false', '2020-10-08 21:09:08', '2020-10-08 21:09:08', NULL, NULL),
(79, 'Nueva actividad', '{}', '<xml xmlns=\"http://www.w3.org/1999/xhtml\"><block type=\"controls_repeat_ext\" id=\"N^C*c8h2RYf-r4zDKe5U\" x=\"-79\" y=\"3\"><value name=\"TIMES\"><shadow type=\"math_number\" id=\"Z`#w_6=44*~5]4meXL^m\"><field name=\"NUM\">10</field></shadow></value></block></xml>', 'false', 'false', '2020-10-12 22:03:59', '2020-10-13 01:03:59', 'grupal', NULL),
(90, 'Nueva actividad', '', '', 'false', 'false', '2020-10-14 22:02:59', '2020-10-14 22:02:59', 'Individual', NULL),
(96, 'Nueva actividad', '', '', 'false', 'false', '2020-10-14 23:03:08', '2020-10-14 23:03:08', 'Individual', NULL),
(97, 'Nueva actividad', '', '', 'false', 'false', '2020-10-14 23:03:11', '2020-10-14 23:03:11', 'Grupal', NULL),
(98, 'Nueva actividad', '', '', 'false', 'false', '2020-10-15 16:19:31', '2020-10-15 16:19:31', 'Individual', NULL),
(99, 'Nueva actividad', '', '', 'false', 'false', '2020-10-15 16:19:35', '2020-10-15 16:19:35', 'Grupal', NULL),
(100, 'Actividad Individual para test', '{\"correct_result\":{\"points\":5,\"condition\":1,\"values\":[]},\"use_variable\":{\"points\":5,\"condition\":1}}', '<xml xmlns=\"http://www.w3.org/1999/xhtml\"><block type=\"variables_set\" id=\"}0]RVm4mwADi7Wv(-mtv\" x=\"-131\" y=\"21\"><field name=\"VAR\">elemento</field><value name=\"VALUE\"><block type=\"text_prompt_ext\" id=\"XJc=pV*Dt]@)mKQxvd]W\"><mutation type=\"TEXT\"></mutation><field name=\"TYPE\">TEXT</field><value name=\"TEXT\"><shadow type=\"text\" id=\"NosNLuHE!Gh~R9MC25|f\"><field name=\"TEXT\">Que edad tienes?</field></shadow></value></block></value><next><block type=\"text_console\" id=\"a[a/PXv)GnwiGbm6S-7]\"><value name=\"CONSOLE\"><block type=\"text_join\" id=\"-)x*2NfWJ,ll:Gmv?[aI\"><mutation items=\"3\"></mutation><value name=\"ADD0\"><block type=\"text\" id=\"9=W|4FEFB?RW!JfUcx0q\"><field name=\"TEXT\">Tienes </field></block></value><value name=\"ADD1\"><block type=\"variables_get\" id=\"7NZ+Yn;x@]J~#9=eCpR7\"><field name=\"VAR\">elemento</field></block></value><value name=\"ADD2\"><block type=\"text\" id=\",b7w64XckF6NWnr95];!\"><field name=\"TEXT\"> Años, genial!!</field></block></value></block></value></block></next></block></xml>', 'false', 'false', '2020-10-20 21:34:11', '2020-10-21 00:34:11', 'Individual', NULL),
(101, 'Actividad grupal para test', '{\"correct_result\":{\"points\":5,\"condition\":1,\"values\":[]},\"use_variable\":{\"points\":5,\"condition\":1}}', '<xml xmlns=\"http://www.w3.org/1999/xhtml\"><block type=\"variables_set\" id=\"mKD7uFF)*wc9F3?4ci|(\" x=\"71\" y=\"53\"><field name=\"VAR\">nombre</field><value name=\"VALUE\"><block type=\"text_prompt_ext\" id=\"2d]7}];|4PG~`HI}5UY1\"><mutation type=\"TEXT\"></mutation><field name=\"TYPE\">TEXT</field><value name=\"TEXT\"><shadow type=\"text\" id=\"Qoh%ain+45.^aO^Xy:XN\"><field name=\"TEXT\">Ingrese su nombre</field></shadow></value></block></value><next><block type=\"text_console\" id=\":lSTI:x%zMS:8vIz74zV\"><value name=\"CONSOLE\"><block type=\"text_join\" id=\"F|6(wqz;XxAxVzriC2i{\"><mutation items=\"2\"></mutation><value name=\"ADD0\"><block type=\"text\" id=\"3XyiWeseG=H0?_d6gUiG\"><field name=\"TEXT\">Hola </field></block></value><value name=\"ADD1\"><block type=\"variables_get\" id=\"_JfgKE9Q6H.tsV!]7`T}\"><field name=\"VAR\">nombre</field></block></value></block></value></block></next></block></xml>', 'false', 'false', '2020-10-20 21:28:34', '2020-10-21 00:28:34', 'Grupal', NULL),
(109, 'Actividad Activación Grupal', '{}', '<xml xmlns=\"http://www.w3.org/1999/xhtml\"></xml>', 'false', 'false', '2020-10-21 17:17:24', '2020-10-21 20:17:24', 'Grupal', NULL),
(110, 'Actividad Activación Individual', '{}', '<xml xmlns=\"http://www.w3.org/1999/xhtml\"></xml>', 'false', 'false', '2020-10-21 17:17:31', '2020-10-21 20:17:31', 'Individual', NULL),
(111, 'Actividad Elaboración Individual', '{}', '<xml xmlns=\"http://www.w3.org/1999/xhtml\"></xml>', 'false', 'false', '2020-10-21 17:17:56', '2020-10-21 20:17:56', 'Individual', NULL),
(112, 'Actividad Elaboración Grupal', '{}', '<xml xmlns=\"http://www.w3.org/1999/xhtml\"></xml>', 'false', 'false', '2020-10-21 17:18:09', '2020-10-21 20:18:09', 'Grupal', NULL),
(113, 'Nueva actividad Grupal', '{\"use_variable\":{\"points\":5,\"condition\":2},\"use_loop\":{\"points\":5,\"condition\":1}}', '<xml xmlns=\"http://www.w3.org/1999/xhtml\"><block type=\"controls_repeat_ext\" id=\"]KLU_O5r_zqX|I7|Z+gK\" x=\"16\" y=\"31\"><value name=\"TIMES\"><shadow type=\"math_number\" id=\"sW/LI7~:7F2^_iCJdEwc\"><field name=\"NUM\">10</field></shadow></value><statement name=\"DO\"><block type=\"variables_set\" id=\"GB--,*YDX6`X@r?V7xw=\"><field name=\"VAR\">elemento</field><value name=\"VALUE\"><block type=\"variables_get\" id=\"`F!(@TEJ+a[[D{H7QzwE\"><field name=\"VAR\">elemento</field></block></value></block></statement></block></xml>', 'false', 'false', '2020-10-22 14:23:16', '2020-10-22 17:23:16', 'Grupal', NULL),
(114, 'Nueva actividad Individual', '{\"use_variable\":{\"points\":5,\"condition\":1},\"use_loop\":{\"points\":5,\"condition\":1}}', '<xml xmlns=\"http://www.w3.org/1999/xhtml\"><block type=\"controls_repeat_ext\" id=\"QQ0K;Xo9tP1jjeF0bzzj\" x=\"43\" y=\"70\"><value name=\"TIMES\"><shadow type=\"math_number\" id=\"L^OQgBr-(aBQtAQ@tt6d\"><field name=\"NUM\">10</field></shadow></value><statement name=\"DO\"><block type=\"variables_set\" id=\"ol)pkCJY84*/Fg`%8`Es\"><field name=\"VAR\">elemento</field><value name=\"VALUE\"><block type=\"variables_get\" id=\"C[cy1vwOr]Wexg2ADqF7\"><field name=\"VAR\">elemento</field></block></value></block></statement></block></xml>', 'false', 'false', '2020-10-21 20:39:52', '2020-10-21 23:39:52', 'Individual', NULL),
(115, 'Nueva actividad', '{\"use_variable\":{\"points\":5,\"condition\":1},\"use_loop\":{\"points\":5,\"condition\":1}}', '<xml xmlns=\"http://www.w3.org/1999/xhtml\"><block type=\"controls_repeat_ext\" id=\"@4H:2v@m%y4WBfaY!_,]\" x=\"92\" y=\"30\"><value name=\"TIMES\"><shadow type=\"math_number\" id=\"0,%en,T@.14/]P5-[0+C\"><field name=\"NUM\">10</field></shadow></value><statement name=\"DO\"><block type=\"variables_set\" id=\"=Mg0cqoCT^gQQ{NG3t`Z\"><field name=\"VAR\">elemento</field><value name=\"VALUE\"><block type=\"variables_get\" id=\"^1t%vg{`a9Od^GMgAhSo\"><field name=\"VAR\">elemento</field></block></value></block></statement></block></xml>', 'false', 'false', '2020-10-21 21:41:49', '2020-10-22 00:41:49', 'Individual', NULL),
(116, 'Nueva actividad Grupal Elaboración', '{\"use_variable\":{\"points\":5,\"condition\":1},\"use_loop\":{\"points\":5,\"condition\":2}}', '<xml xmlns=\"http://www.w3.org/1999/xhtml\"><block type=\"controls_repeat_ext\" id=\"lvS=f-x:A|eJw1C~.6Tc\" x=\"-36\" y=\"37\"><value name=\"TIMES\"><shadow type=\"math_number\" id=\"*~E-8js#MuDtYv=W_IM]\"><field name=\"NUM\">10</field></shadow></value><statement name=\"DO\"><block type=\"variables_set\" id=\"dP=0F-PZ=-fQ=vsWU[%y\"><field name=\"VAR\">elemento</field><value name=\"VALUE\"><block type=\"variables_get\" id=\"VHu@,wyPj)|Zlt=zj`+S\"><field name=\"VAR\">elemento</field></block></value></block></statement></block></xml>', 'false', 'false', '2020-10-22 05:37:36', '2020-10-22 08:37:36', 'Grupal', NULL),
(117, 'Nueva actividad Individual Elaboración', '{}', '<xml xmlns=\"http://www.w3.org/1999/xhtml\"></xml>', 'false', 'false', '2020-10-22 11:52:29', '2020-10-22 14:52:29', 'Individual', NULL),
(118, 'Nueva actividad Indi', '{\"use_variable\":{\"points\":5,\"condition\":2},\"use_loop\":{\"points\":5,\"condition\":2}}', '<xml xmlns=\"http://www.w3.org/1999/xhtml\"><block type=\"controls_repeat_ext\" id=\"{rj4F(,,!_@|2[_LIMV]\" x=\"93\" y=\"44\"><value name=\"TIMES\"><shadow type=\"math_number\" id=\"wU#@K)4bD~g|vna#CI}q\"><field name=\"NUM\">10</field></shadow></value><statement name=\"DO\"><block type=\"variables_set\" id=\"/Qw8P7Ep#OgLJBLme;fU\"><field name=\"VAR\">elemento</field><value name=\"VALUE\"><block type=\"variables_get\" id=\"32y^lDdws_5;duH[f7Mt\"><field name=\"VAR\">elemento</field></block></value></block></statement></block></xml>', 'false', 'false', '2020-10-22 14:45:58', '2020-10-22 17:45:58', 'Individual', NULL),
(119, 'Nueva actividad Grupal Activacion', '{\"use_variable\":{\"points\":5,\"condition\":2},\"use_loop\":{\"points\":5,\"condition\":2}}', '<xml xmlns=\"http://www.w3.org/1999/xhtml\"><block type=\"controls_repeat_ext\" id=\"Ri;QEfsyg8*Kj^B008S|\" x=\"145\" y=\"48\"><value name=\"TIMES\"><shadow type=\"math_number\" id=\"BYgjm:^+^w^iL3C!7Ik?\"><field name=\"NUM\">10</field></shadow></value><statement name=\"DO\"><block type=\"variables_set\" id=\"iBf{{:Tg|vWl%aJy_77S\"><field name=\"VAR\">elemento</field><value name=\"VALUE\"><block type=\"variables_get\" id=\"S{wglieAPp?S}6PS(CGF\"><field name=\"VAR\">elemento</field></block></value></block></statement></block></xml>', 'false', 'false', '2020-10-22 14:46:06', '2020-10-22 17:46:06', 'Grupal', NULL),
(120, 'Nueva actividad individual Elaboración', '{\"use_loop\":{\"points\":5,\"condition\":2}}', '<xml xmlns=\"http://www.w3.org/1999/xhtml\"><block type=\"controls_repeat_ext\" id=\"GMczk#KMXo2#px}qq?|2\" x=\"115\" y=\"45\"><value name=\"TIMES\"><shadow type=\"math_number\" id=\"ssRX/X@T=V4}l-Zl8hC6\"><field name=\"NUM\">10</field></shadow></value></block></xml>', 'false', 'false', '2020-10-22 14:46:14', '2020-10-22 17:46:14', 'Individual', NULL),
(121, 'Nueva actividad elaboración grupal', '{\"use_variable\":{\"points\":5,\"condition\":2}}', '<xml xmlns=\"http://www.w3.org/1999/xhtml\"><block type=\"variables_set\" id=\"qdAl.vXUu9t,pWx-Yx{4\" x=\"100\" y=\"80\"><field name=\"VAR\">elemento</field><value name=\"VALUE\"><block type=\"variables_get\" id=\":Y3gm.lH+LQdcgG?hbx@\"><field name=\"VAR\">elemento</field></block></value></block></xml>', 'false', 'false', '2020-10-22 14:46:22', '2020-10-22 17:46:22', 'Grupal', NULL);
INSERT INTO `activities` (`id`, `name`, `objectives`, `answer`, `quantitative`, `qualitative`, `created_at`, `updated_at`, `type`, `problem_type`) VALUES
(122, 'Nueva actividad', '{\"correct_result\":{\"points\":5,\"condition\":1,\"values\":[]},\"use_variable\":{\"points\":5,\"condition\":1},\"use_conditional\":{\"points\":5,\"condition\":1}}', '<xml xmlns=\"http://www.w3.org/1999/xhtml\"><block type=\"variables_set\" id=\"1^w5jyXUz=lgp7On(o.9\" x=\"7\" y=\"-39\"><field name=\"VAR\">paciente</field><value name=\"VALUE\"><block type=\"text_prompt_ext\" id=\"QzlJT3}-TU6hWc:{oymY\"><mutation type=\"TEXT\"></mutation><field name=\"TYPE\">TEXT</field><value name=\"TEXT\"><shadow type=\"text\" id=\"Gm*g`v@~O])5I)~.rTv]\"><field name=\"TEXT\">Nombre del paciente</field></shadow></value></block></value><next><block type=\"variables_set\" id=\"kCk_M7.SYTzwx*AfJX,|\"><field name=\"VAR\">edad</field><value name=\"VALUE\"><block type=\"text_prompt_ext\" id=\"I+.u2Dq8+*7OYE4xQASx\"><mutation type=\"NUMBER\"></mutation><field name=\"TYPE\">NUMBER</field><value name=\"TEXT\"><shadow type=\"text\" id=\"q!S(_cI7-axKyXm6SQ{=\"><field name=\"TEXT\">Edad del paciente</field></shadow></value></block></value><next><block type=\"variables_set\" id=\"VFUKA25[s]Gbvl`AU?.]\"><field name=\"VAR\">peso</field><value name=\"VALUE\"><block type=\"text_prompt_ext\" id=\"Sot97YleJYXT+Th#aPmy\"><mutation type=\"NUMBER\"></mutation><field name=\"TYPE\">NUMBER</field><value name=\"TEXT\"><shadow type=\"text\" id=\"[985@FA/DVI4A%(d+nT^\"><field name=\"TEXT\">Peso del paciente</field></shadow></value></block></value><next><block type=\"variables_set\" id=\"!P`]LDBY8Uie+%t[%G9r\"><field name=\"VAR\">altura</field><value name=\"VALUE\"><block type=\"text_prompt_ext\" id=\"d@|#q-B*F.([*J;!zzT]\"><mutation type=\"NUMBER\"></mutation><field name=\"TYPE\">NUMBER</field><value name=\"TEXT\"><shadow type=\"text\" id=\"~zZXq=6VdnVuthQ8}a:~\"><field name=\"TEXT\">Altura del paciente</field></shadow></value></block></value><next><block type=\"variables_set\" id=\"~|z%T0sme;WZ}#m;l,C[\"><field name=\"VAR\">sexo</field><value name=\"VALUE\"><block type=\"text_prompt_ext\" id=\"tlO?Z*@}(q!RU:vjU3m#\"><mutation type=\"TEXT\"></mutation><field name=\"TYPE\">TEXT</field><value name=\"TEXT\"><shadow type=\"text\" id=\"lVs=6v:xB?=9{H}H_WYZ\"><field name=\"TEXT\">Sexo del paciente</field></shadow></value></block></value><next><block type=\"variables_set\" id=\"eNUgX4p:Ez5j3EqA7,B5\"><field name=\"VAR\">pulso</field><value name=\"VALUE\"><block type=\"text_prompt_ext\" id=\"1YV4SgHDth/u_vl]O?Iz\"><mutation type=\"NUMBER\"></mutation><field name=\"TYPE\">NUMBER</field><value name=\"TEXT\"><shadow type=\"text\" id=\"=m=t3BT~vH];#JU^lJYk\"><field name=\"TEXT\">Pulso del paciente en 10s</field></shadow></value></block></value><next><block type=\"math_change\" id=\"bm^-ln)vS/6g=Au0@2@X\"><field name=\"VAR\">alturaalcuadrado</field><value name=\"DELTA\"><shadow type=\"math_number\" id=\"w,6IRcz1LuuE=1D|[_Kp\"><field name=\"NUM\">1</field></shadow><block type=\"math_arithmetic\" id=\"m^TXr1T{]H10}-qEGPnF\"><field name=\"OP\">MULTIPLY</field><value name=\"A\"><shadow type=\"math_number\" id=\"3#rl]oN3F=5B;#p]1V.K\"><field name=\"NUM\">1</field></shadow><block type=\"variables_get\" id=\"me{]!j2=FUa)|d7W1X-O\"><field name=\"VAR\">altura</field></block></value><value name=\"B\"><shadow type=\"math_number\" id=\"tT11S*s]{f0yG3*XvP;T\"><field name=\"NUM\">1</field></shadow><block type=\"variables_get\" id=\"1K9hit8u%pRY^6UCsHny\"><field name=\"VAR\">altura</field></block></value></block></value><next><block type=\"math_change\" id=\"*kTqoQn{YAgqHAQ?=LaC\"><field name=\"VAR\">imc</field><value name=\"DELTA\"><shadow type=\"math_number\" id=\"YTf3|1.;5f#H6q6,d{i)\"><field name=\"NUM\">1</field></shadow><block type=\"math_arithmetic\" id=\"F;j)c~@Y1:xQJ}8;,zO]\"><field name=\"OP\">DIVIDE</field><value name=\"A\"><shadow type=\"math_number\" id=\"b-P]m7Aj3h~PaGKzWRwR\"><field name=\"NUM\">1</field></shadow><block type=\"variables_get\" id=\"JH7VZJlrcupGRv?+9o#J\"><field name=\"VAR\">peso</field></block></value><value name=\"B\"><shadow type=\"math_number\" id=\"Qah,[0|cz,]noDrU/;vQ\"><field name=\"NUM\">1</field></shadow><block type=\"variables_get\" id=\"@%ZsAgB5.n+x~fXc^pSf\"><field name=\"VAR\">alturaalcuadrado</field></block></value></block></value><next><block type=\"controls_if\" id=\"tuGwwm)c:WCtpn8Unkfd\"><value name=\"IF0\"><block type=\"logic_compare\" id=\"JAnH/R(-g;~aYz-_8}]B\"><field name=\"OP\">EQ</field><value name=\"A\"><block type=\"variables_get\" id=\"F*8P/6HHLXQ{1R6v#UA=\"><field name=\"VAR\">sexo</field></block></value><value name=\"B\"><block type=\"text\" id=\"dhV{YPO]E_Kfsp%])kb1\"><field name=\"TEXT\">femenino</field></block></value></block></value><statement name=\"DO0\"><block type=\"controls_if\" id=\"-`o@.rL^BzrmVsD++Rd#\"><value name=\"IF0\"><block type=\"logic_compare\" id=\"#[,x+5X8DulM@babtp)9\"><field name=\"OP\">LT</field><value name=\"A\"><block type=\"variables_get\" id=\"xry)3EN9[XT=FO2J0`1?\"><field name=\"VAR\">imc</field></block></value><value name=\"B\"><block type=\"math_number\" id=\"LvGk}u9!8!#^#MP7s@WR\"><field name=\"NUM\">20</field></block></value></block></value><statement name=\"DO0\"><block type=\"controls_if\" id=\"2`Hpc..x,d(^]5gHCf|#\"><value name=\"IF0\"><block type=\"logic_compare\" id=\"A[3daNmxYCHBS:C`EyZd\"><field name=\"OP\">LT</field><value name=\"A\"><block type=\"variables_get\" id=\"tw|M/^E6l~n)#Jq81h!v\"><field name=\"VAR\">imc</field></block></value><value name=\"B\"><block type=\"math_number\" id=\"sz-A1=%WE}{7gZdID6C(\"><field name=\"NUM\">20</field></block></value></block></value><statement name=\"DO0\"><block type=\"variables_set\" id=\"6Yq/lQt{I+Ju!H94p`l;\"><field name=\"VAR\">ValorImc</field><value name=\"VALUE\"><block type=\"text\" id=\"z)*KuzN2)CfBb}=#!s3z\"><field name=\"TEXT\">Bajo peso</field></block></value></block></statement><next><block type=\"controls_if\" id=\"glNS=Twfk6%uUXdhu:qz\"><value name=\"IF0\"><block type=\"logic_operation\" id=\"+#@zQ)%qY/(.5_=(=YL,\"><field name=\"OP\">AND</field><value name=\"A\"><block type=\"logic_compare\" id=\"QY62XuI;UI%Ijfb2S+9-\"><field name=\"OP\">GT</field><value name=\"A\"><block type=\"variables_get\" id=\"qDhe;sFIkRp30M[x6DcS\"><field name=\"VAR\">imc</field></block></value><value name=\"B\"><block type=\"math_number\" id=\"}|oW+((rFmymzm[=l#2x\"><field name=\"NUM\">20</field></block></value></block></value><value name=\"B\"><block type=\"logic_compare\" id=\"dg]#ReTy[e*lB]B-#?_x\"><field name=\"OP\">LT</field><value name=\"A\"><block type=\"variables_get\" id=\"|s%zu91Fq%`h/zn*,hb-\"><field name=\"VAR\">imc</field></block></value><value name=\"B\"><block type=\"math_number\" id=\"c_nKGQsS}j0sE{}(U?Cr\"><field name=\"NUM\">23.9</field></block></value></block></value></block></value><statement name=\"DO0\"><block type=\"variables_set\" id=\"k5os7+g2FM:GnvpM@S#X\"><field name=\"VAR\">ValorImc</field><value name=\"VALUE\"><block type=\"text\" id=\"+y4lXiiGp=6=`z96?Zse\"><field name=\"TEXT\">Normal</field></block></value></block></statement><next><block type=\"controls_if\" id=\"h^S@zvrTSM;lVnCc%:|B\"><value name=\"IF0\"><block type=\"logic_operation\" id=\"FTVZ7/61vK/^F:MGlvbb\"><field name=\"OP\">AND</field><value name=\"A\"><block type=\"logic_compare\" id=\"|[9~)Usr8WrtBxZP0+zX\"><field name=\"OP\">GT</field><value name=\"A\"><block type=\"variables_get\" id=\";729J`G~pl([BsFZoBw{\"><field name=\"VAR\">imc</field></block></value><value name=\"B\"><block type=\"math_number\" id=\"gnvEV_HD=c6czV50Bk%X\"><field name=\"NUM\">24</field></block></value></block></value><value name=\"B\"><block type=\"logic_compare\" id=\"-,Uk{aOyVBscyeM7|WiV\"><field name=\"OP\">LT</field><value name=\"A\"><block type=\"variables_get\" id=\"Q_%]|27/x=mCaYZYUjS=\"><field name=\"VAR\">imc</field></block></value><value name=\"B\"><block type=\"math_number\" id=\"!G;:ms?x0T[B-N5K2=.C\"><field name=\"NUM\">28.9</field></block></value></block></value></block></value><statement name=\"DO0\"><block type=\"variables_set\" id=\",Lo;m])2JSS8O{`~ajUU\"><field name=\"VAR\">ValorImc</field><value name=\"VALUE\"><block type=\"text\" id=\"uCz]-n/y3LJSeb7|ds2v\"><field name=\"TEXT\">Obesidad leve</field></block></value></block></statement><next><block type=\"controls_if\" id=\"O:w|ji*J;MR)j%s9A4RI\"><value name=\"IF0\"><block type=\"logic_operation\" id=\"jtWivB+spt({]5QoOTAm\"><field name=\"OP\">AND</field><value name=\"A\"><block type=\"logic_compare\" id=\"G:fr%yLC8G8rFu1Z_,#7\"><field name=\"OP\">GT</field><value name=\"A\"><block type=\"variables_get\" id=\"`!xc9L[+4hz!gF_[YQS;\"><field name=\"VAR\">imc</field></block></value><value name=\"B\"><block type=\"math_number\" id=\"xag[OwCeaRZS-ASa#DrB\"><field name=\"NUM\">29</field></block></value></block></value><value name=\"B\"><block type=\"logic_compare\" id=\"Ev|.q*Pvri5Hg|!:`Pmd\"><field name=\"OP\">LT</field><value name=\"A\"><block type=\"variables_get\" id=\")(9R3W#.D7SA`[om!op]\"><field name=\"VAR\">imc</field></block></value><value name=\"B\"><block type=\"math_number\" id=\"~{K?dyD1kS!WED!q/qx#\"><field name=\"NUM\">37</field></block></value></block></value></block></value><statement name=\"DO0\"><block type=\"variables_set\" id=\"Oxswq^-#i`ci.n.jsx~a\"><field name=\"VAR\">ValorImc</field><value name=\"VALUE\"><block type=\"text\" id=\"mmwv]@J]XvYaC:veAfqA\"><field name=\"TEXT\">Obesidad leve</field></block></value></block></statement><next><block type=\"controls_if\" id=\"cx/+9Z}[eX_dMS6|v[Q4\"><value name=\"IF0\"><block type=\"logic_compare\" id=\"}#qk:]V4iA6bS)v4pOJA\"><field name=\"OP\">GT</field><value name=\"A\"><block type=\"variables_get\" id=\"nX]rU+_/;cc!Tkoo#1EG\"><field name=\"VAR\">imc</field></block></value><value name=\"B\"><block type=\"math_number\" id=\".fc=g4d!/?U~kq/Z_3o^\"><field name=\"NUM\">37</field></block></value></block></value><statement name=\"DO0\"><block type=\"variables_set\" id=\"1oOihQ*4va!YaVt7TYiA\"><field name=\"VAR\">ValorImc</field><value name=\"VALUE\"><block type=\"text\" id=\"cDcPn+*A^.%^UQ+j#n|f\"><field name=\"TEXT\">Obesidad leve</field></block></value></block></statement></block></next></block></next></block></next></block></next></block></statement></block></statement><next><block type=\"controls_if\" id=\"Sec=dN5o^IF;yb:PIwJM\"><value name=\"IF0\"><block type=\"logic_compare\" id=\"gKNpAP_er):JzX(IV~eG\"><field name=\"OP\">EQ</field><value name=\"A\"><block type=\"variables_get\" id=\"d3!=Xzady`q7=eFS3;Xk\"><field name=\"VAR\">sexo</field></block></value><value name=\"B\"><block type=\"text\" id=\"I][zv|FFhQ}bD#,EBGAw\"><field name=\"TEXT\">masculino</field></block></value></block></value><statement name=\"DO0\"><block type=\"controls_if\" id=\"|ln4?(;R`2vNKm2IEfR!\"><value name=\"IF0\"><block type=\"logic_compare\" id=\"--:g3]f.%CdTQ2CH/:q%\"><field name=\"OP\">LT</field><value name=\"A\"><block type=\"variables_get\" id=\"aN)XJiE_t8{r/b30?[^,\"><field name=\"VAR\">imc</field></block></value><value name=\"B\"><block type=\"math_number\" id=\"~yOK%}nH}(]ZGAQbI%jg\"><field name=\"NUM\">20</field></block></value></block></value><statement name=\"DO0\"><block type=\"variables_set\" id=\"zjIQ|O[7z)`tsw)}2;}-\"><field name=\"VAR\">ValorImc</field><value name=\"VALUE\"><block type=\"text\" id=\"NKok{hB/)h^K9nz1kZm+\"><field name=\"TEXT\">Bajo peso</field></block></value></block></statement><next><block type=\"controls_if\" id=\"SM}y|rZ?%w3edAvn]Mm`\"><value name=\"IF0\"><block type=\"logic_operation\" id=\"FwR~X9n/iPidf/n~)HG@\"><field name=\"OP\">AND</field><value name=\"A\"><block type=\"logic_compare\" id=\"x^lq*LyMwUE/sgZHnL+k\"><field name=\"OP\">GT</field><value name=\"A\"><block type=\"variables_get\" id=\"hD:lm^/X]uOyBOCt_ObG\"><field name=\"VAR\">imc</field></block></value><value name=\"B\"><block type=\"math_number\" id=\"y.8-aPRk~NT4^J,RhBs`\"><field name=\"NUM\">20</field></block></value></block></value><value name=\"B\"><block type=\"logic_compare\" id=\"qwGc%6UuakNZhK?{y`Gc\"><field name=\"OP\">LT</field><value name=\"A\"><block type=\"variables_get\" id=\"m!cn/bNV-j]#J7O=Nr`m\"><field name=\"VAR\">imc</field></block></value><value name=\"B\"><block type=\"math_number\" id=\"pZ#9Lnm6wuIa1tid@n#g\"><field name=\"NUM\">24.9</field></block></value></block></value></block></value><statement name=\"DO0\"><block type=\"variables_set\" id=\"6]r+%#[p#wT-zHL`Frb|\"><field name=\"VAR\">ValorImc</field><value name=\"VALUE\"><block type=\"text\" id=\"v-[r@,qM*uBNAO26c@7P\"><field name=\"TEXT\">Normal</field></block></value></block></statement><next><block type=\"controls_if\" id=\"=iWMQZrY(Zq=L}5JVO!s\"><value name=\"IF0\"><block type=\"logic_operation\" id=\"HPyg_J1xpwqY;l?ai{.K\"><field name=\"OP\">AND</field><value name=\"A\"><block type=\"logic_compare\" id=\"G##1vOf.7P2wuCR}:j^F\"><field name=\"OP\">GT</field><value name=\"A\"><block type=\"variables_get\" id=\"fd@/+WcEl3o.Q%[w,ZCb\"><field name=\"VAR\">imc</field></block></value><value name=\"B\"><block type=\"math_number\" id=\"aVWrmMT0t|;I*be-CbN@\"><field name=\"NUM\">25</field></block></value></block></value><value name=\"B\"><block type=\"logic_compare\" id=\"qE`L!y7KBy.V5;hohN#Y\"><field name=\"OP\">LT</field><value name=\"A\"><block type=\"variables_get\" id=\"6M#!bSL%7;j{G.iCe1av\"><field name=\"VAR\">imc</field></block></value><value name=\"B\"><block type=\"math_number\" id=\"sa`#%ePrs5mChZh6A26[\"><field name=\"NUM\">29.9</field></block></value></block></value></block></value><statement name=\"DO0\"><block type=\"variables_set\" id=\"e}*2y,I1dg#Z5gI}T#?N\"><field name=\"VAR\">ValorImc</field><value name=\"VALUE\"><block type=\"text\" id=\"^65q%F:9X7U|,r|qo7,2\"><field name=\"TEXT\">Obesidad leve</field></block></value></block></statement><next><block type=\"controls_if\" id=\"Ml|{+9`P(O8ENZ@rCn#E\"><value name=\"IF0\"><block type=\"logic_operation\" id=\"hIoi0R#%-(U%3~)2]{a%\"><field name=\"OP\">AND</field><value name=\"A\"><block type=\"logic_compare\" id=\"kFq:R[j=8+?#s/p.SGFF\"><field name=\"OP\">GT</field><value name=\"A\"><block type=\"variables_get\" id=\"@rdv]gzC%R{9Q7JSpkS_\"><field name=\"VAR\">imc</field></block></value><value name=\"B\"><block type=\"math_number\" id=\"N`y1vSl~CC{cH[iIz~d9\"><field name=\"NUM\">30</field></block></value></block></value><value name=\"B\"><block type=\"logic_compare\" id=\"e?7l:e{T+O3u2e6L~]_y\"><field name=\"OP\">LT</field><value name=\"A\"><block type=\"variables_get\" id=\"Tt?Q)=zEiV.rtL!|*nnt\"><field name=\"VAR\">imc</field></block></value><value name=\"B\"><block type=\"math_number\" id=\"}v=HsH%UNWozR4Q_-jK`\"><field name=\"NUM\">40</field></block></value></block></value></block></value><statement name=\"DO0\"><block type=\"variables_set\" id=\"#sG]ui:]7aD`4H!Adb(9\"><field name=\"VAR\">ValorImc</field><value name=\"VALUE\"><block type=\"text\" id=\"y};qtTvGE+nMR*djymM9\"><field name=\"TEXT\">Obesidad severa</field></block></value></block></statement><next><block type=\"controls_if\" id=\"uLe~ql;t;_5wWSFB2;LO\"><value name=\"IF0\"><block type=\"logic_compare\" id=\";ti5H7{#9WDi+HO?[N#g\"><field name=\"OP\">GT</field><value name=\"A\"><block type=\"variables_get\" id=\"C6~g1eJU5oqt)?1l,/{2\"><field name=\"VAR\">imc</field></block></value><value name=\"B\"><block type=\"math_number\" id=\"X{eW4)X`%%XM}3BB2WXP\"><field name=\"NUM\">40</field></block></value></block></value><statement name=\"DO0\"><block type=\"variables_set\" id=\"lF!rk)2oLpv0OrI8z)W4\"><field name=\"VAR\">ValorImc</field><value name=\"VALUE\"><block type=\"text\" id=\"`kgVP7=h78[x/{NIAiDV\"><field name=\"TEXT\">Obesidad muy severa</field></block></value></block></statement></block></next></block></next></block></next></block></next></block></statement><next><block type=\"variables_set\" id=\"0cO@62}yyG:,/IXU^fvK\"><field name=\"VAR\">Pulsox60</field><value name=\"VALUE\"><block type=\"math_arithmetic\" id=\"QTpr]E%~`_g__HPB^nHy\"><field name=\"OP\">DIVIDE</field><value name=\"A\"><shadow type=\"math_number\" id=\"8bE,y~yOMqV7y(=J8x_h\"><field name=\"NUM\">1</field></shadow><block type=\"math_arithmetic\" id=\"BdD0;sU1x@@B*h.0B,OR\"><field name=\"OP\">MULTIPLY</field><value name=\"A\"><shadow type=\"math_number\" id=\"%_z15%b2hmP8ZXV`uBXc\"><field name=\"NUM\">1</field></shadow><block type=\"variables_get\" id=\"R_*p?fUrgXAZwnKnpw%P\"><field name=\"VAR\">pulso</field></block></value><value name=\"B\"><shadow type=\"math_number\" id=\"D`G4W|uR,!{3t7e]PsFb\"><field name=\"NUM\">60</field></shadow></value></block></value><value name=\"B\"><shadow type=\"math_number\" id=\"Y%3VUKyWHAAn6N:S@0M|\"><field name=\"NUM\">10</field></shadow></value></block></value><next><block type=\"variables_set\" id=\"aJmEzwOpQ)Zyo3:I0OnQ\"><field name=\"VAR\">pulsomax</field><value name=\"VALUE\"><block type=\"math_arithmetic\" id=\"5a0msk6U0}At2K#|(D1_\"><field name=\"OP\">MINUS</field><value name=\"A\"><shadow type=\"math_number\" id=\"--v.1c[U)X6%?Sz87eV%\"><field name=\"NUM\">220</field></shadow></value><value name=\"B\"><shadow type=\"math_number\" id=\"#mf1n9lB6%W4?]:Kd}eu\"><field name=\"NUM\">220</field></shadow><block type=\"variables_get\" id=\"DMZwpG4ZLbQ.u_6eb!.L\"><field name=\"VAR\">edad</field></block></value></block></value><next><block type=\"controls_if\" id=\"?;1?|T[L*QbC2Mh!(pLC\"><value name=\"IF0\"><block type=\"logic_compare\" id=\"%0R^*Dj=.TUe_)5+#FkW\"><field name=\"OP\">LT</field><value name=\"A\"><block type=\"variables_get\" id=\"Yd6!3vO4.[Q]he(6yN8_\"><field name=\"VAR\">Pulsox60</field></block></value><value name=\"B\"><block type=\"variables_get\" id=\"k/8%u7g*TK5zNA[c195J\"><field name=\"VAR\">pulsomax</field></block></value></block></value><statement name=\"DO0\"><block type=\"variables_set\" id=\"_2y}[Q/_j}b7`~t,#tSB\"><field name=\"VAR\">resultadopulso</field><value name=\"VALUE\"><block type=\"text\" id=\"JFIyO_/~[c{Dxzcqwv+u\"><field name=\"TEXT\">Pulso normal</field></block></value></block></statement><next><block type=\"controls_if\" id=\"AVp1Gs6OCd]Vc`uE:bi9\"><value name=\"IF0\"><block type=\"logic_compare\" id=\"}:dZr1n56v#vBhm1aaM]\"><field name=\"OP\">GTE</field><value name=\"A\"><block type=\"variables_get\" id=\"C[d,y_UANc2-[PMqxa:r\"><field name=\"VAR\">Pulsox60</field></block></value><value name=\"B\"><block type=\"variables_get\" id=\"mLS%0tQVJBC*AN|2lE8[\"><field name=\"VAR\">pulsomax</field></block></value></block></value><statement name=\"DO0\"><block type=\"variables_set\" id=\"#u6U[yPa)S35sH=jFEy#\"><field name=\"VAR\">resultadopulso</field><value name=\"VALUE\"><block type=\"text\" id=\"O^,h-+ya-3]*MS68E:b#\"><field name=\"TEXT\">Pulso anormal... Cuidado!</field></block></value></block></statement><next><block type=\"text_console\" id=\"SGuTLBqTyJ@^}cSbA3c#\"><value name=\"CONSOLE\"><block type=\"text_join\" id=\"*IU:iKF@WYySe1Mzj4ar\"><mutation items=\"4\"></mutation><value name=\"ADD0\"><block type=\"text\" id=\"}*ngART=(Q_fGs=U!)uv\"><field name=\"TEXT\">El Imc de </field></block></value><value name=\"ADD1\"><block type=\"variables_get\" id=\"F+-qmU~?a/RD9xeVg`YR\"><field name=\"VAR\">paciente</field></block></value><value name=\"ADD2\"><block type=\"text\" id=\".ck?pEWQ/^~rN9R8R-t}\"><field name=\"TEXT\"> es : </field></block></value><value name=\"ADD3\"><block type=\"variables_get\" id=\"ZFPb1_faxweyIOlzmP..\"><field name=\"VAR\">ValorImc</field></block></value></block></value><next><block type=\"text_console\" id=\"{p/deHJCkugG-#.2)Pl=\"><value name=\"CONSOLE\"><block type=\"text_join\" id=\"^Fzv.@_C3+J.k*Nq(TM1\"><mutation items=\"8\"></mutation><value name=\"ADD0\"><block type=\"text\" id=\"q;bq^)Jk)5VUsKB/R+:E\"><field name=\"TEXT\">El pulso de</field></block></value><value name=\"ADD1\"><block type=\"variables_get\" id=\")-M^yq:?uf7a?5R:mg=n\"><field name=\"VAR\">paciente</field></block></value><value name=\"ADD2\"><block type=\"text\" id=\"ls%,1)%m#Zs^Zvfp?26C\"><field name=\"TEXT\"> es : </field></block></value><value name=\"ADD3\"><block type=\"variables_get\" id=\"fLo20Sn/;C[A%kBpy/#g\"><field name=\"VAR\">Pulsox60</field></block></value><value name=\"ADD4\"><block type=\"text\" id=\"wgvBmZCLP`Ku*ro}8wN(\"><field name=\"TEXT\"> tiene un </field></block></value><value name=\"ADD5\"><block type=\"variables_get\" id=\"NS)60?i7r!at-`2Q=(EQ\"><field name=\"VAR\">resultadopulso</field></block></value><value name=\"ADD6\"><block type=\"text\" id=\"^BYWeKppTOFI7s%P6Pz;\"><field name=\"TEXT\"> ya que su pulso max es de: </field></block></value><value name=\"ADD7\"><block type=\"variables_get\" id=\"pbZV*9uE,eiV_=PamBvA\"><field name=\"VAR\">pulsomax</field></block></value></block></value></block></next></block></next></block></next></block></next></block></next></block></next></block></next></block></next></block></next></block></next></block></next></block></next></block></next></block></next></block></next></block></xml>', 'false', 'false', '2020-11-02 13:48:07', '2020-11-02 16:48:07', 'Individual', NULL),
(123, 'Nueva actividad', '{\"use_variable\":{\"points\":5,\"condition\":1},\"use_loop\":{\"points\":5,\"condition\":1}}', '<xml xmlns=\"http://www.w3.org/1999/xhtml\"></xml>', 'false', 'false', '2020-10-27 00:04:17', '2020-10-27 03:04:17', 'Grupal', NULL),
(126, 'Nueva actividad individual', '{\"use_variable\":{\"points\":5,\"condition\":2},\"use_loop\":{\"points\":5,\"condition\":2}}', '<xml xmlns=\"http://www.w3.org/1999/xhtml\"><block type=\"controls_repeat_ext\" id=\"IY|h`:pT7K?A.=AH@q#!\" x=\"209\" y=\"82\"><value name=\"TIMES\"><shadow type=\"math_number\" id=\"NQ_o^[F}.?mTd{@!zf_W\"><field name=\"NUM\">10</field></shadow></value><statement name=\"DO\"><block type=\"variables_set\" id=\"9U)6Q^XEZ;N@Vz-O=r/H\"><field name=\"VAR\">elemento</field><value name=\"VALUE\"><block type=\"variables_get\" id=\"`uma4f/wYI{na-qicz!K\"><field name=\"VAR\">elemento</field></block></value></block></statement></block></xml>', 'false', 'false', '2020-10-28 13:11:43', '2020-10-28 16:11:43', 'Individual', NULL),
(127, 'Nueva actividad', '', '', 'false', 'false', '2020-10-28 16:11:59', '2020-10-28 16:11:59', 'Grupal', NULL),
(130, 'Nueva actividad', '', '', 'false', 'false', '2020-11-03 23:22:45', '2020-11-03 23:22:45', 'Individual', NULL),
(135, 'Nueva actividad', '{\"use_loop\":{\"points\":5,\"condition\":2}}', '<xml xmlns=\"http://www.w3.org/1999/xhtml\"><block type=\"controls_if\" id=\"N~%j3^c+HzB(5Z[q1C/f\" x=\"259\" y=\"71\"><statement name=\"DO0\"><block type=\"controls_repeat_ext\" id=\"jtt=|t6M*gqj;LjSkepQ\"><value name=\"TIMES\"><shadow type=\"math_number\" id=\"d[VEg/O}O-,hSJRdeFK!\"><field name=\"NUM\">10</field></shadow></value></block></statement></block></xml>', 'false', 'false', '2020-11-11 20:18:56', '2020-11-11 23:18:56', 'Individual', NULL),
(136, 'Nueva actividad', '{}', '<xml xmlns=\"http://www.w3.org/1999/xhtml\"></xml>', 'false', 'false', '2020-11-03 22:16:33', '2020-11-04 01:16:33', 'Grupal', NULL),
(137, 'Nueva actividad', '', '', 'false', 'false', '2020-11-11 22:40:16', '2020-11-11 22:40:16', 'Individual', NULL),
(139, 'Nueva actividad', '{}', '<xml xmlns=\"http://www.w3.org/1999/xhtml\"></xml>', 'false', 'false', '2020-11-12 01:35:41', '2020-11-12 04:35:41', 'Grupal', NULL),
(140, 'Nueva actividad', '{}', '<xml xmlns=\"http://www.w3.org/1999/xhtml\"></xml>', 'false', 'false', '2020-11-12 01:35:39', '2020-11-12 04:35:39', 'Individual', NULL),
(141, 'Nueva actividad Grupal', '{}', '<xml xmlns=\"http://www.w3.org/1999/xhtml\"></xml>', 'false', 'false', '2020-11-18 00:11:07', '2020-11-18 03:11:07', 'Grupal', NULL),
(142, 'Nueva actividad individual', '{}', '<xml xmlns=\"http://www.w3.org/1999/xhtml\"></xml>', 'false', 'false', '2020-11-18 00:12:32', '2020-11-18 03:12:32', 'Individual', NULL),
(143, 'Nueva actividad Grupal', '', '', 'false', 'false', '2020-11-18 03:13:36', '2020-11-18 03:13:36', 'Grupal', NULL),
(144, 'Nueva actividad Individual', '', '', 'false', 'false', '2020-11-18 03:15:10', '2020-11-18 03:15:10', 'Individual', NULL),
(145, 'Nueva actividad', '', '', 'false', 'false', '2020-11-18 03:16:33', '2020-11-18 03:16:33', 'Individual', NULL),
(146, 'Nueva actividad', '', '', 'false', 'false', '2020-11-18 03:19:01', '2020-11-18 03:19:01', 'Individual', NULL),
(147, 'Nueva actividad', '', '', 'false', 'false', '2020-11-18 03:20:33', '2020-11-18 03:20:33', 'Grupal', NULL),
(148, 'Nueva actividad', '', '', 'false', 'false', '2020-11-18 03:25:54', '2020-11-18 03:25:54', 'Grupal', NULL),
(149, 'Nueva actividad', '', '', 'false', 'false', '2020-11-18 03:26:31', '2020-11-18 03:26:31', 'Individual', NULL),
(150, 'Nueva actividad', '', '', 'false', 'false', '2020-11-18 03:29:13', '2020-11-18 03:29:13', 'Individual', NULL),
(151, 'Nueva actividad', '', '', 'false', 'false', '2020-11-18 03:29:30', '2020-11-18 03:29:30', 'Grupal', NULL),
(154, 'Nueva actividad grupal', '{}', '<xml xmlns=\"http://www.w3.org/1999/xhtml\"></xml>', 'false', 'false', '2020-11-18 01:41:18', '2020-11-18 04:41:18', 'Grupal', NULL),
(155, 'Nueva actividad individual', '{}', '<xml xmlns=\"http://www.w3.org/1999/xhtml\"></xml>', 'false', 'false', '2020-11-18 01:41:48', '2020-11-18 04:41:48', 'Individual', NULL),
(156, 'Nueva actividad GRUPAL', '{\"use_variable\":{\"points\":5,\"condition\":2},\"use_conditional\":{\"points\":5,\"condition\":2}}', '<xml xmlns=\"http://www.w3.org/1999/xhtml\"><block type=\"controls_repeat_ext\" id=\"qIo=((iUDj*?)Dsl+iJ=\" x=\"76\" y=\"15\"><value name=\"TIMES\"><shadow type=\"math_number\" id=\"cO@r5SWOUd^5VVp-EsqJ\"><field name=\"NUM\">10</field></shadow></value><statement name=\"DO\"><block type=\"variables_set\" id=\"=jpZ2}s:9aCe~sW9OX:Z\"><field name=\"VAR\">elemento</field><value name=\"VALUE\"><block type=\"variables_get\" id=\"ykf1y|3/YCpoL`2VPqvU\"><field name=\"VAR\">elemento</field></block></value><next><block type=\"variables_set\" id=\"|s0/!NCR(nNdn}Ir+A8o\"><field name=\"VAR\">elemento</field><value name=\"VALUE\"><block type=\"variables_get\" id=\"RElN=V*o8:Jbiep^??EX\"><field name=\"VAR\">elemento</field></block></value></block></next></block></statement></block></xml>', 'false', 'false', '2020-11-18 19:32:50', '2020-11-18 22:32:50', 'Grupal', NULL),
(157, 'Nueva actividad INDIVIDUAL', '{\"use_variable\":{\"points\":5,\"condition\":2}}', '<xml xmlns=\"http://www.w3.org/1999/xhtml\"><block type=\"variables_set\" id=\"awu}-5-;L;]Us|zS^,:Y\" x=\"-70\" y=\"35\"><field name=\"VAR\">elemento</field><value name=\"VALUE\"><block type=\"variables_get\" id=\"%b:~Ge4oU=~Z=q*ywhQ1\"><field name=\"VAR\">elemento</field></block></value></block></xml>', 'false', 'false', '2020-11-18 19:34:01', '2020-11-18 22:34:01', 'Individual', NULL),
(158, 'Nueva actividad INDIVIDUAL', '{\"use_variable\":{\"points\":5,\"condition\":2},\"use_conditional\":{\"points\":5,\"condition\":2},\"use_loop\":{\"points\":5,\"condition\":2}}', '<xml xmlns=\"http://www.w3.org/1999/xhtml\"><block type=\"controls_repeat_ext\" id=\"aJ+)a:;h!bo|lqbCB:)a\" x=\"38\" y=\"33\"><value name=\"TIMES\"><shadow type=\"math_number\" id=\"yFH(EV%|XW`Q[/6iu)AE\"><field name=\"NUM\">10</field></shadow></value><statement name=\"DO\"><block type=\"variables_set\" id=\"iKifmPNkGx@]xgv3|I_0\"><field name=\"VAR\">elemento</field><value name=\"VALUE\"><block type=\"variables_get\" id=\"lh!m8E@=xo,SSCb-/C0|\"><field name=\"VAR\">elemento</field></block></value></block></statement></block></xml>', 'false', 'false', '2020-11-18 19:33:53', '2020-11-18 22:33:53', 'Individual', NULL),
(159, 'Nueva actividad GRUPAL', '{\"use_loop\":{\"points\":5,\"condition\":2}}', '<xml xmlns=\"http://www.w3.org/1999/xhtml\"><block type=\"controls_repeat_ext\" id=\"6}5_/UDwx}LrUld|Q7#Z\" x=\"35\" y=\"33\"><value name=\"TIMES\"><shadow type=\"math_number\" id=\"msH!0,8me`TG0eVfv23a\"><field name=\"NUM\">10</field></shadow></value></block></xml>', 'false', 'false', '2020-11-18 19:33:45', '2020-11-18 22:33:45', 'Grupal', NULL),
(160, 'Nueva actividad individual', '{\"use_variable\":{\"points\":5,\"condition\":2},\"use_conditional\":{\"points\":5,\"condition\":2},\"use_loop\":{\"points\":5,\"condition\":2}}', '<xml xmlns=\"http://www.w3.org/1999/xhtml\"></xml>', 'false', 'false', '2020-11-19 02:56:34', '2020-11-19 05:56:34', 'Individual', NULL),
(161, 'Nueva actividad grupal', '{\"use_variable\":{\"points\":5,\"condition\":2},\"use_loop\":{\"points\":5,\"condition\":2}}', '<xml xmlns=\"http://www.w3.org/1999/xhtml\"></xml>', 'false', 'false', '2020-11-19 02:56:42', '2020-11-19 05:56:42', 'Grupal', NULL),
(162, 'Nueva actividad individual', '{\"use_variable\":{\"points\":5,\"condition\":2},\"use_conditional\":{\"points\":5,\"condition\":2},\"use_loop\":{\"points\":5,\"condition\":2}}', '<xml xmlns=\"http://www.w3.org/1999/xhtml\"></xml>', 'false', 'false', '2020-11-20 00:25:42', '2020-11-20 03:25:42', 'Individual', NULL),
(163, 'Nueva actividad grupal', '{\"use_variable\":{\"points\":5,\"condition\":2},\"use_conditional\":{\"points\":5,\"condition\":2}}', '<xml xmlns=\"http://www.w3.org/1999/xhtml\"></xml>', 'false', 'false', '2020-11-20 00:25:47', '2020-11-20 03:25:47', 'Grupal', NULL),
(164, 'Nueva actividad grupal', '{\"use_variable\":{\"points\":5,\"condition\":2},\"use_loop\":{\"points\":5,\"condition\":2},\"use_function\":{\"points\":5,\"condition\":2}}', '<xml xmlns=\"http://www.w3.org/1999/xhtml\"></xml>', 'false', 'false', '2020-11-20 00:25:53', '2020-11-20 03:25:53', 'Grupal', NULL),
(165, 'Nueva actividad Grupal', '{\"use_variable\":{\"points\":5,\"condition\":2},\"use_conditional\":{\"points\":5,\"condition\":2},\"use_loop\":{\"points\":5,\"condition\":2}}', '<xml xmlns=\"http://www.w3.org/1999/xhtml\"></xml>', 'false', 'false', '2020-11-20 04:51:07', '2020-11-20 07:51:07', 'Grupal', NULL),
(166, 'Nueva actividad grupal', '{\"use_conditional\":{\"points\":5,\"condition\":2},\"use_loop\":{\"points\":5,\"condition\":2},\"use_function\":{\"points\":5,\"condition\":2}}', '<xml xmlns=\"http://www.w3.org/1999/xhtml\"></xml>', 'false', 'false', '2020-11-20 04:51:03', '2020-11-20 07:51:03', 'Grupal', NULL),
(167, 'Nueva actividad grupal', '{\"use_variable\":{\"points\":5,\"condition\":2},\"use_conditional\":{\"points\":5,\"condition\":2},\"use_loop\":{\"points\":5,\"condition\":2}}', '<xml xmlns=\"http://www.w3.org/1999/xhtml\"></xml>', 'false', 'false', '2020-11-20 04:51:00', '2020-11-20 07:51:00', 'Grupal', NULL),
(168, 'Nueva actividad individual', '{\"use_variable\":{\"points\":5,\"condition\":2}}', '<xml xmlns=\"http://www.w3.org/1999/xhtml\"></xml>', 'false', 'false', '2020-11-20 04:50:55', '2020-11-20 07:50:55', 'Individual', NULL),
(169, 'Nueva actividad individual', '{\"use_variable\":{\"points\":5,\"condition\":2}}', '<xml xmlns=\"http://www.w3.org/1999/xhtml\"></xml>', 'false', 'false', '2020-11-20 04:50:53', '2020-11-20 07:50:53', 'Individual', NULL),
(170, 'Nueva actividad grupal', '{\"use_variable\":{\"points\":5,\"condition\":2},\"use_conditional\":{\"points\":5,\"condition\":2},\"use_loop\":{\"points\":5,\"condition\":2},\"use_function\":{\"points\":5,\"condition\":2}}', '<xml xmlns=\"http://www.w3.org/1999/xhtml\"></xml>', 'false', 'false', '2020-11-20 04:50:50', '2020-11-20 07:50:50', 'Grupal', NULL),
(171, 'Actividad Individual 1 - Activación', '{\"use_variable\":{\"points\":5,\"condition\":2}}', '<xml xmlns=\"http://www.w3.org/1999/xhtml\"></xml>', 'false', 'false', '2020-11-20 07:37:07', '2020-11-20 10:37:07', 'Individual', NULL),
(172, 'Actividad Individual 2 - Activación', '{\"use_variable\":{\"points\":5,\"condition\":2},\"use_loop\":{\"points\":5,\"condition\":2}}', '<xml xmlns=\"http://www.w3.org/1999/xhtml\"></xml>', 'false', 'false', '2020-11-20 07:36:58', '2020-11-20 10:36:58', 'Individual', NULL),
(173, 'Actividad Grupal 1 - Activación', '{\"use_variable\":{\"points\":5,\"condition\":2},\"use_conditional\":{\"points\":5,\"condition\":2},\"use_loop\":{\"points\":5,\"condition\":2},\"use_function\":{\"points\":5,\"condition\":2}}', '<xml xmlns=\"http://www.w3.org/1999/xhtml\"></xml>', 'false', 'false', '2020-11-20 07:37:33', '2020-11-20 10:37:33', 'Grupal', NULL),
(174, 'Actividad Grupal 1 - Elaboración', '{\"use_variable\":{\"points\":5,\"condition\":2},\"use_conditional\":{\"points\":5,\"condition\":2}}', '<xml xmlns=\"http://www.w3.org/1999/xhtml\"></xml>', 'false', 'false', '2020-11-20 07:37:59', '2020-11-20 10:37:59', 'Grupal', NULL),
(175, 'Actividad Individual 1 - Elaboración', '{\"use_variable\":{\"points\":5,\"condition\":2},\"use_loop\":{\"points\":5,\"condition\":2}}', '<xml xmlns=\"http://www.w3.org/1999/xhtml\"></xml>', 'false', 'false', '2020-11-20 07:38:21', '2020-11-20 10:38:21', 'Individual', NULL),
(176, 'Actividad Grupal 1 - Consolidación', '{\"use_variable\":{\"points\":5,\"condition\":2}}', '<xml xmlns=\"http://www.w3.org/1999/xhtml\"></xml>', 'false', 'false', '2020-12-01 04:30:55', '2020-12-01 07:30:55', 'Grupal', NULL),
(178, 'Actividad Individual', '{\"use_variable\":{\"points\":5,\"condition\":2},\"use_conditional\":{\"points\":5,\"condition\":2}}', '<xml xmlns=\"http://www.w3.org/1999/xhtml\"></xml>', 'false', 'false', '2020-12-01 04:31:21', '2020-12-01 07:31:21', 'Individual', NULL),
(179, 'Actividad Individual', '{\"use_variable\":{\"points\":5,\"condition\":2},\"use_conditional\":{\"points\":5,\"condition\":2}}', '<xml xmlns=\"http://www.w3.org/1999/xhtml\"></xml>', 'false', 'false', '2020-12-01 04:31:45', '2020-12-01 07:31:45', 'Individual', NULL),
(180, 'Actividad Grupal', '{\"use_variable\":{\"points\":5,\"condition\":2},\"use_conditional\":{\"points\":5,\"condition\":2},\"use_loop\":{\"points\":5,\"condition\":2}}', '<xml xmlns=\"http://www.w3.org/1999/xhtml\"></xml>', 'false', 'false', '2020-12-01 04:32:27', '2020-12-01 07:32:27', 'Grupal', NULL),
(181, 'Nueva actividad', '{\"use_variable\":{\"points\":5,\"condition\":2},\"use_conditional\":{\"points\":5,\"condition\":2}}', '<xml xmlns=\"http://www.w3.org/1999/xhtml\"></xml>', 'false', 'false', '2020-12-03 08:05:28', '2020-12-03 11:05:28', 'Grupal', NULL),
(182, 'Nueva actividad indi', '{\"use_variable\":{\"points\":5,\"condition\":2},\"use_conditional\":{\"points\":5,\"condition\":2},\"use_loop\":{\"points\":5,\"condition\":2}}', '<xml xmlns=\"http://www.w3.org/1999/xhtml\"></xml>', 'false', 'false', '2020-12-04 15:56:51', '2020-12-04 18:56:51', 'Individual', NULL),
(183, 'Nueva actividad grup', '{\"use_variable\":{\"points\":5,\"condition\":2},\"use_conditional\":{\"points\":5,\"condition\":2},\"use_loop\":{\"points\":5,\"condition\":2}}', '<xml xmlns=\"http://www.w3.org/1999/xhtml\"></xml>', 'false', 'false', '2020-12-04 15:57:08', '2020-12-04 18:57:08', 'Grupal', NULL),
(184, 'Nueva actividad indi', '{\"use_variable\":{\"points\":5,\"condition\":2}}', '<xml xmlns=\"http://www.w3.org/1999/xhtml\"></xml>', 'false', 'false', '2020-12-04 15:57:26', '2020-12-04 18:57:26', 'Individual', NULL),
(185, 'Nueva actividad indi', '{\"use_variable\":{\"points\":5,\"condition\":2}}', '<xml xmlns=\"http://www.w3.org/1999/xhtml\"></xml>', 'false', 'false', '2020-12-04 15:57:36', '2020-12-04 18:57:36', 'Individual', NULL),
(186, 'Nueva actividad grup', '{\"use_variable\":{\"points\":5,\"condition\":2},\"use_conditional\":{\"points\":5,\"condition\":2},\"use_loop\":{\"points\":5,\"condition\":2}}', '<xml xmlns=\"http://www.w3.org/1999/xhtml\"></xml>', 'false', 'false', '2020-12-04 15:57:50', '2020-12-04 18:57:50', 'Grupal', NULL),
(187, 'Nueva actividad Grupal', '{\"use_variable\":{\"points\":5,\"condition\":2},\"use_conditional\":{\"points\":5,\"condition\":2},\"use_loop\":{\"points\":5,\"condition\":2}}', '<xml xmlns=\"http://www.w3.org/1999/xhtml\"></xml>', 'false', 'false', '2020-12-08 20:30:12', '2020-12-08 23:30:12', 'Grupal', NULL),
(188, 'Nueva actividad Individual', '{\"use_variable\":{\"points\":5,\"condition\":2},\"use_conditional\":{\"points\":5,\"condition\":2}}', '<xml xmlns=\"http://www.w3.org/1999/xhtml\"></xml>', 'false', 'false', '2020-12-08 20:30:25', '2020-12-08 23:30:25', 'Individual', NULL),
(189, 'Nueva actividad Individual', '{\"use_variable\":{\"points\":5,\"condition\":2},\"use_conditional\":{\"points\":5,\"condition\":2},\"use_loop\":{\"points\":5,\"condition\":2}}', '<xml xmlns=\"http://www.w3.org/1999/xhtml\"></xml>', 'false', 'false', '2020-12-08 20:30:41', '2020-12-08 23:30:41', 'Individual', NULL),
(190, 'Nueva actividad 1Grupal', '{\"use_variable\":{\"points\":5,\"condition\":2},\"use_conditional\":{\"points\":5,\"condition\":2}}', '<xml xmlns=\"http://www.w3.org/1999/xhtml\"><block type=\"variables_set\" id=\"oSLK-uS(l*}#-rws`5Yz\" x=\"7\" y=\"53\"><field name=\"VAR\">elemento</field></block></xml>', 'false', 'false', '2020-12-08 20:31:38', '2020-12-08 23:31:38', 'Grupal', NULL),
(191, 'Nueva actividad Grupal', '{\"use_variable\":{\"points\":5,\"condition\":2},\"use_conditional\":{\"points\":5,\"condition\":2}}', '<xml xmlns=\"http://www.w3.org/1999/xhtml\"></xml>', 'false', 'false', '2020-12-08 20:31:49', '2020-12-08 23:31:49', 'Grupal', NULL),
(192, 'Nueva actividad 2Grupal', '{\"use_variable\":{\"points\":5,\"condition\":2},\"use_conditional\":{\"points\":5,\"condition\":2}}', '<xml xmlns=\"http://www.w3.org/1999/xhtml\"></xml>', 'false', 'false', '2020-12-08 20:31:40', '2020-12-08 23:31:40', 'Grupal', NULL),
(193, 'Nueva actividad Grupal', '{\"use_variable\":{\"points\":5,\"condition\":2},\"use_conditional\":{\"points\":5,\"condition\":2},\"use_loop\":{\"points\":5,\"condition\":2}}', '<xml xmlns=\"http://www.w3.org/1999/xhtml\"><block type=\"variables_get\" id=\"TyOjoh5M-3)-^oX[5;xM\" x=\"153\" y=\"70\"><field name=\"VAR\">elemento</field></block></xml>', 'false', 'false', '2020-12-08 20:32:18', '2020-12-08 23:32:18', 'Grupal', NULL),
(194, 'Nueva actividad Individual', '{\"use_variable\":{\"points\":5,\"condition\":2},\"use_conditional\":{\"points\":5,\"condition\":2},\"use_loop\":{\"points\":5,\"condition\":2}}', '<xml xmlns=\"http://www.w3.org/1999/xhtml\"></xml>', 'false', 'false', '2020-12-08 20:32:36', '2020-12-08 23:32:36', 'Individual', NULL),
(195, 'Primera actividad Grupal', '{\"use_variable\":{\"points\":5,\"condition\":2},\"use_conditional\":{\"points\":5,\"condition\":2}}', '<xml xmlns=\"http://www.w3.org/1999/xhtml\"></xml>', 'false', 'false', '2020-12-09 01:11:03', '2020-12-09 04:11:03', 'Grupal', NULL),
(196, 'Segunda Actividad Individual', '{\"use_variable\":{\"points\":5,\"condition\":2},\"use_conditional\":{\"points\":5,\"condition\":2}}', '<xml xmlns=\"http://www.w3.org/1999/xhtml\"></xml>', 'false', 'false', '2020-12-09 01:11:07', '2020-12-09 04:11:07', 'Individual', NULL),
(197, 'Inidividual', '{\"use_variable\":{\"points\":5,\"condition\":2},\"use_conditional\":{\"points\":5,\"condition\":2}}', '<xml xmlns=\"http://www.w3.org/1999/xhtml\"></xml>', 'false', 'false', '2020-12-09 01:11:13', '2020-12-09 04:11:13', 'Individual', NULL),
(198, 'Grupal', '{\"use_variable\":{\"points\":5,\"condition\":2}}', '<xml xmlns=\"http://www.w3.org/1999/xhtml\"></xml>', 'false', 'false', '2020-12-09 01:11:15', '2020-12-09 04:11:15', 'Grupal', NULL),
(199, 'Grupal', '{\"use_conditional\":{\"points\":5,\"condition\":2}}', '<xml xmlns=\"http://www.w3.org/1999/xhtml\"></xml>', 'false', 'false', '2020-12-09 01:11:19', '2020-12-09 04:11:19', 'Grupal', NULL),
(205, 'Actividad activacion Individual', '{\"use_variable\":{\"points\":5,\"condition\":2},\"use_conditional\":{\"points\":5,\"condition\":2}}', '<xml xmlns=\"http://www.w3.org/1999/xhtml\"></xml>', 'false', 'false', '2020-12-09 01:16:56', '2020-12-09 04:16:56', 'Individual', NULL),
(207, 'Actividad activacion Grupal', '{\"use_variable\":{\"points\":5,\"condition\":2},\"use_conditional\":{\"points\":5,\"condition\":2}}', '<xml xmlns=\"http://www.w3.org/1999/xhtml\"></xml>', 'false', 'false', '2020-12-09 01:16:54', '2020-12-09 04:16:54', 'Grupal', NULL),
(209, 'Actividad Elaboración Grupal', '{\"use_variable\":{\"points\":5,\"condition\":2},\"use_loop\":{\"points\":5,\"condition\":2}}', '<xml xmlns=\"http://www.w3.org/1999/xhtml\"></xml>', 'false', 'false', '2020-12-09 01:17:29', '2020-12-09 04:17:29', 'Grupal', NULL),
(210, 'Actividad Consolidación Individual', '{\"use_variable\":{\"points\":5,\"condition\":2},\"use_conditional\":{\"points\":5,\"condition\":2}}', '<xml xmlns=\"http://www.w3.org/1999/xhtml\"></xml>', 'false', 'false', '2020-12-09 01:18:01', '2020-12-09 04:18:01', 'Individual', NULL),
(212, 'Actividad Reflexion Grupal', '{\"use_variable\":{\"points\":5,\"condition\":2},\"use_conditional\":{\"points\":5,\"condition\":2}}', '<xml xmlns=\"http://www.w3.org/1999/xhtml\"></xml>', 'false', 'false', '2020-12-09 01:18:58', '2020-12-09 04:18:58', 'Grupal', NULL),
(213, 'Nueva actividad Individual', '{\"use_variable\":{\"points\":5,\"condition\":2},\"use_conditional\":{\"points\":5,\"condition\":2}}', '<xml xmlns=\"http://www.w3.org/1999/xhtml\"></xml>', 'false', 'false', '2020-12-09 22:46:22', '2020-12-10 01:46:22', 'Individual', NULL),
(214, 'Nueva actividad Grupal', '{\"use_variable\":{\"points\":5,\"condition\":2}}', '<xml xmlns=\"http://www.w3.org/1999/xhtml\"></xml>', 'false', 'false', '2020-12-09 22:46:33', '2020-12-10 01:46:33', 'Grupal', NULL),
(215, 'Nueva actividad Individual', '{\"use_variable\":{\"points\":5,\"condition\":2},\"use_conditional\":{\"points\":5,\"condition\":2}}', '<xml xmlns=\"http://www.w3.org/1999/xhtml\"></xml>', 'false', 'false', '2020-12-09 22:46:57', '2020-12-10 01:46:57', 'Individual', NULL),
(216, 'Nueva actividad Grupal', '{\"use_variable\":{\"points\":5,\"condition\":2},\"use_conditional\":{\"points\":5,\"condition\":2},\"use_loop\":{\"points\":5,\"condition\":2}}', '<xml xmlns=\"http://www.w3.org/1999/xhtml\"></xml>', 'false', 'false', '2020-12-09 22:47:41', '2020-12-10 01:47:41', 'Grupal', NULL),
(217, 'Nueva actividad grupal', '{\"use_variable\":{\"points\":5,\"condition\":2},\"use_conditional\":{\"points\":5,\"condition\":2}}', '<xml xmlns=\"http://www.w3.org/1999/xhtml\"></xml>', 'false', 'false', '2020-12-09 22:48:09', '2020-12-10 01:48:09', 'Grupal', NULL),
(218, 'Actividad Individual - Activación', '{\"use_variable\":{\"points\":5,\"condition\":2},\"use_conditional\":{\"points\":5,\"condition\":2}}', '<xml xmlns=\"http://www.w3.org/1999/xhtml\"><block type=\"controls_if\" id=\"JMrAcU@2CUtyofr(E_H7\" x=\"20\" y=\"73\"><value name=\"IF0\"><block type=\"logic_compare\" id=\"0s72:Ws)/J%6Kr%zfU/W\"><field name=\"OP\">EQ</field><value name=\"A\"><block type=\"variables_get\" id=\",Cw2@n~;V;[]:EAeQa1X\"><field name=\"VAR\">elemento</field></block></value><value name=\"B\"><block type=\"math_number\" id=\"V7uqUa6ULH5=l,SI#;Hi\"><field name=\"NUM\">0</field></block></value></block></value><statement name=\"DO0\"><block type=\"variables_set\" id=\"3;{Ta@auuMMLc{A]DHMi\"><field name=\"VAR\">elemento</field><value name=\"VALUE\"><block type=\"variables_get\" id=\"K,{Fp=5I*XKD5(l7N#:[\"><field name=\"VAR\">elemento</field></block></value></block></statement></block></xml>', 'true', 'false', '2021-05-11 20:32:26', '2021-05-12 00:32:26', 'Individual', 'Grupal'),
(221, 'Actividad Grupal - Elaboración', '{\"use_variable\":{\"points\":5,\"condition\":2},\"use_conditional\":{\"points\":5,\"condition\":2},\"use_loop\":{\"points\":5,\"condition\":2}}', '<xml xmlns=\"http://www.w3.org/1999/xhtml\"><block type=\"variables_set\" id=\"GL{^e.Jml_)Q6BXRZG5p\" x=\"38\" y=\"73\"><field name=\"VAR\">numero</field><value name=\"VALUE\"><block type=\"math_number\" id=\"M5AC(Vg~GIU^#JCXg~Vv\"><field name=\"NUM\">0</field></block></value><next><block type=\"controls_if\" id=\"L)*Vz7R8vZzDQwm^ERNR\"><value name=\"IF0\"><block type=\"logic_compare\" id=\"XLn/53ZMazM#_A@qNmq2\"><field name=\"OP\">EQ</field><value name=\"A\"><block type=\"variables_get\" id=\"+(n#[[bY|DDpXYpMSmi^\"><field name=\"VAR\">numero</field></block></value><value name=\"B\"><block type=\"math_number\" id=\"pEQ3O]!(oNtOHZ+4,lh_\"><field name=\"NUM\">0</field></block></value></block></value><statement name=\"DO0\"><block type=\"controls_repeat_ext\" id=\"q4(8hj=0UTdtz][L*,)x\"><value name=\"TIMES\"><shadow type=\"math_number\" id=\"D7wF.;KH+QU=]A+PO{l*\"><field name=\"NUM\">5</field></shadow></value><statement name=\"DO\"><block type=\"text_console\" id=\"b-d4hY.C42i2N+]KrEiu\"><value name=\"CONSOLE\"><block type=\"text\" id=\"tH:`X%Te]0cp39},t!+M\"><field name=\"TEXT\">El numero es 0</field></block></value></block></statement></block></statement></block></next></block></xml>', 'false', 'true', '2021-05-11 20:33:02', '2021-05-12 00:33:02', 'Grupal', 'Grupal'),
(222, 'Actividad Individual - Consolidación', '{\"use_variable\":{\"points\":5,\"condition\":2},\"use_conditional\":{\"points\":5,\"condition\":2},\"use_loop\":{\"points\":5,\"condition\":2}}', '<xml xmlns=\"http://www.w3.org/1999/xhtml\"><block type=\"variables_set\" id=\"V5c?Oa=vUfM-.YX!Lz?u\" x=\"26\" y=\"36\"><field name=\"VAR\">elemento</field><value name=\"VALUE\"><block type=\"text\" id=\"4E9F{`Q8#l]:xQl+JS#F\"><field name=\"TEXT\">Prueba</field></block></value><next><block type=\"controls_if\" id=\"Nm#XZ0j,d?VM/2;Iu{|e\"><value name=\"IF0\"><block type=\"logic_compare\" id=\"C?tb0XO_SlWQG6rZvU{}\"><field name=\"OP\">EQ</field><value name=\"A\"><block type=\"variables_get\" id=\"ceHzIvaYlx~p]C?}%z4_\"><field name=\"VAR\">elemento</field></block></value><value name=\"B\"><block type=\"text\" id=\"[;GM^mU-b*JeFs0Mn=xV\"><field name=\"TEXT\">Prueba</field></block></value></block></value><statement name=\"DO0\"><block type=\"controls_repeat_ext\" id=\"gk{F,cfP8SshB*hT~7sc\"><value name=\"TIMES\"><shadow type=\"math_number\" id=\"09N:62u-HSz0xKE4kXJ.\"><field name=\"NUM\">3</field></shadow></value><statement name=\"DO\"><block type=\"text_console\" id=\"1lRo@U}nhH9s.i:M714a\"><value name=\"CONSOLE\"><block type=\"variables_get\" id=\":GQwWL2}tdc%!1Mby/]f\"><field name=\"VAR\">elemento</field></block></value></block></statement></block></statement></block></next></block></xml>', 'false', 'false', '2021-04-02 13:40:01', '2020-12-10 15:57:44', 'Individual', 'Grupal'),
(225, 'Actividad Grupal - Reflexión', '{\"use_variable\":{\"points\":5,\"condition\":2},\"use_conditional\":{\"points\":5,\"condition\":2}}', '<xml xmlns=\"http://www.w3.org/1999/xhtml\"><block type=\"variables_set\" id=\"iGDy8(|J|18W2;:::v!l\" x=\"71\" y=\"80\"><field name=\"VAR\">elemento</field><value name=\"VALUE\"><block type=\"math_number\" id=\"E5xo^cxX8{;hSV51hK84\"><field name=\"NUM\">0</field></block></value><next><block type=\"controls_if\" id=\"muWR.aD0;eFmfu]lv!9#\"><value name=\"IF0\"><block type=\"logic_compare\" id=\"JQEINGMrNe4^pYzfO-kz\"><field name=\"OP\">EQ</field><value name=\"A\"><block type=\"variables_get\" id=\"q:i|:;;pVhVX%^wTPG6S\"><field name=\"VAR\">elemento</field></block></value><value name=\"B\"><block type=\"math_number\" id=\"cyV/29)E^R{j`.C%/+Kf\"><field name=\"NUM\">0</field></block></value></block></value><statement name=\"DO0\"><block type=\"text_print\" id=\"i2+z6V!?KhI#6;#A~f;N\"><value name=\"TEXT\"><shadow type=\"text\" id=\"7i`{=rVm=Q]KobbzV*Mc\"><field name=\"TEXT\">Hola buenos dias la variable es: 0</field></shadow></value></block></statement></block></next></block></xml>', 'true', 'false', '2021-05-11 20:32:44', '2021-05-12 00:32:44', 'Grupal', 'Grupal'),
(226, 'Nueva actividad', '', '', 'false', 'false', '2020-12-10 16:49:08', '2020-12-10 16:49:08', 'Individual', NULL),
(227, 'Nueva aasdasdasdactividad', '{}', '<xml xmlns=\"http://www.w3.org/1999/xhtml\"></xml>', 'false', 'false', '2021-03-31 21:17:11', '2021-04-01 00:17:11', 'Individual', NULL),
(228, 'Nueva actividad', '', '', 'false', 'false', '2021-04-01 02:16:45', '2021-04-01 02:16:45', 'Individual', '0'),
(229, 'Nueva actividad', '{}', '<xml xmlns=\"http://www.w3.org/1999/xhtml\"></xml>', 'false', 'false', '2021-03-31 23:19:08', '2021-04-01 02:19:08', 'Individual', 'Individual'),
(230, 'Nueva actividad para probar el Tour', '{\"use_conditional\":{\"points\":5,\"condition\":2},\"use_loop\":{\"points\":5,\"condition\":2}}', '<xml xmlns=\"http://www.w3.org/1999/xhtml\"></xml>', 'true', 'true', '2021-05-12 04:23:57', '2021-05-12 08:23:57', 'Individual', 'Grupal'),
(238, 'Nueva actividadasdasdasdasd', '{\"use_variable\":{\"points\":5,\"condition\":2},\"use_conditional\":{\"points\":5,\"condition\":2}}', '<xml xmlns=\"http://www.w3.org/1999/xhtml\"></xml>', 'true', 'false', '2021-05-12 04:24:00', '2021-05-12 08:24:00', 'Individual', 'Grupal'),
(239, 'Nueva actividadIndivi', '{\"use_conditional\":{\"points\":5,\"condition\":2}}', '<xml xmlns=\"http://www.w3.org/1999/xhtml\"></xml>', 'false', 'true', '2021-05-12 04:24:04', '2021-05-12 08:24:04', 'Individual', 'Grupal'),
(240, 'Nueva actividadasdasdasdasd', '{\"use_loop\":{\"points\":5,\"condition\":2}}', '<xml xmlns=\"http://www.w3.org/1999/xhtml\"></xml>', 'false', 'true', '2021-05-12 04:24:07', '2021-05-12 08:24:07', 'Individual', 'Grupal'),
(241, 'Nueva actividad', '', '', 'false', 'false', '2021-05-15 22:33:57', '2021-05-15 22:33:57', 'Individual', 'Individual'),
(242, 'Nueva actividad', '', '', 'false', 'false', '2021-05-15 22:34:30', '2021-05-15 22:34:30', 'Individual', 'Individual'),
(243, 'Nueva actividad', '', '', 'false', 'false', '2021-05-15 22:41:56', '2021-05-15 22:41:56', 'Individual', 'Individual'),
(244, 'Nueva actividad', '', '', 'false', 'false', '2021-05-15 22:46:55', '2021-05-15 22:46:55', 'Individual', 'Individual'),
(245, 'Nueva actividad', '', '', 'false', 'false', '2021-05-15 22:48:16', '2021-05-15 22:48:16', 'Individual', 'Individual'),
(246, 'Nueva actividad', '', '', 'false', 'false', '2021-05-15 22:49:41', '2021-05-15 22:49:41', 'Individual', 'Individual'),
(247, 'Nueva actividad', '', '', 'false', 'false', '2021-05-15 22:50:45', '2021-05-15 22:50:45', 'Individual', 'Individual'),
(248, 'Nueva actividad', '', '', 'false', 'false', '2021-05-15 22:54:27', '2021-05-15 22:54:27', 'Individual', 'Individual'),
(249, 'Nueva actividad', '', '', 'false', 'false', '2021-05-15 22:56:40', '2021-05-15 22:56:40', 'Individual', 'Individual'),
(250, 'Nueva actividad', '', '', 'false', 'false', '2021-05-15 22:58:05', '2021-05-15 22:58:05', 'Individual', 'Individual'),
(251, 'Nueva actividad', '', '', 'false', 'false', '2021-05-15 22:59:14', '2021-05-15 22:59:14', 'Individual', 'Individual');
INSERT INTO `activities` (`id`, `name`, `objectives`, `answer`, `quantitative`, `qualitative`, `created_at`, `updated_at`, `type`, `problem_type`) VALUES
(252, 'Nueva actividad', '', '', 'false', 'false', '2021-05-15 23:02:55', '2021-05-15 23:02:55', 'Individual', 'Individual'),
(253, 'Nueva actividad', '', '', 'false', 'false', '2021-05-15 23:03:41', '2021-05-15 23:03:41', 'Individual', 'Individual'),
(265, 'Actividad de activacion', '{\"use_variable\":{\"points\":5,\"condition\":2}}', '<xml xmlns=\"http://www.w3.org/1999/xhtml\"></xml>', 'true', 'true', '2021-05-15 20:06:51', '2021-05-16 00:06:51', 'Individual', 'Individual'),
(266, 'Actividad de elaboracion', '{\"use_variable\":{\"points\":5,\"condition\":2}}', '<xml xmlns=\"http://www.w3.org/1999/xhtml\"></xml>', 'true', 'false', '2021-05-15 20:07:23', '2021-05-16 00:07:23', 'Individual', 'Individual'),
(267, 'Actividad de Consolidacion', '{\"use_conditional\":{\"points\":5,\"condition\":2}}', '<xml xmlns=\"http://www.w3.org/1999/xhtml\"></xml>', 'false', 'true', '2021-05-15 20:08:15', '2021-05-16 00:08:15', 'Individual', 'Individual'),
(268, 'Actividad de Reflexion', '{\"use_variable\":{\"points\":5,\"condition\":2}}', '<xml xmlns=\"http://www.w3.org/1999/xhtml\"></xml>', 'true', 'false', '2021-05-15 20:08:39', '2021-05-16 00:08:39', 'Individual', 'Individual'),
(269, 'Nueva actividad', '', '', 'false', 'false', '2021-08-18 02:56:26', '2021-08-18 02:56:26', 'Individual', 'Grupal');

-- --------------------------------------------------------

--
-- Estructura de tabla para la tabla `activities_groups`
--

CREATE TABLE `activities_groups` (
  `id` int(10) UNSIGNED NOT NULL,
  `problem_id` int(10) UNSIGNED NOT NULL,
  `name` varchar(60) NOT NULL,
  `created_at` timestamp NOT NULL DEFAULT current_timestamp() ON UPDATE current_timestamp(),
  `updated_at` timestamp NOT NULL DEFAULT current_timestamp()
) ENGINE=InnoDB DEFAULT CHARSET=latin1;

--
-- Volcado de datos para la tabla `activities_groups`
--

INSERT INTO `activities_groups` (`id`, `problem_id`, `name`, `created_at`, `updated_at`) VALUES
(1, 1, 'Conceptos Clave', '2016-12-28 22:11:35', '2016-12-28 22:11:35'),
(2, 1, 'Solucionando el Problema', '2016-11-11 02:14:34', '2016-10-25 07:25:52'),
(3, 1, 'Integración de Solución', '2016-11-11 02:14:38', '2016-10-25 07:26:03'),
(4, 1, 'Reflexionando lo Aprendido', '2016-11-11 02:14:40', '2016-10-25 07:26:12'),
(5, 3, 'Actividades de Activación', '2016-11-11 06:24:59', '2016-11-11 09:24:59'),
(6, 3, 'Elaboración :D', '2016-11-11 14:16:29', '2016-11-11 17:16:29'),
(7, 3, 'Consolidación', '2016-11-11 09:12:36', '2016-11-11 09:12:36'),
(8, 3, 'Reflexión', '2016-11-11 09:12:36', '2016-11-11 09:12:36'),
(9, 4, 'Activación', '2016-11-11 17:12:02', '2016-11-11 17:12:02'),
(10, 4, 'Elaboración', '2016-11-11 17:12:02', '2016-11-11 17:12:02'),
(11, 4, 'Consolidación', '2016-11-11 17:12:02', '2016-11-11 17:12:02'),
(12, 4, 'Reflexión', '2016-11-11 17:12:02', '2016-11-11 17:12:02'),
(13, 5, 'Activación', '2016-11-16 09:31:32', '2016-11-16 09:31:32'),
(14, 5, 'Elaboración', '2016-11-16 09:31:32', '2016-11-16 09:31:32'),
(15, 5, 'Consolidación', '2016-11-16 09:31:32', '2016-11-16 09:31:32'),
(16, 5, 'Reflexión', '2016-11-16 09:31:32', '2016-11-16 09:31:32'),
(17, 6, 'Activación', '2016-12-06 04:58:43', '2016-12-06 04:58:43'),
(18, 6, 'Elaboración', '2016-12-06 04:58:43', '2016-12-06 04:58:43'),
(19, 6, 'Consolidación', '2016-12-06 04:58:43', '2016-12-06 04:58:43'),
(20, 6, 'Reflexión', '2016-12-06 04:58:43', '2016-12-06 04:58:43'),
(21, 7, 'Conceptos Básicos', '2016-12-19 00:13:35', '2016-12-19 03:13:35'),
(22, 7, 'Elaboración', '2016-12-15 04:45:05', '2016-12-15 04:45:05'),
(23, 7, 'Consolidación', '2016-12-15 04:45:06', '2016-12-15 04:45:06'),
(24, 7, 'Reflexión', '2016-12-15 04:45:06', '2016-12-15 04:45:06'),
(25, 8, 'Activación', '2017-04-10 17:48:14', '2017-04-10 17:48:14'),
(26, 8, 'Elaboración', '2017-04-10 17:48:14', '2017-04-10 17:48:14'),
(27, 8, 'Consolidación', '2017-04-10 17:48:14', '2017-04-10 17:48:14'),
(28, 8, 'Reflexión', '2017-04-10 17:48:14', '2017-04-10 17:48:14'),
(29, 9, 'Activación', '2018-12-20 18:50:15', '2018-12-20 18:50:15'),
(30, 9, 'Elaboración', '2017-04-25 17:40:31', '2017-04-25 17:40:31'),
(31, 9, 'Consolidación', '2017-04-25 17:40:31', '2017-04-25 17:40:31'),
(32, 9, 'Reflexión', '2017-04-25 17:40:31', '2017-04-25 17:40:31'),
(33, 10, 'Para empezar', '2017-05-25 01:43:11', '2017-05-25 01:43:11'),
(34, 10, 'Continuando', '2017-05-25 20:14:48', '2017-05-25 20:14:48'),
(35, 10, 'Complicando las cosas', '2017-07-03 23:56:17', '2017-07-03 23:56:17'),
(36, 10, 'Reflexión', '2017-05-25 01:27:26', '2017-05-25 01:27:26'),
(37, 11, 'Primer programa', '2017-05-25 01:31:35', '2017-05-25 01:31:35'),
(38, 11, 'Elaboración', '2017-05-25 01:28:05', '2017-05-25 01:28:05'),
(39, 11, 'Consolidación', '2017-05-25 01:28:05', '2017-05-25 01:28:05'),
(40, 11, 'Reflexión', '2017-05-25 01:28:05', '2017-05-25 01:28:05'),
(41, 12, 'Activación', '2017-05-30 22:42:50', '2017-05-30 22:42:50'),
(42, 12, 'Elaboración', '2017-05-30 22:42:50', '2017-05-30 22:42:50'),
(43, 12, 'Consolidación', '2017-05-30 22:42:50', '2017-05-30 22:42:50'),
(44, 12, 'Reflexión', '2017-05-30 22:42:50', '2017-05-30 22:42:50'),
(45, 13, 'Activación', '2017-05-30 22:50:33', '2017-05-30 22:50:33'),
(46, 13, 'Elaboración', '2017-05-30 22:50:33', '2017-05-30 22:50:33'),
(47, 13, 'Consolidación', '2017-05-30 22:50:33', '2017-05-30 22:50:33'),
(48, 13, 'Reflexión', '2017-05-30 22:50:33', '2017-05-30 22:50:33'),
(49, 14, 'Tarea inicial', '2017-07-06 18:59:48', '2017-07-06 18:59:48'),
(50, 14, 'Planificación de la noticia', '2017-07-06 19:10:05', '2017-07-06 19:10:05'),
(51, 14, 'Consolidación', '2017-07-06 18:58:54', '2017-07-06 18:58:54'),
(52, 14, 'Reflexión', '2017-07-06 18:58:54', '2017-07-06 18:58:54'),
(53, 15, 'Activación', '2020-09-22 02:49:41', '2020-09-22 02:49:41'),
(54, 15, 'Elaboración', '2020-09-22 02:49:41', '2020-09-22 02:49:41'),
(55, 15, 'Consolidación', '2020-09-22 02:49:41', '2020-09-22 02:49:41'),
(56, 15, 'Reflexión', '2020-09-22 02:49:41', '2020-09-22 02:49:41'),
(57, 16, 'Activación', '2020-09-22 06:46:35', '2020-09-22 06:46:35'),
(58, 16, 'Elaboración', '2020-09-22 06:46:35', '2020-09-22 06:46:35'),
(59, 16, 'Consolidación', '2020-09-22 06:46:35', '2020-09-22 06:46:35'),
(60, 16, 'Reflexión', '2020-09-22 06:46:35', '2020-09-22 06:46:35'),
(61, 17, 'Activación', '2020-09-22 06:48:16', '2020-09-22 06:48:16'),
(62, 17, 'Elaboración', '2020-09-22 06:48:16', '2020-09-22 06:48:16'),
(63, 17, 'Consolidación', '2020-09-22 06:48:16', '2020-09-22 06:48:16'),
(64, 17, 'Reflexión', '2020-09-22 06:48:16', '2020-09-22 06:48:16'),
(65, 18, 'Activación', '2020-09-22 23:37:29', '2020-09-22 23:37:29'),
(66, 18, 'Elaboración', '2020-09-22 23:37:29', '2020-09-22 23:37:29'),
(67, 18, 'Consolidación', '2020-09-22 23:37:29', '2020-09-22 23:37:29'),
(68, 18, 'Reflexión', '2020-09-22 23:37:29', '2020-09-22 23:37:29'),
(69, 19, 'Activación', '2020-09-22 23:48:08', '2020-09-22 23:48:08'),
(70, 19, 'Elaboración', '2020-09-22 23:48:08', '2020-09-22 23:48:08'),
(71, 19, 'Consolidación', '2020-09-22 23:48:08', '2020-09-22 23:48:08'),
(72, 19, 'Reflexión', '2020-09-22 23:48:08', '2020-09-22 23:48:08'),
(73, 20, 'Activación', '2020-09-23 00:06:23', '2020-09-23 00:06:23'),
(74, 20, 'Elaboración', '2020-09-23 00:06:23', '2020-09-23 00:06:23'),
(75, 20, 'Consolidación', '2020-09-23 00:06:23', '2020-09-23 00:06:23'),
(76, 20, 'Reflexión', '2020-09-23 00:06:23', '2020-09-23 00:06:23'),
(77, 21, 'Activación', '2020-09-23 00:13:43', '2020-09-23 00:13:43'),
(78, 21, 'Elaboración', '2020-09-23 00:13:44', '2020-09-23 00:13:44'),
(79, 21, 'Consolidación', '2020-09-23 00:13:44', '2020-09-23 00:13:44'),
(80, 21, 'Reflexión', '2020-09-23 00:13:44', '2020-09-23 00:13:44'),
(81, 22, 'Activación', '2020-09-23 00:15:28', '2020-09-23 00:15:28'),
(82, 22, 'Elaboración', '2020-09-23 00:15:28', '2020-09-23 00:15:28'),
(83, 22, 'Consolidación', '2020-09-23 00:15:28', '2020-09-23 00:15:28'),
(84, 22, 'Reflexión', '2020-09-23 00:15:28', '2020-09-23 00:15:28'),
(85, 23, 'Activación', '2020-09-23 00:16:24', '2020-09-23 00:16:24'),
(86, 23, 'Elaboración', '2020-09-23 00:16:24', '2020-09-23 00:16:24'),
(87, 23, 'Consolidación', '2020-09-23 00:16:24', '2020-09-23 00:16:24'),
(88, 23, 'Reflexión', '2020-09-23 00:16:24', '2020-09-23 00:16:24'),
(89, 24, 'Activación', '2020-09-23 00:50:15', '2020-09-23 00:50:15'),
(90, 24, 'Elaboración', '2020-09-23 00:50:15', '2020-09-23 00:50:15'),
(91, 24, 'Consolidación', '2020-09-23 00:50:15', '2020-09-23 00:50:15'),
(92, 24, 'Reflexión', '2020-09-23 00:50:15', '2020-09-23 00:50:15'),
(93, 25, 'Activación', '2020-09-23 01:16:14', '2020-09-23 01:16:14'),
(94, 25, 'Elaboración', '2020-09-23 01:16:14', '2020-09-23 01:16:14'),
(95, 25, 'Consolidación', '2020-09-23 01:16:14', '2020-09-23 01:16:14'),
(96, 25, 'Reflexión', '2020-09-23 01:16:14', '2020-09-23 01:16:14'),
(97, 26, 'Activación', '2020-09-23 01:50:33', '2020-09-23 01:50:33'),
(98, 26, 'Elaboración', '2020-09-23 01:50:33', '2020-09-23 01:50:33'),
(99, 26, 'Consolidación', '2020-09-23 01:50:33', '2020-09-23 01:50:33'),
(100, 26, 'Reflexión', '2020-09-23 01:50:33', '2020-09-23 01:50:33'),
(101, 27, 'Activación', '2020-09-23 01:52:02', '2020-09-23 01:52:02'),
(102, 27, 'Elaboración', '2020-09-23 01:52:02', '2020-09-23 01:52:02'),
(103, 27, 'Consolidación', '2020-09-23 01:52:02', '2020-09-23 01:52:02'),
(104, 27, 'Reflexión', '2020-09-23 01:52:02', '2020-09-23 01:52:02'),
(105, 28, 'Activación', '2020-09-23 01:55:05', '2020-09-23 01:55:05'),
(106, 28, 'Elaboración', '2020-09-23 01:55:05', '2020-09-23 01:55:05'),
(107, 28, 'Consolidación', '2020-09-23 01:55:05', '2020-09-23 01:55:05'),
(108, 28, 'Reflexión', '2020-09-23 01:55:05', '2020-09-23 01:55:05'),
(109, 29, 'Activación', '2020-09-23 01:55:34', '2020-09-23 01:55:34'),
(110, 29, 'Elaboración', '2020-09-23 01:55:34', '2020-09-23 01:55:34'),
(111, 29, 'Consolidación', '2020-09-23 01:55:35', '2020-09-23 01:55:35'),
(112, 29, 'Reflexión', '2020-09-23 01:55:35', '2020-09-23 01:55:35'),
(113, 30, 'Activación', '2020-09-23 01:58:04', '2020-09-23 01:58:04'),
(114, 30, 'Elaboración', '2020-09-23 01:58:04', '2020-09-23 01:58:04'),
(115, 30, 'Consolidación', '2020-09-23 01:58:04', '2020-09-23 01:58:04'),
(116, 30, 'Reflexión', '2020-09-23 01:58:04', '2020-09-23 01:58:04'),
(117, 31, 'Activación', '2020-09-23 02:08:14', '2020-09-23 02:08:14'),
(118, 31, 'Elaboración', '2020-09-23 02:08:14', '2020-09-23 02:08:14'),
(119, 31, 'Consolidación', '2020-09-23 02:08:14', '2020-09-23 02:08:14'),
(120, 31, 'Reflexión', '2020-09-23 02:08:14', '2020-09-23 02:08:14'),
(121, 32, 'Activación', '2020-09-23 02:18:53', '2020-09-23 02:18:53'),
(122, 32, 'Elaboración', '2020-09-23 02:18:53', '2020-09-23 02:18:53'),
(123, 32, 'Consolidación', '2020-09-23 02:18:53', '2020-09-23 02:18:53'),
(124, 32, 'Reflexión', '2020-09-23 02:18:53', '2020-09-23 02:18:53'),
(125, 33, 'Activación', '2020-09-23 04:25:00', '2020-09-23 04:25:00'),
(126, 33, 'Elaboración', '2020-09-23 04:25:00', '2020-09-23 04:25:00'),
(127, 33, 'Consolidación', '2020-09-23 04:25:00', '2020-09-23 04:25:00'),
(128, 33, 'Reflexión', '2020-09-23 04:25:00', '2020-09-23 04:25:00'),
(129, 38, 'Activación', '2020-09-23 05:10:02', '2020-09-23 05:10:02'),
(130, 38, 'Elaboración', '2020-09-23 05:10:02', '2020-09-23 05:10:02'),
(131, 38, 'Consolidación', '2020-09-23 05:10:02', '2020-09-23 05:10:02'),
(132, 38, 'Reflexión', '2020-09-23 05:10:02', '2020-09-23 05:10:02'),
(133, 39, 'Activación', '2020-09-23 05:10:08', '2020-09-23 05:10:08'),
(134, 39, 'Elaboración', '2020-09-23 05:10:08', '2020-09-23 05:10:08'),
(135, 39, 'Consolidación', '2020-09-23 05:10:08', '2020-09-23 05:10:08'),
(136, 39, 'Reflexión', '2020-09-23 05:10:08', '2020-09-23 05:10:08'),
(137, 40, 'Activación', '2020-09-23 05:29:50', '2020-09-23 05:29:50'),
(138, 40, 'Elaboración', '2020-09-23 05:29:50', '2020-09-23 05:29:50'),
(139, 40, 'Consolidación', '2020-09-23 05:29:50', '2020-09-23 05:29:50'),
(140, 40, 'Reflexión', '2020-09-23 05:29:50', '2020-09-23 05:29:50'),
(141, 41, 'Activación', '2020-09-23 05:45:49', '2020-09-23 05:45:49'),
(142, 41, 'Elaboración', '2020-09-23 05:45:49', '2020-09-23 05:45:49'),
(143, 41, 'Consolidación', '2020-09-23 05:45:49', '2020-09-23 05:45:49'),
(144, 41, 'Reflexión', '2020-09-23 05:45:49', '2020-09-23 05:45:49'),
(145, 42, 'Activación', '2020-09-23 05:47:30', '2020-09-23 05:47:30'),
(146, 42, 'Elaboración', '2020-09-23 05:47:30', '2020-09-23 05:47:30'),
(147, 42, 'Consolidación', '2020-09-23 05:47:30', '2020-09-23 05:47:30'),
(148, 42, 'Reflexión', '2020-09-23 05:47:31', '2020-09-23 05:47:31'),
(149, 43, 'Activación', '2020-09-23 05:51:04', '2020-09-23 05:51:04'),
(150, 43, 'Elaboración', '2020-09-23 05:51:04', '2020-09-23 05:51:04'),
(151, 43, 'Consolidación', '2020-09-23 05:51:04', '2020-09-23 05:51:04'),
(152, 43, 'Reflexión', '2020-09-23 05:51:04', '2020-09-23 05:51:04'),
(153, 44, 'Activación', '2020-09-23 05:53:59', '2020-09-23 05:53:59'),
(154, 44, 'Elaboración', '2020-09-23 05:53:59', '2020-09-23 05:53:59'),
(155, 44, 'Consolidación', '2020-09-23 05:53:59', '2020-09-23 05:53:59'),
(156, 44, 'Reflexión', '2020-09-23 05:53:59', '2020-09-23 05:53:59'),
(157, 45, 'Activación', '2020-09-23 06:09:36', '2020-09-23 06:09:36'),
(158, 45, 'Elaboración', '2020-09-23 06:09:36', '2020-09-23 06:09:36'),
(159, 45, 'Consolidación', '2020-09-23 06:09:36', '2020-09-23 06:09:36'),
(160, 45, 'Reflexión', '2020-09-23 06:09:36', '2020-09-23 06:09:36'),
(161, 46, 'Activación', '2020-09-23 06:15:28', '2020-09-23 06:15:28'),
(162, 46, 'Elaboración', '2020-09-23 06:15:28', '2020-09-23 06:15:28'),
(163, 46, 'Consolidación', '2020-09-23 06:15:28', '2020-09-23 06:15:28'),
(164, 46, 'Reflexión', '2020-09-23 06:15:28', '2020-09-23 06:15:28'),
(165, 47, 'Activación', '2020-09-23 06:53:20', '2020-09-23 06:53:20'),
(166, 47, 'Elaboración', '2020-09-23 06:53:21', '2020-09-23 06:53:21'),
(167, 47, 'Consolidación', '2020-09-23 06:53:21', '2020-09-23 06:53:21'),
(168, 47, 'Reflexión', '2020-09-23 06:53:21', '2020-09-23 06:53:21'),
(169, 48, 'Activación', '2020-09-23 07:06:11', '2020-09-23 07:06:11'),
(170, 48, 'Elaboración', '2020-09-23 07:06:11', '2020-09-23 07:06:11'),
(171, 48, 'Consolidación', '2020-09-23 07:06:11', '2020-09-23 07:06:11'),
(172, 48, 'Reflexión', '2020-09-23 07:06:11', '2020-09-23 07:06:11'),
(173, 49, 'Activación', '2020-09-23 07:29:51', '2020-09-23 07:29:51'),
(174, 49, 'Elaboración', '2020-09-23 07:29:51', '2020-09-23 07:29:51'),
(175, 49, 'Consolidación', '2020-09-23 07:29:51', '2020-09-23 07:29:51'),
(176, 49, 'Reflexión', '2020-09-23 07:29:51', '2020-09-23 07:29:51'),
(177, 50, 'Activación', '2020-09-23 07:31:56', '2020-09-23 07:31:56'),
(178, 50, 'Elaboración', '2020-09-23 07:31:56', '2020-09-23 07:31:56'),
(179, 50, 'Consolidación', '2020-09-23 07:31:56', '2020-09-23 07:31:56'),
(180, 50, 'Reflexión', '2020-09-23 07:31:56', '2020-09-23 07:31:56'),
(181, 51, 'Activación', '2020-09-23 07:59:23', '2020-09-23 07:59:23'),
(182, 51, 'Elaboración', '2020-09-23 07:59:23', '2020-09-23 07:59:23'),
(183, 51, 'Consolidación', '2020-09-23 07:59:23', '2020-09-23 07:59:23'),
(184, 51, 'Reflexión', '2020-09-23 07:59:23', '2020-09-23 07:59:23'),
(185, 52, 'Activación', '2020-09-23 08:00:08', '2020-09-23 08:00:08'),
(186, 52, 'Elaboración', '2020-09-23 08:00:08', '2020-09-23 08:00:08'),
(187, 52, 'Consolidación', '2020-09-23 08:00:08', '2020-09-23 08:00:08'),
(188, 52, 'Reflexión', '2020-09-23 08:00:08', '2020-09-23 08:00:08'),
(189, 53, 'Activación', '2020-09-23 08:04:41', '2020-09-23 08:04:41'),
(190, 53, 'Elaboración', '2020-09-23 08:04:41', '2020-09-23 08:04:41'),
(191, 53, 'Consolidación', '2020-09-23 08:04:41', '2020-09-23 08:04:41'),
(192, 53, 'Reflexión', '2020-09-23 08:04:41', '2020-09-23 08:04:41'),
(193, 54, 'Activación', '2020-09-23 08:05:56', '2020-09-23 08:05:56'),
(194, 54, 'Elaboración', '2020-09-23 08:05:56', '2020-09-23 08:05:56'),
(195, 54, 'Consolidación', '2020-09-23 08:05:56', '2020-09-23 08:05:56'),
(196, 54, 'Reflexión', '2020-09-23 08:05:56', '2020-09-23 08:05:56'),
(197, 55, 'Activación', '2020-09-23 08:06:19', '2020-09-23 08:06:19'),
(198, 55, 'Elaboración', '2020-09-23 08:06:19', '2020-09-23 08:06:19'),
(199, 55, 'Consolidación', '2020-09-23 08:06:19', '2020-09-23 08:06:19'),
(200, 55, 'Reflexión', '2020-09-23 08:06:19', '2020-09-23 08:06:19'),
(201, 56, 'Activación', '2020-09-23 08:11:29', '2020-09-23 08:11:29'),
(202, 56, 'Elaboración', '2020-09-23 08:11:29', '2020-09-23 08:11:29'),
(203, 56, 'Consolidación', '2020-09-23 08:11:29', '2020-09-23 08:11:29'),
(204, 56, 'Reflexión', '2020-09-23 08:11:29', '2020-09-23 08:11:29'),
(205, 57, 'Activación', '2020-09-23 08:14:58', '2020-09-23 08:14:58'),
(206, 57, 'Elaboración', '2020-09-23 08:14:58', '2020-09-23 08:14:58'),
(207, 57, 'Consolidación', '2020-09-23 08:14:58', '2020-09-23 08:14:58'),
(208, 57, 'Reflexión', '2020-09-23 08:14:58', '2020-09-23 08:14:58'),
(209, 58, 'Activación', '2020-09-23 08:16:02', '2020-09-23 08:16:02'),
(210, 58, 'Elaboración', '2020-09-23 08:16:02', '2020-09-23 08:16:02'),
(211, 58, 'Consolidación', '2020-09-23 08:16:02', '2020-09-23 08:16:02'),
(212, 58, 'Reflexión', '2020-09-23 08:16:02', '2020-09-23 08:16:02'),
(213, 59, 'Activación', '2020-09-23 08:16:43', '2020-09-23 08:16:43'),
(214, 59, 'Elaboración', '2020-09-23 08:16:43', '2020-09-23 08:16:43'),
(215, 59, 'Consolidación', '2020-09-23 08:16:43', '2020-09-23 08:16:43'),
(216, 59, 'Reflexión', '2020-09-23 08:16:43', '2020-09-23 08:16:43'),
(217, 60, 'Activación', '2020-09-23 20:13:37', '2020-09-23 20:13:37'),
(218, 60, 'Elaboración', '2020-09-23 20:13:37', '2020-09-23 20:13:37'),
(219, 60, 'Consolidación', '2020-09-23 20:13:37', '2020-09-23 20:13:37'),
(220, 60, 'Reflexión', '2020-09-23 20:13:37', '2020-09-23 20:13:37'),
(221, 61, 'Activación', '2020-09-24 04:39:43', '2020-09-24 04:39:43'),
(222, 61, 'Elaboración', '2020-09-24 04:39:43', '2020-09-24 04:39:43'),
(223, 61, 'Consolidación', '2020-09-24 04:39:43', '2020-09-24 04:39:43'),
(224, 61, 'Reflexión', '2020-09-24 04:39:43', '2020-09-24 04:39:43'),
(225, 62, 'Activación', '2020-09-24 05:28:02', '2020-09-24 05:28:02'),
(226, 62, 'Elaboración', '2020-09-24 05:28:02', '2020-09-24 05:28:02'),
(227, 62, 'Consolidación', '2020-09-24 05:28:02', '2020-09-24 05:28:02'),
(228, 62, 'Reflexión', '2020-09-24 05:28:02', '2020-09-24 05:28:02'),
(229, 63, 'Activación', '2020-09-24 10:13:20', '2020-09-24 10:13:20'),
(230, 63, 'Elaboración', '2020-09-24 10:13:20', '2020-09-24 10:13:20'),
(231, 63, 'Consolidación', '2020-09-24 10:13:20', '2020-09-24 10:13:20'),
(232, 63, 'Reflexión', '2020-09-24 10:13:20', '2020-09-24 10:13:20'),
(233, 64, 'Activación', '2020-09-24 10:13:36', '2020-09-24 10:13:36'),
(234, 64, 'Elaboración', '2020-09-24 10:13:36', '2020-09-24 10:13:36'),
(235, 64, 'Consolidación', '2020-09-24 10:13:36', '2020-09-24 10:13:36'),
(236, 64, 'Reflexión', '2020-09-24 10:13:36', '2020-09-24 10:13:36'),
(237, 65, 'Activación', '2020-09-24 10:14:02', '2020-09-24 10:14:02'),
(238, 65, 'Elaboración', '2020-09-24 10:14:02', '2020-09-24 10:14:02'),
(239, 65, 'Consolidación', '2020-09-24 10:14:02', '2020-09-24 10:14:02'),
(240, 65, 'Reflexión', '2020-09-24 10:14:02', '2020-09-24 10:14:02'),
(241, 66, 'Activación', '2020-09-24 16:03:57', '2020-09-24 16:03:57'),
(242, 66, 'Elaboración', '2020-09-24 16:03:57', '2020-09-24 16:03:57'),
(243, 66, 'Consolidación', '2020-09-24 16:03:57', '2020-09-24 16:03:57'),
(244, 66, 'Reflexión', '2020-09-24 16:03:57', '2020-09-24 16:03:57'),
(245, 67, 'Activación', '2020-09-24 16:05:00', '2020-09-24 16:05:00'),
(246, 67, 'Elaboración', '2020-09-24 16:05:00', '2020-09-24 16:05:00'),
(247, 67, 'Consolidación', '2020-09-24 16:05:00', '2020-09-24 16:05:00'),
(248, 67, 'Reflexión', '2020-09-24 16:05:00', '2020-09-24 16:05:00'),
(249, 68, 'Activación', '2020-09-29 19:32:11', '2020-09-29 19:32:11'),
(250, 68, 'Elaboración', '2020-09-29 19:32:11', '2020-09-29 19:32:11'),
(251, 68, 'Consolidación', '2020-09-29 19:32:11', '2020-09-29 19:32:11'),
(252, 68, 'Reflexión', '2020-09-29 19:32:11', '2020-09-29 19:32:11'),
(253, 78, 'Activación', '2020-09-30 01:38:02', '2020-09-30 01:38:02'),
(254, 78, 'Elaboración', '2020-09-30 01:38:02', '2020-09-30 01:38:02'),
(255, 78, 'Consolidación', '2020-09-30 01:38:02', '2020-09-30 01:38:02'),
(256, 78, 'Reflexión', '2020-09-30 01:38:02', '2020-09-30 01:38:02'),
(257, 79, 'Activación', '2020-09-30 01:39:06', '2020-09-30 01:39:06'),
(258, 79, 'Elaboración', '2020-09-30 01:39:06', '2020-09-30 01:39:06'),
(259, 79, 'Consolidación', '2020-09-30 01:39:06', '2020-09-30 01:39:06'),
(260, 79, 'Reflexión', '2020-09-30 01:39:06', '2020-09-30 01:39:06'),
(261, 80, 'Activación', '2020-09-30 06:01:52', '2020-09-30 06:01:52'),
(262, 80, 'Elaboración', '2020-09-30 06:01:52', '2020-09-30 06:01:52'),
(263, 80, 'Consolidación', '2020-09-30 06:01:53', '2020-09-30 06:01:53'),
(264, 80, 'Reflexión', '2020-09-30 06:01:53', '2020-09-30 06:01:53'),
(265, 81, 'Activación', '2020-09-30 08:14:15', '2020-09-30 08:14:15'),
(266, 81, 'Elaboración', '2020-09-30 08:14:15', '2020-09-30 08:14:15'),
(267, 81, 'Consolidación', '2020-09-30 08:14:15', '2020-09-30 08:14:15'),
(268, 81, 'Reflexión', '2020-09-30 08:14:15', '2020-09-30 08:14:15'),
(269, 82, 'Activación', '2020-09-30 08:24:51', '2020-09-30 08:24:51'),
(270, 82, 'Elaboración', '2020-09-30 08:24:51', '2020-09-30 08:24:51'),
(271, 82, 'Consolidación', '2020-09-30 08:24:51', '2020-09-30 08:24:51'),
(272, 82, 'Reflexión', '2020-09-30 08:24:51', '2020-09-30 08:24:51'),
(273, 83, 'Activación', '2020-09-30 08:45:46', '2020-09-30 08:45:46'),
(274, 83, 'Elaboración', '2020-09-30 08:45:46', '2020-09-30 08:45:46'),
(275, 83, 'Consolidación', '2020-09-30 08:45:46', '2020-09-30 08:45:46'),
(276, 83, 'Reflexión', '2020-09-30 08:45:46', '2020-09-30 08:45:46'),
(277, 84, 'Activación', '2020-09-30 08:48:12', '2020-09-30 08:48:12'),
(278, 84, 'Elaboración', '2020-09-30 08:48:12', '2020-09-30 08:48:12'),
(279, 84, 'Consolidación', '2020-09-30 08:48:12', '2020-09-30 08:48:12'),
(280, 84, 'Reflexión', '2020-09-30 08:48:12', '2020-09-30 08:48:12'),
(281, 85, 'Activación', '2020-09-30 19:33:54', '2020-09-30 19:33:54'),
(282, 85, 'Elaboración', '2020-09-30 19:33:54', '2020-09-30 19:33:54'),
(283, 85, 'Consolidación', '2020-09-30 19:33:54', '2020-09-30 19:33:54'),
(284, 85, 'Reflexión', '2020-09-30 19:33:54', '2020-09-30 19:33:54'),
(285, 86, 'Activación', '2020-09-30 19:55:21', '2020-09-30 19:55:21'),
(286, 86, 'Elaboración', '2020-09-30 19:55:21', '2020-09-30 19:55:21'),
(287, 86, 'Consolidación', '2020-09-30 19:55:21', '2020-09-30 19:55:21'),
(288, 86, 'Reflexión', '2020-09-30 19:55:21', '2020-09-30 19:55:21'),
(289, 87, 'Activación', '2020-09-30 19:56:11', '2020-09-30 19:56:11'),
(290, 87, 'Elaboración', '2020-09-30 19:56:11', '2020-09-30 19:56:11'),
(291, 87, 'Consolidación', '2020-09-30 19:56:11', '2020-09-30 19:56:11'),
(292, 87, 'Reflexión', '2020-09-30 19:56:11', '2020-09-30 19:56:11'),
(293, 88, 'Activación', '2020-10-01 01:31:49', '2020-10-01 01:31:49'),
(294, 88, 'Elaboración', '2020-10-01 01:31:49', '2020-10-01 01:31:49'),
(295, 88, 'Consolidación', '2020-10-01 01:31:49', '2020-10-01 01:31:49'),
(296, 88, 'Reflexión', '2020-10-01 01:31:49', '2020-10-01 01:31:49'),
(297, 89, 'Activación', '2020-10-01 01:33:06', '2020-10-01 01:33:06'),
(298, 89, 'Elaboración', '2020-10-01 01:33:06', '2020-10-01 01:33:06'),
(299, 89, 'Consolidación', '2020-10-01 01:33:06', '2020-10-01 01:33:06'),
(300, 89, 'Reflexión', '2020-10-01 01:33:06', '2020-10-01 01:33:06'),
(301, 90, 'Activación', '2020-10-01 01:35:02', '2020-10-01 01:35:02'),
(302, 90, 'Elaboración', '2020-10-01 01:35:02', '2020-10-01 01:35:02'),
(303, 90, 'Consolidación', '2020-10-01 01:35:02', '2020-10-01 01:35:02'),
(304, 90, 'Reflexión', '2020-10-01 01:35:02', '2020-10-01 01:35:02'),
(305, 101, 'Activación', '2020-10-01 03:15:53', '2020-10-01 03:15:53'),
(306, 101, 'Elaboración', '2020-10-01 03:15:53', '2020-10-01 03:15:53'),
(307, 101, 'Consolidación', '2020-10-01 03:15:53', '2020-10-01 03:15:53'),
(308, 101, 'Reflexión', '2020-10-01 03:15:53', '2020-10-01 03:15:53'),
(309, 102, 'Activación', '2020-10-01 03:18:26', '2020-10-01 03:18:26'),
(310, 102, 'Elaboración', '2020-10-01 03:18:26', '2020-10-01 03:18:26'),
(311, 102, 'Consolidación', '2020-10-01 03:18:26', '2020-10-01 03:18:26'),
(312, 102, 'Reflexión', '2020-10-01 03:18:26', '2020-10-01 03:18:26'),
(313, 105, 'Activación', '2020-10-01 05:54:14', '2020-10-01 05:54:14'),
(314, 105, 'Elaboración', '2020-10-01 05:54:14', '2020-10-01 05:54:14'),
(315, 105, 'Consolidación', '2020-10-01 05:54:14', '2020-10-01 05:54:14'),
(316, 105, 'Reflexión', '2020-10-01 05:54:14', '2020-10-01 05:54:14'),
(317, 106, 'Activación', '2020-10-01 06:22:25', '2020-10-01 06:22:25'),
(318, 106, 'Elaboración', '2020-10-01 06:22:25', '2020-10-01 06:22:25'),
(319, 106, 'Consolidación', '2020-10-01 06:22:25', '2020-10-01 06:22:25'),
(320, 106, 'Reflexión', '2020-10-01 06:22:25', '2020-10-01 06:22:25'),
(321, 117, 'Activación', '2020-10-01 09:53:07', '2020-10-01 09:53:07'),
(322, 117, 'Elaboración', '2020-10-01 09:53:07', '2020-10-01 09:53:07'),
(323, 117, 'Consolidación', '2020-10-01 09:53:07', '2020-10-01 09:53:07'),
(324, 117, 'Reflexión', '2020-10-01 09:53:08', '2020-10-01 09:53:08'),
(325, 120, 'Activación', '2020-10-01 09:57:51', '2020-10-01 09:57:51'),
(326, 120, 'Elaboración', '2020-10-01 09:57:51', '2020-10-01 09:57:51'),
(327, 120, 'Consolidación', '2020-10-01 09:57:51', '2020-10-01 09:57:51'),
(328, 120, 'Reflexión', '2020-10-01 09:57:51', '2020-10-01 09:57:51'),
(329, 122, 'Activación', '2020-10-01 10:09:13', '2020-10-01 10:09:13'),
(330, 122, 'Elaboración', '2020-10-01 10:09:13', '2020-10-01 10:09:13'),
(331, 122, 'Consolidación', '2020-10-01 10:09:13', '2020-10-01 10:09:13'),
(332, 122, 'Reflexión', '2020-10-01 10:09:13', '2020-10-01 10:09:13'),
(333, 123, 'Activación', '2020-10-01 10:09:37', '2020-10-01 10:09:37'),
(334, 123, 'Elaboración', '2020-10-01 10:09:37', '2020-10-01 10:09:37'),
(335, 123, 'Consolidación', '2020-10-01 10:09:37', '2020-10-01 10:09:37'),
(336, 123, 'Reflexión', '2020-10-01 10:09:37', '2020-10-01 10:09:37'),
(337, 125, 'Activación', '2020-10-01 10:10:45', '2020-10-01 10:10:45'),
(338, 125, 'Elaboración', '2020-10-01 10:10:45', '2020-10-01 10:10:45'),
(339, 125, 'Consolidación', '2020-10-01 10:10:45', '2020-10-01 10:10:45'),
(340, 125, 'Reflexión', '2020-10-01 10:10:45', '2020-10-01 10:10:45'),
(341, 126, 'Activación', '2020-10-01 10:11:56', '2020-10-01 10:11:56'),
(342, 126, 'Elaboración', '2020-10-01 10:11:56', '2020-10-01 10:11:56'),
(343, 126, 'Consolidación', '2020-10-01 10:11:56', '2020-10-01 10:11:56'),
(344, 126, 'Reflexión', '2020-10-01 10:11:56', '2020-10-01 10:11:56'),
(345, 127, 'Activación', '2020-10-01 10:12:36', '2020-10-01 10:12:36'),
(346, 127, 'Elaboración', '2020-10-01 10:12:36', '2020-10-01 10:12:36'),
(347, 127, 'Consolidación', '2020-10-01 10:12:36', '2020-10-01 10:12:36'),
(348, 127, 'Reflexión', '2020-10-01 10:12:36', '2020-10-01 10:12:36'),
(349, 128, 'Activación', '2020-10-01 16:31:35', '2020-10-01 16:31:35'),
(350, 128, 'Elaboración', '2020-10-01 16:31:35', '2020-10-01 16:31:35'),
(351, 128, 'Consolidación', '2020-10-01 16:31:36', '2020-10-01 16:31:36'),
(352, 128, 'Reflexión', '2020-10-01 16:31:36', '2020-10-01 16:31:36'),
(353, 130, 'Activación', '2020-10-06 05:24:06', '2020-10-06 05:24:06'),
(354, 130, 'Elaboración', '2020-10-06 05:24:06', '2020-10-06 05:24:06'),
(355, 130, 'Consolidación', '2020-10-06 05:24:06', '2020-10-06 05:24:06'),
(356, 130, 'Reflexión', '2020-10-06 05:24:06', '2020-10-06 05:24:06'),
(357, 131, 'Activación', '2020-10-06 06:41:52', '2020-10-06 06:41:52'),
(358, 131, 'Elaboración', '2020-10-06 06:41:52', '2020-10-06 06:41:52'),
(359, 131, 'Consolidación', '2020-10-06 06:41:52', '2020-10-06 06:41:52'),
(360, 131, 'Reflexión', '2020-10-06 06:41:52', '2020-10-06 06:41:52'),
(361, 132, 'Activación', '2020-10-06 06:43:47', '2020-10-06 06:43:47'),
(362, 132, 'Elaboración', '2020-10-06 06:43:47', '2020-10-06 06:43:47'),
(363, 132, 'Consolidación', '2020-10-06 06:43:47', '2020-10-06 06:43:47'),
(364, 132, 'Reflexión', '2020-10-06 06:43:47', '2020-10-06 06:43:47'),
(365, 133, 'Activación', '2020-10-06 06:46:07', '2020-10-06 06:46:07'),
(366, 133, 'Elaboración', '2020-10-06 06:46:07', '2020-10-06 06:46:07'),
(367, 133, 'Consolidación', '2020-10-06 06:46:07', '2020-10-06 06:46:07'),
(368, 133, 'Reflexión', '2020-10-06 06:46:07', '2020-10-06 06:46:07'),
(369, 134, 'Activación', '2020-10-06 06:48:42', '2020-10-06 06:48:42'),
(370, 134, 'Elaboración', '2020-10-06 06:48:42', '2020-10-06 06:48:42'),
(371, 134, 'Consolidación', '2020-10-06 06:48:42', '2020-10-06 06:48:42'),
(372, 134, 'Reflexión', '2020-10-06 06:48:42', '2020-10-06 06:48:42'),
(373, 135, 'Activación', '2020-10-06 06:52:27', '2020-10-06 06:52:27'),
(374, 135, 'Elaboración', '2020-10-06 06:52:27', '2020-10-06 06:52:27'),
(375, 135, 'Consolidación', '2020-10-06 06:52:27', '2020-10-06 06:52:27'),
(376, 135, 'Reflexión', '2020-10-06 06:52:27', '2020-10-06 06:52:27'),
(377, 136, 'Activación', '2020-10-06 06:54:02', '2020-10-06 06:54:02'),
(378, 136, 'Elaboración', '2020-10-06 06:54:02', '2020-10-06 06:54:02'),
(379, 136, 'Consolidación', '2020-10-06 06:54:02', '2020-10-06 06:54:02'),
(380, 136, 'Reflexión', '2020-10-06 06:54:02', '2020-10-06 06:54:02'),
(381, 137, 'Activación', '2020-10-06 06:59:10', '2020-10-06 06:59:10'),
(382, 137, 'Elaboración', '2020-10-06 06:59:10', '2020-10-06 06:59:10'),
(383, 137, 'Consolidación', '2020-10-06 06:59:10', '2020-10-06 06:59:10'),
(384, 137, 'Reflexión', '2020-10-06 06:59:10', '2020-10-06 06:59:10'),
(385, 138, 'Activación', '2020-10-06 07:01:31', '2020-10-06 07:01:31'),
(386, 138, 'Elaboración', '2020-10-06 07:01:31', '2020-10-06 07:01:31'),
(387, 138, 'Consolidación', '2020-10-06 07:01:31', '2020-10-06 07:01:31'),
(388, 138, 'Reflexión', '2020-10-06 07:01:31', '2020-10-06 07:01:31'),
(389, 139, 'Activación', '2020-10-06 07:03:17', '2020-10-06 07:03:17'),
(390, 139, 'Elaboración', '2020-10-06 07:03:17', '2020-10-06 07:03:17'),
(391, 139, 'Consolidación', '2020-10-06 07:03:18', '2020-10-06 07:03:18'),
(392, 139, 'Reflexión', '2020-10-06 07:03:18', '2020-10-06 07:03:18'),
(393, 140, 'Activación', '2020-10-06 07:08:52', '2020-10-06 07:08:52'),
(394, 140, 'Elaboración', '2020-10-06 07:08:52', '2020-10-06 07:08:52'),
(395, 140, 'Consolidación', '2020-10-06 07:08:52', '2020-10-06 07:08:52'),
(396, 140, 'Reflexión', '2020-10-06 07:08:52', '2020-10-06 07:08:52'),
(397, 141, 'Activación', '2020-10-06 07:15:34', '2020-10-06 07:15:34'),
(398, 141, 'Elaboración', '2020-10-06 07:15:34', '2020-10-06 07:15:34'),
(399, 141, 'Consolidación', '2020-10-06 07:15:34', '2020-10-06 07:15:34'),
(400, 141, 'Reflexión', '2020-10-06 07:15:34', '2020-10-06 07:15:34'),
(401, 142, 'Activación', '2020-10-06 07:17:52', '2020-10-06 07:17:52'),
(402, 142, 'Elaboración', '2020-10-06 07:17:52', '2020-10-06 07:17:52'),
(403, 142, 'Consolidación', '2020-10-06 07:17:52', '2020-10-06 07:17:52'),
(404, 142, 'Reflexión', '2020-10-06 07:17:52', '2020-10-06 07:17:52'),
(405, 143, 'Activación', '2020-10-06 07:26:12', '2020-10-06 07:26:12'),
(406, 143, 'Elaboración', '2020-10-06 07:26:12', '2020-10-06 07:26:12'),
(407, 143, 'Consolidación', '2020-10-06 07:26:12', '2020-10-06 07:26:12'),
(408, 143, 'Reflexión', '2020-10-06 07:26:12', '2020-10-06 07:26:12'),
(409, 144, 'Activación', '2020-10-06 07:31:30', '2020-10-06 07:31:30'),
(410, 144, 'Elaboración', '2020-10-06 07:31:30', '2020-10-06 07:31:30'),
(411, 144, 'Consolidación', '2020-10-06 07:31:30', '2020-10-06 07:31:30'),
(412, 144, 'Reflexión', '2020-10-06 07:31:31', '2020-10-06 07:31:31'),
(413, 145, 'Activación', '2020-10-06 07:34:14', '2020-10-06 07:34:14'),
(414, 145, 'Elaboración', '2020-10-06 07:34:14', '2020-10-06 07:34:14'),
(415, 145, 'Consolidación', '2020-10-06 07:34:14', '2020-10-06 07:34:14'),
(416, 145, 'Reflexión', '2020-10-06 07:34:14', '2020-10-06 07:34:14'),
(417, 146, 'Activación', '2020-10-06 07:44:47', '2020-10-06 07:44:47'),
(418, 146, 'Elaboración', '2020-10-06 07:44:47', '2020-10-06 07:44:47'),
(419, 146, 'Consolidación', '2020-10-06 07:44:47', '2020-10-06 07:44:47'),
(420, 146, 'Reflexión', '2020-10-06 07:44:47', '2020-10-06 07:44:47'),
(421, 147, 'Activación', '2020-10-06 07:45:17', '2020-10-06 07:45:17'),
(422, 147, 'Elaboración', '2020-10-06 07:45:17', '2020-10-06 07:45:17'),
(423, 147, 'Consolidación', '2020-10-06 07:45:17', '2020-10-06 07:45:17'),
(424, 147, 'Reflexión', '2020-10-06 07:45:17', '2020-10-06 07:45:17'),
(425, 148, 'Activación', '2020-10-06 07:56:53', '2020-10-06 07:56:53'),
(426, 148, 'Elaboración', '2020-10-06 07:56:53', '2020-10-06 07:56:53'),
(427, 148, 'Consolidación', '2020-10-06 07:56:53', '2020-10-06 07:56:53'),
(428, 148, 'Reflexión', '2020-10-06 07:56:53', '2020-10-06 07:56:53'),
(429, 149, 'Activación', '2020-10-06 08:06:50', '2020-10-06 08:06:50'),
(430, 149, 'Elaboración', '2020-10-06 08:06:50', '2020-10-06 08:06:50'),
(431, 149, 'Consolidación', '2020-10-06 08:06:50', '2020-10-06 08:06:50'),
(432, 149, 'Reflexión', '2020-10-06 08:06:50', '2020-10-06 08:06:50'),
(433, 150, 'Activación', '2020-10-06 08:07:15', '2020-10-06 08:07:15'),
(434, 150, 'Elaboración', '2020-10-06 08:07:15', '2020-10-06 08:07:15'),
(435, 150, 'Consolidación', '2020-10-06 08:07:15', '2020-10-06 08:07:15'),
(436, 150, 'Reflexión', '2020-10-06 08:07:15', '2020-10-06 08:07:15'),
(437, 151, 'Activación', '2020-10-06 08:08:34', '2020-10-06 08:08:34'),
(438, 151, 'Elaboración', '2020-10-06 08:08:34', '2020-10-06 08:08:34'),
(439, 151, 'Consolidación', '2020-10-06 08:08:34', '2020-10-06 08:08:34'),
(440, 151, 'Reflexión', '2020-10-06 08:08:34', '2020-10-06 08:08:34'),
(441, 152, 'Activación', '2020-10-06 08:10:44', '2020-10-06 08:10:44'),
(442, 152, 'Elaboración', '2020-10-06 08:10:44', '2020-10-06 08:10:44'),
(443, 152, 'Consolidación', '2020-10-06 08:10:44', '2020-10-06 08:10:44'),
(444, 152, 'Reflexión', '2020-10-06 08:10:44', '2020-10-06 08:10:44'),
(445, 153, 'Activación', '2020-10-06 08:19:25', '2020-10-06 08:19:25'),
(446, 153, 'Elaboración', '2020-10-06 08:19:25', '2020-10-06 08:19:25'),
(447, 153, 'Consolidación', '2020-10-06 08:19:25', '2020-10-06 08:19:25'),
(448, 153, 'Reflexión', '2020-10-06 08:19:25', '2020-10-06 08:19:25'),
(449, 154, 'Activación', '2020-10-06 08:22:45', '2020-10-06 08:22:45'),
(450, 154, 'Elaboración', '2020-10-06 08:22:45', '2020-10-06 08:22:45'),
(451, 154, 'Consolidación', '2020-10-06 08:22:45', '2020-10-06 08:22:45'),
(452, 154, 'Reflexión', '2020-10-06 08:22:45', '2020-10-06 08:22:45'),
(453, 155, 'Activación', '2020-10-06 08:26:18', '2020-10-06 08:26:18'),
(454, 155, 'Elaboración', '2020-10-06 08:26:18', '2020-10-06 08:26:18'),
(455, 155, 'Consolidación', '2020-10-06 08:26:18', '2020-10-06 08:26:18'),
(456, 155, 'Reflexión', '2020-10-06 08:26:18', '2020-10-06 08:26:18'),
(457, 156, 'Activación', '2020-10-06 08:31:10', '2020-10-06 08:31:10'),
(458, 156, 'Elaboración', '2020-10-06 08:31:10', '2020-10-06 08:31:10'),
(459, 156, 'Consolidación', '2020-10-06 08:31:10', '2020-10-06 08:31:10'),
(460, 156, 'Reflexión', '2020-10-06 08:31:10', '2020-10-06 08:31:10'),
(461, 157, 'Activación', '2020-10-06 08:38:40', '2020-10-06 08:38:40'),
(462, 157, 'Elaboración', '2020-10-06 08:38:40', '2020-10-06 08:38:40'),
(463, 157, 'Consolidación', '2020-10-06 08:38:40', '2020-10-06 08:38:40'),
(464, 157, 'Reflexión', '2020-10-06 08:38:40', '2020-10-06 08:38:40'),
(465, 158, 'Activación', '2020-10-06 08:39:45', '2020-10-06 08:39:45'),
(466, 158, 'Elaboración', '2020-10-06 08:39:45', '2020-10-06 08:39:45'),
(467, 158, 'Consolidación', '2020-10-06 08:39:45', '2020-10-06 08:39:45'),
(468, 158, 'Reflexión', '2020-10-06 08:39:45', '2020-10-06 08:39:45'),
(469, 159, 'Activación', '2020-10-06 08:48:12', '2020-10-06 08:48:12'),
(470, 159, 'Elaboración', '2020-10-06 08:48:12', '2020-10-06 08:48:12'),
(471, 159, 'Consolidación', '2020-10-06 08:48:12', '2020-10-06 08:48:12'),
(472, 159, 'Reflexión', '2020-10-06 08:48:12', '2020-10-06 08:48:12'),
(473, 160, 'Activación', '2020-10-06 08:48:48', '2020-10-06 08:48:48'),
(474, 160, 'Elaboración', '2020-10-06 08:48:48', '2020-10-06 08:48:48'),
(475, 160, 'Consolidación', '2020-10-06 08:48:48', '2020-10-06 08:48:48'),
(476, 160, 'Reflexión', '2020-10-06 08:48:48', '2020-10-06 08:48:48'),
(477, 161, 'Activación', '2020-10-06 08:51:18', '2020-10-06 08:51:18'),
(478, 161, 'Elaboración', '2020-10-06 08:51:18', '2020-10-06 08:51:18'),
(479, 161, 'Consolidación', '2020-10-06 08:51:18', '2020-10-06 08:51:18'),
(480, 161, 'Reflexión', '2020-10-06 08:51:18', '2020-10-06 08:51:18'),
(481, 162, 'Activación', '2020-10-06 08:53:14', '2020-10-06 08:53:14'),
(482, 162, 'Elaboración', '2020-10-06 08:53:14', '2020-10-06 08:53:14'),
(483, 162, 'Consolidación', '2020-10-06 08:53:14', '2020-10-06 08:53:14'),
(484, 162, 'Reflexión', '2020-10-06 08:53:14', '2020-10-06 08:53:14'),
(485, 163, 'Activación', '2020-10-06 17:44:25', '2020-10-06 17:44:25'),
(486, 163, 'Elaboración', '2020-10-06 17:44:25', '2020-10-06 17:44:25'),
(487, 163, 'Consolidación', '2020-10-06 17:44:25', '2020-10-06 17:44:25'),
(488, 163, 'Reflexión', '2020-10-06 17:44:25', '2020-10-06 17:44:25'),
(489, 164, 'Activación', '2020-10-06 17:48:59', '2020-10-06 17:48:59'),
(490, 164, 'Elaboración', '2020-10-06 17:48:59', '2020-10-06 17:48:59'),
(491, 164, 'Consolidación', '2020-10-06 17:48:59', '2020-10-06 17:48:59'),
(492, 164, 'Reflexión', '2020-10-06 17:48:59', '2020-10-06 17:48:59'),
(493, 165, 'Activación', '2020-10-06 17:49:45', '2020-10-06 17:49:45'),
(494, 165, 'Elaboración', '2020-10-06 17:49:45', '2020-10-06 17:49:45'),
(495, 165, 'Consolidación', '2020-10-06 17:49:46', '2020-10-06 17:49:46'),
(496, 165, 'Reflexión', '2020-10-06 17:49:46', '2020-10-06 17:49:46'),
(497, 166, 'Activación', '2020-10-06 17:58:45', '2020-10-06 17:58:45'),
(498, 166, 'Elaboración', '2020-10-06 17:58:45', '2020-10-06 17:58:45'),
(499, 166, 'Consolidación', '2020-10-06 17:58:45', '2020-10-06 17:58:45'),
(500, 166, 'Reflexión', '2020-10-06 17:58:45', '2020-10-06 17:58:45'),
(501, 167, 'Activación', '2020-10-06 18:02:01', '2020-10-06 18:02:01'),
(502, 167, 'Elaboración', '2020-10-06 18:02:01', '2020-10-06 18:02:01'),
(503, 167, 'Consolidación', '2020-10-06 18:02:01', '2020-10-06 18:02:01'),
(504, 167, 'Reflexión', '2020-10-06 18:02:01', '2020-10-06 18:02:01'),
(505, 168, 'Activación', '2020-10-06 18:02:51', '2020-10-06 18:02:51'),
(506, 168, 'Elaboración', '2020-10-06 18:02:51', '2020-10-06 18:02:51'),
(507, 168, 'Consolidación', '2020-10-06 18:02:51', '2020-10-06 18:02:51'),
(508, 168, 'Reflexión', '2020-10-06 18:02:51', '2020-10-06 18:02:51'),
(509, 169, 'Activación', '2020-10-06 18:06:47', '2020-10-06 18:06:47'),
(510, 169, 'Elaboración', '2020-10-06 18:06:47', '2020-10-06 18:06:47'),
(511, 169, 'Consolidación', '2020-10-06 18:06:47', '2020-10-06 18:06:47'),
(512, 169, 'Reflexión', '2020-10-06 18:06:47', '2020-10-06 18:06:47'),
(513, 170, 'Activación', '2020-10-06 18:19:19', '2020-10-06 18:19:19'),
(514, 170, 'Elaboración', '2020-10-06 18:19:19', '2020-10-06 18:19:19'),
(515, 170, 'Consolidación', '2020-10-06 18:19:19', '2020-10-06 18:19:19'),
(516, 170, 'Reflexión', '2020-10-06 18:19:19', '2020-10-06 18:19:19'),
(517, 171, 'Activación', '2020-10-06 18:21:44', '2020-10-06 18:21:44'),
(518, 171, 'Elaboración', '2020-10-06 18:21:45', '2020-10-06 18:21:45'),
(519, 171, 'Consolidación', '2020-10-06 18:21:45', '2020-10-06 18:21:45'),
(520, 171, 'Reflexión', '2020-10-06 18:21:45', '2020-10-06 18:21:45'),
(521, 172, 'Activación', '2020-10-06 18:24:38', '2020-10-06 18:24:38'),
(522, 172, 'Elaboración', '2020-10-06 18:24:38', '2020-10-06 18:24:38'),
(523, 172, 'Consolidación', '2020-10-06 18:24:38', '2020-10-06 18:24:38'),
(524, 172, 'Reflexión', '2020-10-06 18:24:38', '2020-10-06 18:24:38'),
(525, 173, 'Activación', '2020-10-06 18:26:52', '2020-10-06 18:26:52'),
(526, 173, 'Elaboración', '2020-10-06 18:26:52', '2020-10-06 18:26:52'),
(527, 173, 'Consolidación', '2020-10-06 18:26:52', '2020-10-06 18:26:52'),
(528, 173, 'Reflexión', '2020-10-06 18:26:52', '2020-10-06 18:26:52'),
(529, 174, 'Activación', '2020-10-06 18:27:07', '2020-10-06 18:27:07'),
(530, 174, 'Elaboración', '2020-10-06 18:27:07', '2020-10-06 18:27:07'),
(531, 174, 'Consolidación', '2020-10-06 18:27:07', '2020-10-06 18:27:07'),
(532, 174, 'Reflexión', '2020-10-06 18:27:07', '2020-10-06 18:27:07'),
(533, 175, 'Activación', '2020-10-06 18:32:25', '2020-10-06 18:32:25'),
(534, 175, 'Elaboración', '2020-10-06 18:32:25', '2020-10-06 18:32:25'),
(535, 175, 'Consolidación', '2020-10-06 18:32:25', '2020-10-06 18:32:25'),
(536, 175, 'Reflexión', '2020-10-06 18:32:25', '2020-10-06 18:32:25'),
(537, 176, 'Activación', '2020-10-06 18:35:02', '2020-10-06 18:35:02'),
(538, 176, 'Elaboración', '2020-10-06 18:35:02', '2020-10-06 18:35:02'),
(539, 176, 'Consolidación', '2020-10-06 18:35:02', '2020-10-06 18:35:02'),
(540, 176, 'Reflexión', '2020-10-06 18:35:02', '2020-10-06 18:35:02'),
(541, 177, 'Activación', '2020-10-06 18:39:49', '2020-10-06 18:39:49'),
(542, 177, 'Elaboración', '2020-10-06 18:39:49', '2020-10-06 18:39:49'),
(543, 177, 'Consolidación', '2020-10-06 18:39:49', '2020-10-06 18:39:49'),
(544, 177, 'Reflexión', '2020-10-06 18:39:49', '2020-10-06 18:39:49'),
(545, 178, 'Activación', '2020-10-06 18:41:52', '2020-10-06 18:41:52'),
(546, 178, 'Elaboración', '2020-10-06 18:41:52', '2020-10-06 18:41:52'),
(547, 178, 'Consolidación', '2020-10-06 18:41:52', '2020-10-06 18:41:52'),
(548, 178, 'Reflexión', '2020-10-06 18:41:52', '2020-10-06 18:41:52'),
(549, 179, 'Activación', '2020-10-06 18:49:55', '2020-10-06 18:49:55'),
(550, 179, 'Elaboración', '2020-10-06 18:49:55', '2020-10-06 18:49:55'),
(551, 179, 'Consolidación', '2020-10-06 18:49:55', '2020-10-06 18:49:55'),
(552, 179, 'Reflexión', '2020-10-06 18:49:55', '2020-10-06 18:49:55'),
(553, 180, 'Activación', '2020-10-06 18:51:20', '2020-10-06 18:51:20'),
(554, 180, 'Elaboración', '2020-10-06 18:51:20', '2020-10-06 18:51:20'),
(555, 180, 'Consolidación', '2020-10-06 18:51:20', '2020-10-06 18:51:20'),
(556, 180, 'Reflexión', '2020-10-06 18:51:20', '2020-10-06 18:51:20'),
(557, 181, 'Activación', '2020-10-06 19:11:39', '2020-10-06 19:11:39'),
(558, 181, 'Elaboración', '2020-10-06 19:11:39', '2020-10-06 19:11:39'),
(559, 181, 'Consolidación', '2020-10-06 19:11:39', '2020-10-06 19:11:39'),
(560, 181, 'Reflexión', '2020-10-06 19:11:39', '2020-10-06 19:11:39'),
(561, 182, 'Activación', '2020-10-06 20:11:23', '2020-10-06 20:11:23'),
(562, 182, 'Elaboración', '2020-10-06 20:11:23', '2020-10-06 20:11:23'),
(563, 182, 'Consolidación', '2020-10-06 20:11:23', '2020-10-06 20:11:23'),
(564, 182, 'Reflexión', '2020-10-06 20:11:23', '2020-10-06 20:11:23'),
(565, 183, 'Activación', '2020-10-06 20:11:36', '2020-10-06 20:11:36'),
(566, 183, 'Elaboración', '2020-10-06 20:11:36', '2020-10-06 20:11:36'),
(567, 183, 'Consolidación', '2020-10-06 20:11:36', '2020-10-06 20:11:36'),
(568, 183, 'Reflexión', '2020-10-06 20:11:36', '2020-10-06 20:11:36'),
(569, 184, 'Activación', '2020-10-06 20:23:17', '2020-10-06 20:23:17'),
(570, 184, 'Elaboración', '2020-10-06 20:23:17', '2020-10-06 20:23:17'),
(571, 184, 'Consolidación', '2020-10-06 20:23:17', '2020-10-06 20:23:17'),
(572, 184, 'Reflexión', '2020-10-06 20:23:17', '2020-10-06 20:23:17'),
(573, 185, 'Activación', '2020-10-06 20:23:29', '2020-10-06 20:23:29'),
(574, 185, 'Elaboración', '2020-10-06 20:23:29', '2020-10-06 20:23:29'),
(575, 185, 'Consolidación', '2020-10-06 20:23:29', '2020-10-06 20:23:29'),
(576, 185, 'Reflexión', '2020-10-06 20:23:29', '2020-10-06 20:23:29'),
(577, 186, 'Activación', '2020-10-06 22:29:27', '2020-10-06 22:29:27'),
(578, 186, 'Elaboración', '2020-10-06 22:29:27', '2020-10-06 22:29:27'),
(579, 186, 'Consolidación', '2020-10-06 22:29:27', '2020-10-06 22:29:27'),
(580, 186, 'Reflexión', '2020-10-06 22:29:27', '2020-10-06 22:29:27'),
(581, 187, 'Activación', '2020-10-06 22:44:16', '2020-10-06 22:44:16'),
(582, 187, 'Elaboración', '2020-10-06 22:44:16', '2020-10-06 22:44:16'),
(583, 187, 'Consolidación', '2020-10-06 22:44:16', '2020-10-06 22:44:16'),
(584, 187, 'Reflexión', '2020-10-06 22:44:16', '2020-10-06 22:44:16'),
(585, 188, 'Activación', '2020-10-06 22:49:45', '2020-10-06 22:49:45'),
(586, 188, 'Elaboración', '2020-10-06 22:49:45', '2020-10-06 22:49:45'),
(587, 188, 'Consolidación', '2020-10-06 22:49:45', '2020-10-06 22:49:45'),
(588, 188, 'Reflexión', '2020-10-06 22:49:45', '2020-10-06 22:49:45'),
(589, 189, 'Activación', '2020-10-06 23:01:21', '2020-10-06 23:01:21'),
(590, 189, 'Elaboración', '2020-10-06 23:01:21', '2020-10-06 23:01:21'),
(591, 189, 'Consolidación', '2020-10-06 23:01:21', '2020-10-06 23:01:21'),
(592, 189, 'Reflexión', '2020-10-06 23:01:21', '2020-10-06 23:01:21'),
(593, 190, 'Activación', '2020-10-06 23:03:46', '2020-10-06 23:03:46'),
(594, 190, 'Elaboración', '2020-10-06 23:03:46', '2020-10-06 23:03:46'),
(595, 190, 'Consolidación', '2020-10-06 23:03:46', '2020-10-06 23:03:46'),
(596, 190, 'Reflexión', '2020-10-06 23:03:46', '2020-10-06 23:03:46'),
(597, 191, 'Activación', '2020-10-06 23:17:17', '2020-10-06 23:17:17'),
(598, 191, 'Elaboración', '2020-10-06 23:17:17', '2020-10-06 23:17:17'),
(599, 191, 'Consolidación', '2020-10-06 23:17:17', '2020-10-06 23:17:17'),
(600, 191, 'Reflexión', '2020-10-06 23:17:17', '2020-10-06 23:17:17'),
(601, 192, 'Activación', '2020-10-06 23:19:12', '2020-10-06 23:19:12'),
(602, 192, 'Elaboración', '2020-10-06 23:19:12', '2020-10-06 23:19:12'),
(603, 192, 'Consolidación', '2020-10-06 23:19:12', '2020-10-06 23:19:12'),
(604, 192, 'Reflexión', '2020-10-06 23:19:12', '2020-10-06 23:19:12'),
(605, 193, 'Activación', '2020-10-06 23:23:03', '2020-10-06 23:23:03'),
(606, 193, 'Elaboración', '2020-10-06 23:23:03', '2020-10-06 23:23:03'),
(607, 193, 'Consolidación', '2020-10-06 23:23:03', '2020-10-06 23:23:03'),
(608, 193, 'Reflexión', '2020-10-06 23:23:03', '2020-10-06 23:23:03'),
(609, 194, 'Activación', '2020-10-06 23:23:22', '2020-10-06 23:23:22'),
(610, 194, 'Elaboración', '2020-10-06 23:23:22', '2020-10-06 23:23:22'),
(611, 194, 'Consolidación', '2020-10-06 23:23:22', '2020-10-06 23:23:22'),
(612, 194, 'Reflexión', '2020-10-06 23:23:22', '2020-10-06 23:23:22'),
(613, 195, 'Activación', '2020-10-06 23:30:01', '2020-10-06 23:30:01'),
(614, 195, 'Elaboración', '2020-10-06 23:30:01', '2020-10-06 23:30:01'),
(615, 195, 'Consolidación', '2020-10-06 23:30:01', '2020-10-06 23:30:01'),
(616, 195, 'Reflexión', '2020-10-06 23:30:01', '2020-10-06 23:30:01'),
(617, 196, 'Activación', '2020-10-06 23:30:28', '2020-10-06 23:30:28'),
(618, 196, 'Elaboración', '2020-10-06 23:30:28', '2020-10-06 23:30:28'),
(619, 196, 'Consolidación', '2020-10-06 23:30:28', '2020-10-06 23:30:28'),
(620, 196, 'Reflexión', '2020-10-06 23:30:28', '2020-10-06 23:30:28'),
(621, 197, 'Activación', '2020-10-06 23:31:11', '2020-10-06 23:31:11'),
(622, 197, 'Elaboración', '2020-10-06 23:31:11', '2020-10-06 23:31:11'),
(623, 197, 'Consolidación', '2020-10-06 23:31:12', '2020-10-06 23:31:12'),
(624, 197, 'Reflexión', '2020-10-06 23:31:12', '2020-10-06 23:31:12'),
(625, 198, 'Activación', '2020-10-06 23:33:11', '2020-10-06 23:33:11'),
(626, 198, 'Elaboración', '2020-10-06 23:33:11', '2020-10-06 23:33:11'),
(627, 198, 'Consolidación', '2020-10-06 23:33:11', '2020-10-06 23:33:11'),
(628, 198, 'Reflexión', '2020-10-06 23:33:11', '2020-10-06 23:33:11'),
(629, 199, 'Activación', '2020-10-06 23:35:50', '2020-10-06 23:35:50'),
(630, 199, 'Elaboración', '2020-10-06 23:35:50', '2020-10-06 23:35:50'),
(631, 199, 'Consolidación', '2020-10-06 23:35:50', '2020-10-06 23:35:50'),
(632, 199, 'Reflexión', '2020-10-06 23:35:50', '2020-10-06 23:35:50'),
(633, 200, 'Activación', '2020-10-06 23:37:47', '2020-10-06 23:37:47'),
(634, 200, 'Elaboración', '2020-10-06 23:37:47', '2020-10-06 23:37:47'),
(635, 200, 'Consolidación', '2020-10-06 23:37:47', '2020-10-06 23:37:47'),
(636, 200, 'Reflexión', '2020-10-06 23:37:47', '2020-10-06 23:37:47'),
(637, 201, 'Activación', '2020-10-06 23:40:35', '2020-10-06 23:40:35'),
(638, 201, 'Elaboración', '2020-10-06 23:40:35', '2020-10-06 23:40:35'),
(639, 201, 'Consolidación', '2020-10-06 23:40:35', '2020-10-06 23:40:35'),
(640, 201, 'Reflexión', '2020-10-06 23:40:35', '2020-10-06 23:40:35'),
(641, 202, 'Activación', '2020-10-07 04:58:17', '2020-10-07 04:58:17'),
(642, 202, 'Elaboración', '2020-10-07 04:58:17', '2020-10-07 04:58:17'),
(643, 202, 'Consolidación', '2020-10-07 04:58:17', '2020-10-07 04:58:17'),
(644, 202, 'Reflexión', '2020-10-07 04:58:17', '2020-10-07 04:58:17'),
(645, 203, 'Activación', '2020-10-07 20:48:03', '2020-10-07 20:48:03'),
(646, 203, 'Elaboración', '2020-10-07 20:48:03', '2020-10-07 20:48:03'),
(647, 203, 'Consolidación', '2020-10-07 20:48:03', '2020-10-07 20:48:03'),
(648, 203, 'Reflexión', '2020-10-07 20:48:03', '2020-10-07 20:48:03'),
(649, 204, 'Activación', '2020-10-08 08:50:00', '2020-10-08 08:50:00'),
(650, 204, 'Elaboración', '2020-10-08 08:50:00', '2020-10-08 08:50:00'),
(651, 204, 'Consolidación', '2020-10-08 08:50:00', '2020-10-08 08:50:00'),
(652, 204, 'Reflexión', '2020-10-08 08:50:00', '2020-10-08 08:50:00'),
(653, 205, 'Activación', '2020-10-08 09:33:20', '2020-10-08 09:33:20'),
(654, 205, 'Elaboración', '2020-10-08 09:33:20', '2020-10-08 09:33:20'),
(655, 205, 'Consolidación', '2020-10-08 09:33:20', '2020-10-08 09:33:20'),
(656, 205, 'Reflexión', '2020-10-08 09:33:20', '2020-10-08 09:33:20'),
(657, 206, 'Activación', '2020-10-08 09:33:42', '2020-10-08 09:33:42'),
(658, 206, 'Elaboración', '2020-10-08 09:33:42', '2020-10-08 09:33:42'),
(659, 206, 'Consolidación', '2020-10-08 09:33:42', '2020-10-08 09:33:42'),
(660, 206, 'Reflexión', '2020-10-08 09:33:42', '2020-10-08 09:33:42'),
(661, 207, 'Activación', '2020-10-08 09:49:49', '2020-10-08 09:49:49'),
(662, 207, 'Elaboración', '2020-10-08 09:49:49', '2020-10-08 09:49:49'),
(663, 207, 'Consolidación', '2020-10-08 09:49:49', '2020-10-08 09:49:49'),
(664, 207, 'Reflexión', '2020-10-08 09:49:49', '2020-10-08 09:49:49'),
(665, 208, 'Activación', '2020-10-08 19:14:10', '2020-10-08 19:14:10'),
(666, 208, 'Elaboración', '2020-10-08 19:14:10', '2020-10-08 19:14:10'),
(667, 208, 'Consolidación', '2020-10-08 19:14:10', '2020-10-08 19:14:10'),
(668, 208, 'Reflexión', '2020-10-08 19:14:10', '2020-10-08 19:14:10'),
(669, 209, 'Activación', '2020-10-08 19:16:56', '2020-10-08 19:16:56'),
(670, 209, 'Elaboración', '2020-10-08 19:16:56', '2020-10-08 19:16:56'),
(671, 209, 'Consolidación', '2020-10-08 19:16:56', '2020-10-08 19:16:56'),
(672, 209, 'Reflexión', '2020-10-08 19:16:56', '2020-10-08 19:16:56'),
(673, 210, 'Activación', '2020-10-08 19:19:25', '2020-10-08 19:19:25'),
(674, 210, 'Elaboración', '2020-10-08 19:19:25', '2020-10-08 19:19:25'),
(675, 210, 'Consolidación', '2020-10-08 19:19:25', '2020-10-08 19:19:25'),
(676, 210, 'Reflexión', '2020-10-08 19:19:25', '2020-10-08 19:19:25'),
(677, 211, 'Activación', '2020-10-08 19:20:19', '2020-10-08 19:20:19'),
(678, 211, 'Elaboración', '2020-10-08 19:20:19', '2020-10-08 19:20:19'),
(679, 211, 'Consolidación', '2020-10-08 19:20:19', '2020-10-08 19:20:19'),
(680, 211, 'Reflexión', '2020-10-08 19:20:19', '2020-10-08 19:20:19'),
(681, 212, 'Activación', '2020-10-08 20:57:46', '2020-10-08 20:57:46'),
(682, 212, 'Elaboración', '2020-10-08 20:57:46', '2020-10-08 20:57:46'),
(683, 212, 'Consolidación', '2020-10-08 20:57:46', '2020-10-08 20:57:46'),
(684, 212, 'Reflexión', '2020-10-08 20:57:46', '2020-10-08 20:57:46'),
(685, 213, 'Activación', '2020-10-08 20:59:13', '2020-10-08 20:59:13'),
(686, 213, 'Elaboración', '2020-10-08 20:59:13', '2020-10-08 20:59:13'),
(687, 213, 'Consolidación', '2020-10-08 20:59:13', '2020-10-08 20:59:13'),
(688, 213, 'Reflexión', '2020-10-08 20:59:13', '2020-10-08 20:59:13'),
(689, 214, 'Activación', '2020-10-08 20:59:34', '2020-10-08 20:59:34'),
(690, 214, 'Elaboración', '2020-10-08 20:59:34', '2020-10-08 20:59:34'),
(691, 214, 'Consolidación', '2020-10-08 20:59:34', '2020-10-08 20:59:34'),
(692, 214, 'Reflexión', '2020-10-08 20:59:34', '2020-10-08 20:59:34'),
(693, 215, 'Activación', '2020-10-08 20:59:48', '2020-10-08 20:59:48'),
(694, 215, 'Elaboración', '2020-10-08 20:59:48', '2020-10-08 20:59:48'),
(695, 215, 'Consolidación', '2020-10-08 20:59:49', '2020-10-08 20:59:49'),
(696, 215, 'Reflexión', '2020-10-08 20:59:49', '2020-10-08 20:59:49'),
(697, 216, 'Activación', '2020-10-08 21:06:20', '2020-10-08 21:06:20'),
(698, 216, 'Elaboración', '2020-10-08 21:06:20', '2020-10-08 21:06:20'),
(699, 216, 'Consolidación', '2020-10-08 21:06:20', '2020-10-08 21:06:20'),
(700, 216, 'Reflexión', '2020-10-08 21:06:20', '2020-10-08 21:06:20'),
(701, 217, 'Activación', '2020-10-09 05:36:41', '2020-10-09 05:36:41'),
(702, 217, 'Elaboración', '2020-10-09 05:36:41', '2020-10-09 05:36:41'),
(703, 217, 'Consolidación', '2020-10-09 05:36:41', '2020-10-09 05:36:41'),
(704, 217, 'Reflexión', '2020-10-09 05:36:41', '2020-10-09 05:36:41'),
(705, 218, 'Activación', '2020-10-09 05:43:12', '2020-10-09 05:43:12'),
(706, 218, 'Elaboración', '2020-10-09 05:43:12', '2020-10-09 05:43:12'),
(707, 218, 'Consolidación', '2020-10-09 05:43:12', '2020-10-09 05:43:12'),
(708, 218, 'Reflexión', '2020-10-09 05:43:12', '2020-10-09 05:43:12'),
(709, 219, 'Activación', '2020-10-09 06:06:38', '2020-10-09 06:06:38'),
(710, 219, 'Elaboración', '2020-10-09 06:06:39', '2020-10-09 06:06:39');
INSERT INTO `activities_groups` (`id`, `problem_id`, `name`, `created_at`, `updated_at`) VALUES
(711, 219, 'Consolidación', '2020-10-09 06:06:39', '2020-10-09 06:06:39'),
(712, 219, 'Reflexión', '2020-10-09 06:06:39', '2020-10-09 06:06:39'),
(713, 220, 'Activación', '2020-10-09 06:08:54', '2020-10-09 06:08:54'),
(714, 220, 'Elaboración', '2020-10-09 06:08:54', '2020-10-09 06:08:54'),
(715, 220, 'Consolidación', '2020-10-09 06:08:54', '2020-10-09 06:08:54'),
(716, 220, 'Reflexión', '2020-10-09 06:08:54', '2020-10-09 06:08:54'),
(717, 221, 'Activación', '2020-10-09 06:14:00', '2020-10-09 06:14:00'),
(718, 221, 'Elaboración', '2020-10-09 06:14:00', '2020-10-09 06:14:00'),
(719, 221, 'Consolidación', '2020-10-09 06:14:00', '2020-10-09 06:14:00'),
(720, 221, 'Reflexión', '2020-10-09 06:14:00', '2020-10-09 06:14:00'),
(721, 222, 'Activación', '2020-10-09 06:15:22', '2020-10-09 06:15:22'),
(722, 222, 'Elaboración', '2020-10-09 06:15:22', '2020-10-09 06:15:22'),
(723, 222, 'Consolidación', '2020-10-09 06:15:22', '2020-10-09 06:15:22'),
(724, 222, 'Reflexión', '2020-10-09 06:15:22', '2020-10-09 06:15:22'),
(725, 223, 'Activación', '2020-10-09 06:54:01', '2020-10-09 06:54:01'),
(726, 223, 'Elaboración', '2020-10-09 06:54:01', '2020-10-09 06:54:01'),
(727, 223, 'Consolidación', '2020-10-09 06:54:01', '2020-10-09 06:54:01'),
(728, 223, 'Reflexión', '2020-10-09 06:54:01', '2020-10-09 06:54:01'),
(729, 224, 'Activación', '2020-10-09 06:59:50', '2020-10-09 06:59:50'),
(730, 224, 'Elaboración', '2020-10-09 06:59:50', '2020-10-09 06:59:50'),
(731, 224, 'Consolidación', '2020-10-09 06:59:50', '2020-10-09 06:59:50'),
(732, 224, 'Reflexión', '2020-10-09 06:59:50', '2020-10-09 06:59:50'),
(733, 225, 'Activación', '2020-10-09 07:06:11', '2020-10-09 07:06:11'),
(734, 225, 'Elaboración', '2020-10-09 07:06:11', '2020-10-09 07:06:11'),
(735, 225, 'Consolidación', '2020-10-09 07:06:11', '2020-10-09 07:06:11'),
(736, 225, 'Reflexión', '2020-10-09 07:06:11', '2020-10-09 07:06:11'),
(737, 226, 'Activación', '2020-10-09 07:07:59', '2020-10-09 07:07:59'),
(738, 226, 'Elaboración', '2020-10-09 07:07:59', '2020-10-09 07:07:59'),
(739, 226, 'Consolidación', '2020-10-09 07:07:59', '2020-10-09 07:07:59'),
(740, 226, 'Reflexión', '2020-10-09 07:07:59', '2020-10-09 07:07:59'),
(741, 227, 'Activación', '2020-10-09 07:08:20', '2020-10-09 07:08:20'),
(742, 227, 'Elaboración', '2020-10-09 07:08:21', '2020-10-09 07:08:21'),
(743, 227, 'Consolidación', '2020-10-09 07:08:21', '2020-10-09 07:08:21'),
(744, 227, 'Reflexión', '2020-10-09 07:08:21', '2020-10-09 07:08:21'),
(745, 228, 'Activación', '2020-10-10 07:16:29', '2020-10-10 07:16:29'),
(746, 228, 'Elaboración', '2020-10-10 07:16:29', '2020-10-10 07:16:29'),
(747, 228, 'Consolidación', '2020-10-10 07:16:29', '2020-10-10 07:16:29'),
(748, 228, 'Reflexión', '2020-10-10 07:16:29', '2020-10-10 07:16:29'),
(749, 229, 'Activación', '2020-10-10 07:21:25', '2020-10-10 07:21:25'),
(750, 229, 'Elaboración', '2020-10-10 07:21:25', '2020-10-10 07:21:25'),
(751, 229, 'Consolidación', '2020-10-10 07:21:25', '2020-10-10 07:21:25'),
(752, 229, 'Reflexión', '2020-10-10 07:21:25', '2020-10-10 07:21:25'),
(753, 230, 'Activación', '2020-10-10 07:21:38', '2020-10-10 07:21:38'),
(754, 230, 'Elaboración', '2020-10-10 07:21:38', '2020-10-10 07:21:38'),
(755, 230, 'Consolidación', '2020-10-10 07:21:38', '2020-10-10 07:21:38'),
(756, 230, 'Reflexión', '2020-10-10 07:21:38', '2020-10-10 07:21:38'),
(757, 231, 'Activación', '2020-10-10 07:25:45', '2020-10-10 07:25:45'),
(758, 231, 'Elaboración', '2020-10-10 07:25:45', '2020-10-10 07:25:45'),
(759, 231, 'Consolidación', '2020-10-10 07:25:45', '2020-10-10 07:25:45'),
(760, 231, 'Reflexión', '2020-10-10 07:25:45', '2020-10-10 07:25:45'),
(761, 232, 'Activación', '2020-10-10 07:26:09', '2020-10-10 07:26:09'),
(762, 232, 'Elaboración', '2020-10-10 07:26:09', '2020-10-10 07:26:09'),
(763, 232, 'Consolidación', '2020-10-10 07:26:09', '2020-10-10 07:26:09'),
(764, 232, 'Reflexión', '2020-10-10 07:26:09', '2020-10-10 07:26:09'),
(765, 233, 'Activación', '2020-10-10 07:29:42', '2020-10-10 07:29:42'),
(766, 233, 'Elaboración', '2020-10-10 07:29:42', '2020-10-10 07:29:42'),
(767, 233, 'Consolidación', '2020-10-10 07:29:42', '2020-10-10 07:29:42'),
(768, 233, 'Reflexión', '2020-10-10 07:29:42', '2020-10-10 07:29:42'),
(769, 234, 'Activación', '2020-10-10 07:40:13', '2020-10-10 07:40:13'),
(770, 234, 'Elaboración', '2020-10-10 07:40:13', '2020-10-10 07:40:13'),
(771, 234, 'Consolidación', '2020-10-10 07:40:14', '2020-10-10 07:40:14'),
(772, 234, 'Reflexión', '2020-10-10 07:40:14', '2020-10-10 07:40:14'),
(773, 235, 'Activación', '2020-10-10 07:41:08', '2020-10-10 07:41:08'),
(774, 235, 'Elaboración', '2020-10-10 07:41:08', '2020-10-10 07:41:08'),
(775, 235, 'Consolidación', '2020-10-10 07:41:08', '2020-10-10 07:41:08'),
(776, 235, 'Reflexión', '2020-10-10 07:41:08', '2020-10-10 07:41:08'),
(777, 236, 'Activación', '2020-10-10 07:41:49', '2020-10-10 07:41:49'),
(778, 236, 'Elaboración', '2020-10-10 07:41:49', '2020-10-10 07:41:49'),
(779, 236, 'Consolidación', '2020-10-10 07:41:49', '2020-10-10 07:41:49'),
(780, 236, 'Reflexión', '2020-10-10 07:41:50', '2020-10-10 07:41:50'),
(781, 237, 'Activación', '2020-10-10 07:43:13', '2020-10-10 07:43:13'),
(782, 237, 'Elaboración', '2020-10-10 07:43:13', '2020-10-10 07:43:13'),
(783, 237, 'Consolidación', '2020-10-10 07:43:13', '2020-10-10 07:43:13'),
(784, 237, 'Reflexión', '2020-10-10 07:43:13', '2020-10-10 07:43:13'),
(785, 238, 'Activación', '2020-10-10 07:43:56', '2020-10-10 07:43:56'),
(786, 238, 'Elaboración', '2020-10-10 07:43:56', '2020-10-10 07:43:56'),
(787, 238, 'Consolidación', '2020-10-10 07:43:56', '2020-10-10 07:43:56'),
(788, 238, 'Reflexión', '2020-10-10 07:43:56', '2020-10-10 07:43:56'),
(789, 239, 'Activación', '2020-10-10 07:54:30', '2020-10-10 07:54:30'),
(790, 239, 'Elaboración', '2020-10-10 07:54:30', '2020-10-10 07:54:30'),
(791, 239, 'Consolidación', '2020-10-10 07:54:30', '2020-10-10 07:54:30'),
(792, 239, 'Reflexión', '2020-10-10 07:54:30', '2020-10-10 07:54:30'),
(793, 240, 'Activación', '2020-10-10 07:54:42', '2020-10-10 07:54:42'),
(794, 240, 'Elaboración', '2020-10-10 07:54:42', '2020-10-10 07:54:42'),
(795, 240, 'Consolidación', '2020-10-10 07:54:42', '2020-10-10 07:54:42'),
(796, 240, 'Reflexión', '2020-10-10 07:54:42', '2020-10-10 07:54:42'),
(797, 241, 'Activación', '2020-10-10 07:56:05', '2020-10-10 07:56:05'),
(798, 241, 'Elaboración', '2020-10-10 07:56:05', '2020-10-10 07:56:05'),
(799, 241, 'Consolidación', '2020-10-10 07:56:05', '2020-10-10 07:56:05'),
(800, 241, 'Reflexión', '2020-10-10 07:56:05', '2020-10-10 07:56:05'),
(801, 242, 'Activación', '2020-10-10 07:57:12', '2020-10-10 07:57:12'),
(802, 242, 'Elaboración', '2020-10-10 07:57:12', '2020-10-10 07:57:12'),
(803, 242, 'Consolidación', '2020-10-10 07:57:12', '2020-10-10 07:57:12'),
(804, 242, 'Reflexión', '2020-10-10 07:57:12', '2020-10-10 07:57:12'),
(805, 243, 'Activación', '2020-10-10 07:59:02', '2020-10-10 07:59:02'),
(806, 243, 'Elaboración', '2020-10-10 07:59:02', '2020-10-10 07:59:02'),
(807, 243, 'Consolidación', '2020-10-10 07:59:02', '2020-10-10 07:59:02'),
(808, 243, 'Reflexión', '2020-10-10 07:59:03', '2020-10-10 07:59:03'),
(809, 244, 'Activación', '2020-10-10 07:59:58', '2020-10-10 07:59:58'),
(810, 244, 'Elaboración', '2020-10-10 07:59:58', '2020-10-10 07:59:58'),
(811, 244, 'Consolidación', '2020-10-10 07:59:58', '2020-10-10 07:59:58'),
(812, 244, 'Reflexión', '2020-10-10 07:59:58', '2020-10-10 07:59:58'),
(813, 245, 'Activación', '2020-10-10 08:03:39', '2020-10-10 08:03:39'),
(814, 245, 'Elaboración', '2020-10-10 08:03:39', '2020-10-10 08:03:39'),
(815, 245, 'Consolidación', '2020-10-10 08:03:39', '2020-10-10 08:03:39'),
(816, 245, 'Reflexión', '2020-10-10 08:03:39', '2020-10-10 08:03:39'),
(817, 246, 'Activación', '2020-10-10 08:10:17', '2020-10-10 08:10:17'),
(818, 246, 'Elaboración', '2020-10-10 08:10:17', '2020-10-10 08:10:17'),
(819, 246, 'Consolidación', '2020-10-10 08:10:17', '2020-10-10 08:10:17'),
(820, 246, 'Reflexión', '2020-10-10 08:10:17', '2020-10-10 08:10:17'),
(821, 247, 'Activación', '2020-10-10 08:11:30', '2020-10-10 08:11:30'),
(822, 247, 'Elaboración', '2020-10-10 08:11:30', '2020-10-10 08:11:30'),
(823, 247, 'Consolidación', '2020-10-10 08:11:30', '2020-10-10 08:11:30'),
(824, 247, 'Reflexión', '2020-10-10 08:11:30', '2020-10-10 08:11:30'),
(825, 248, 'Activación', '2020-10-10 08:12:16', '2020-10-10 08:12:16'),
(826, 248, 'Elaboración', '2020-10-10 08:12:16', '2020-10-10 08:12:16'),
(827, 248, 'Consolidación', '2020-10-10 08:12:16', '2020-10-10 08:12:16'),
(828, 248, 'Reflexión', '2020-10-10 08:12:16', '2020-10-10 08:12:16'),
(829, 249, 'Activación', '2020-10-10 08:12:35', '2020-10-10 08:12:35'),
(830, 249, 'Elaboración', '2020-10-10 08:12:35', '2020-10-10 08:12:35'),
(831, 249, 'Consolidación', '2020-10-10 08:12:36', '2020-10-10 08:12:36'),
(832, 249, 'Reflexión', '2020-10-10 08:12:36', '2020-10-10 08:12:36'),
(833, 250, 'Activación', '2020-10-10 08:12:53', '2020-10-10 08:12:53'),
(834, 250, 'Elaboración', '2020-10-10 08:12:54', '2020-10-10 08:12:54'),
(835, 250, 'Consolidación', '2020-10-10 08:12:54', '2020-10-10 08:12:54'),
(836, 250, 'Reflexión', '2020-10-10 08:12:54', '2020-10-10 08:12:54'),
(837, 251, 'Activación', '2020-10-10 08:15:12', '2020-10-10 08:15:12'),
(838, 251, 'Elaboración', '2020-10-10 08:15:13', '2020-10-10 08:15:13'),
(839, 251, 'Consolidación', '2020-10-10 08:15:13', '2020-10-10 08:15:13'),
(840, 251, 'Reflexión', '2020-10-10 08:15:13', '2020-10-10 08:15:13'),
(841, 252, 'Activación', '2020-10-10 08:17:02', '2020-10-10 08:17:02'),
(842, 252, 'Elaboración', '2020-10-10 08:17:02', '2020-10-10 08:17:02'),
(843, 252, 'Consolidación', '2020-10-10 08:17:02', '2020-10-10 08:17:02'),
(844, 252, 'Reflexión', '2020-10-10 08:17:02', '2020-10-10 08:17:02'),
(845, 253, 'Activación', '2020-10-10 08:17:37', '2020-10-10 08:17:37'),
(846, 253, 'Elaboración', '2020-10-10 08:17:37', '2020-10-10 08:17:37'),
(847, 253, 'Consolidación', '2020-10-10 08:17:37', '2020-10-10 08:17:37'),
(848, 253, 'Reflexión', '2020-10-10 08:17:37', '2020-10-10 08:17:37'),
(849, 254, 'Activación', '2020-10-10 08:19:37', '2020-10-10 08:19:37'),
(850, 254, 'Elaboración', '2020-10-10 08:19:37', '2020-10-10 08:19:37'),
(851, 254, 'Consolidación', '2020-10-10 08:19:37', '2020-10-10 08:19:37'),
(852, 254, 'Reflexión', '2020-10-10 08:19:37', '2020-10-10 08:19:37'),
(853, 255, 'Activación', '2020-10-10 08:21:29', '2020-10-10 08:21:29'),
(854, 255, 'Elaboración', '2020-10-10 08:21:29', '2020-10-10 08:21:29'),
(855, 255, 'Consolidación', '2020-10-10 08:21:29', '2020-10-10 08:21:29'),
(856, 255, 'Reflexión', '2020-10-10 08:21:29', '2020-10-10 08:21:29'),
(857, 256, 'Activación', '2020-10-10 08:23:11', '2020-10-10 08:23:11'),
(858, 256, 'Elaboración', '2020-10-10 08:23:11', '2020-10-10 08:23:11'),
(859, 256, 'Consolidación', '2020-10-10 08:23:11', '2020-10-10 08:23:11'),
(860, 256, 'Reflexión', '2020-10-10 08:23:11', '2020-10-10 08:23:11'),
(861, 257, 'Activación', '2020-10-10 08:24:13', '2020-10-10 08:24:13'),
(862, 257, 'Elaboración', '2020-10-10 08:24:13', '2020-10-10 08:24:13'),
(863, 257, 'Consolidación', '2020-10-10 08:24:13', '2020-10-10 08:24:13'),
(864, 257, 'Reflexión', '2020-10-10 08:24:13', '2020-10-10 08:24:13'),
(865, 258, 'Activación', '2020-10-10 08:26:48', '2020-10-10 08:26:48'),
(866, 258, 'Elaboración', '2020-10-10 08:26:48', '2020-10-10 08:26:48'),
(867, 258, 'Consolidación', '2020-10-10 08:26:48', '2020-10-10 08:26:48'),
(868, 258, 'Reflexión', '2020-10-10 08:26:48', '2020-10-10 08:26:48'),
(869, 259, 'Activación', '2020-10-10 08:36:36', '2020-10-10 08:36:36'),
(870, 259, 'Elaboración', '2020-10-10 08:36:36', '2020-10-10 08:36:36'),
(871, 259, 'Consolidación', '2020-10-10 08:36:36', '2020-10-10 08:36:36'),
(872, 259, 'Reflexión', '2020-10-10 08:36:36', '2020-10-10 08:36:36'),
(873, 260, 'Activación', '2020-10-10 08:37:50', '2020-10-10 08:37:50'),
(874, 260, 'Elaboración', '2020-10-10 08:37:51', '2020-10-10 08:37:51'),
(875, 260, 'Consolidación', '2020-10-10 08:37:51', '2020-10-10 08:37:51'),
(876, 260, 'Reflexión', '2020-10-10 08:37:51', '2020-10-10 08:37:51'),
(877, 261, 'Activación', '2020-10-10 08:39:45', '2020-10-10 08:39:45'),
(878, 261, 'Elaboración', '2020-10-10 08:39:45', '2020-10-10 08:39:45'),
(879, 261, 'Consolidación', '2020-10-10 08:39:45', '2020-10-10 08:39:45'),
(880, 261, 'Reflexión', '2020-10-10 08:39:45', '2020-10-10 08:39:45'),
(881, 262, 'Activación', '2020-10-12 20:33:39', '2020-10-12 20:33:39'),
(882, 262, 'Elaboración', '2020-10-12 20:33:39', '2020-10-12 20:33:39'),
(883, 262, 'Consolidación', '2020-10-12 20:33:39', '2020-10-12 20:33:39'),
(884, 262, 'Reflexión', '2020-10-12 20:33:39', '2020-10-12 20:33:39'),
(885, 263, 'Activación', '2020-10-12 20:35:20', '2020-10-12 20:35:20'),
(886, 263, 'Elaboración', '2020-10-12 20:35:20', '2020-10-12 20:35:20'),
(887, 263, 'Consolidación', '2020-10-12 20:35:20', '2020-10-12 20:35:20'),
(888, 263, 'Reflexión', '2020-10-12 20:35:20', '2020-10-12 20:35:20'),
(889, 264, 'Activación', '2020-10-12 20:38:51', '2020-10-12 20:38:51'),
(890, 264, 'Elaboración', '2020-10-12 20:38:51', '2020-10-12 20:38:51'),
(891, 264, 'Consolidación', '2020-10-12 20:38:51', '2020-10-12 20:38:51'),
(892, 264, 'Reflexión', '2020-10-12 20:38:51', '2020-10-12 20:38:51'),
(893, 265, 'Activación', '2020-10-12 20:47:54', '2020-10-12 20:47:54'),
(894, 265, 'Elaboración', '2020-10-12 20:47:54', '2020-10-12 20:47:54'),
(895, 265, 'Consolidación', '2020-10-12 20:47:54', '2020-10-12 20:47:54'),
(896, 265, 'Reflexión', '2020-10-12 20:47:54', '2020-10-12 20:47:54'),
(897, 266, 'Activación', '2020-10-12 21:10:46', '2020-10-12 21:10:46'),
(898, 266, 'Elaboración', '2020-10-12 21:10:47', '2020-10-12 21:10:47'),
(899, 266, 'Consolidación', '2020-10-12 21:10:47', '2020-10-12 21:10:47'),
(900, 266, 'Reflexión', '2020-10-12 21:10:47', '2020-10-12 21:10:47'),
(901, 267, 'Activación', '2020-10-12 21:12:42', '2020-10-12 21:12:42'),
(902, 267, 'Elaboración', '2020-10-12 21:12:42', '2020-10-12 21:12:42'),
(903, 267, 'Consolidación', '2020-10-12 21:12:42', '2020-10-12 21:12:42'),
(904, 267, 'Reflexión', '2020-10-12 21:12:42', '2020-10-12 21:12:42'),
(905, 268, 'Activación', '2020-10-12 21:14:21', '2020-10-12 21:14:21'),
(906, 268, 'Elaboración', '2020-10-12 21:14:21', '2020-10-12 21:14:21'),
(907, 268, 'Consolidación', '2020-10-12 21:14:21', '2020-10-12 21:14:21'),
(908, 268, 'Reflexión', '2020-10-12 21:14:21', '2020-10-12 21:14:21'),
(909, 269, 'Activación', '2020-10-12 21:16:21', '2020-10-12 21:16:21'),
(910, 269, 'Elaboración', '2020-10-12 21:16:21', '2020-10-12 21:16:21'),
(911, 269, 'Consolidación', '2020-10-12 21:16:21', '2020-10-12 21:16:21'),
(912, 269, 'Reflexión', '2020-10-12 21:16:21', '2020-10-12 21:16:21'),
(913, 270, 'Activación', '2020-10-12 21:17:12', '2020-10-12 21:17:12'),
(914, 270, 'Elaboración', '2020-10-12 21:17:12', '2020-10-12 21:17:12'),
(915, 270, 'Consolidación', '2020-10-12 21:17:13', '2020-10-12 21:17:13'),
(916, 270, 'Reflexión', '2020-10-12 21:17:13', '2020-10-12 21:17:13'),
(917, 271, 'Activación', '2020-10-12 21:17:35', '2020-10-12 21:17:35'),
(918, 271, 'Elaboración', '2020-10-12 21:17:35', '2020-10-12 21:17:35'),
(919, 271, 'Consolidación', '2020-10-12 21:17:35', '2020-10-12 21:17:35'),
(920, 271, 'Reflexión', '2020-10-12 21:17:35', '2020-10-12 21:17:35'),
(921, 272, 'Activación', '2020-10-12 21:21:50', '2020-10-12 21:21:50'),
(922, 272, 'Elaboración', '2020-10-12 21:21:50', '2020-10-12 21:21:50'),
(923, 272, 'Consolidación', '2020-10-12 21:21:50', '2020-10-12 21:21:50'),
(924, 272, 'Reflexión', '2020-10-12 21:21:50', '2020-10-12 21:21:50'),
(925, 273, 'Activación', '2020-10-12 21:26:50', '2020-10-12 21:26:50'),
(926, 273, 'Elaboración', '2020-10-12 21:26:50', '2020-10-12 21:26:50'),
(927, 273, 'Consolidación', '2020-10-12 21:26:50', '2020-10-12 21:26:50'),
(928, 273, 'Reflexión', '2020-10-12 21:26:50', '2020-10-12 21:26:50'),
(929, 274, 'Activación', '2020-10-12 21:28:20', '2020-10-12 21:28:20'),
(930, 274, 'Elaboración', '2020-10-12 21:28:20', '2020-10-12 21:28:20'),
(931, 274, 'Consolidación', '2020-10-12 21:28:20', '2020-10-12 21:28:20'),
(932, 274, 'Reflexión', '2020-10-12 21:28:20', '2020-10-12 21:28:20'),
(933, 275, 'Activación', '2020-10-12 22:00:59', '2020-10-12 22:00:59'),
(934, 275, 'Elaboración', '2020-10-12 22:00:59', '2020-10-12 22:00:59'),
(935, 275, 'Consolidación', '2020-10-12 22:00:59', '2020-10-12 22:00:59'),
(936, 275, 'Reflexión', '2020-10-12 22:00:59', '2020-10-12 22:00:59'),
(937, 276, 'Activación', '2020-10-12 22:09:04', '2020-10-12 22:09:04'),
(938, 276, 'Elaboración', '2020-10-12 22:09:04', '2020-10-12 22:09:04'),
(939, 276, 'Consolidación', '2020-10-12 22:09:04', '2020-10-12 22:09:04'),
(940, 276, 'Reflexión', '2020-10-12 22:09:04', '2020-10-12 22:09:04'),
(941, 277, 'Activación', '2020-10-12 22:10:13', '2020-10-12 22:10:13'),
(942, 277, 'Elaboración', '2020-10-12 22:10:13', '2020-10-12 22:10:13'),
(943, 277, 'Consolidación', '2020-10-12 22:10:13', '2020-10-12 22:10:13'),
(944, 277, 'Reflexión', '2020-10-12 22:10:13', '2020-10-12 22:10:13'),
(945, 278, 'Activación', '2020-10-12 22:10:56', '2020-10-12 22:10:56'),
(946, 278, 'Elaboración', '2020-10-12 22:10:56', '2020-10-12 22:10:56'),
(947, 278, 'Consolidación', '2020-10-12 22:10:56', '2020-10-12 22:10:56'),
(948, 278, 'Reflexión', '2020-10-12 22:10:56', '2020-10-12 22:10:56'),
(949, 279, 'Activación', '2020-10-12 22:13:42', '2020-10-12 22:13:42'),
(950, 279, 'Elaboración', '2020-10-12 22:13:42', '2020-10-12 22:13:42'),
(951, 279, 'Consolidación', '2020-10-12 22:13:42', '2020-10-12 22:13:42'),
(952, 279, 'Reflexión', '2020-10-12 22:13:42', '2020-10-12 22:13:42'),
(953, 280, 'Activación', '2020-10-13 02:10:40', '2020-10-13 02:10:40'),
(954, 280, 'Elaboración', '2020-10-13 02:10:40', '2020-10-13 02:10:40'),
(955, 280, 'Consolidación', '2020-10-13 02:10:40', '2020-10-13 02:10:40'),
(956, 280, 'Reflexión', '2020-10-13 02:10:40', '2020-10-13 02:10:40'),
(957, 281, 'Activación', '2020-10-15 02:58:22', '2020-10-15 02:58:22'),
(958, 281, 'Elaboración', '2020-10-15 02:58:22', '2020-10-15 02:58:22'),
(959, 281, 'Consolidación', '2020-10-15 02:58:22', '2020-10-15 02:58:22'),
(960, 281, 'Reflexión', '2020-10-15 02:58:22', '2020-10-15 02:58:22'),
(961, 282, 'Activación', '2020-10-15 03:00:45', '2020-10-15 03:00:45'),
(962, 282, 'Elaboración', '2020-10-15 03:00:45', '2020-10-15 03:00:45'),
(963, 282, 'Consolidación', '2020-10-15 03:00:45', '2020-10-15 03:00:45'),
(964, 282, 'Reflexión', '2020-10-15 03:00:45', '2020-10-15 03:00:45'),
(965, 283, 'Activación', '2020-10-15 07:13:27', '2020-10-15 07:13:27'),
(966, 283, 'Elaboración', '2020-10-15 07:13:27', '2020-10-15 07:13:27'),
(967, 283, 'Consolidación', '2020-10-15 07:13:27', '2020-10-15 07:13:27'),
(968, 283, 'Reflexión', '2020-10-15 07:13:27', '2020-10-15 07:13:27'),
(969, 284, 'Activación', '2020-10-15 07:20:38', '2020-10-15 07:20:38'),
(970, 284, 'Elaboración', '2020-10-15 07:20:38', '2020-10-15 07:20:38'),
(971, 284, 'Consolidación', '2020-10-15 07:20:38', '2020-10-15 07:20:38'),
(972, 284, 'Reflexión', '2020-10-15 07:20:38', '2020-10-15 07:20:38'),
(973, 285, 'Activación', '2020-10-15 07:22:34', '2020-10-15 07:22:34'),
(974, 285, 'Elaboración', '2020-10-15 07:22:34', '2020-10-15 07:22:34'),
(975, 285, 'Consolidación', '2020-10-15 07:22:34', '2020-10-15 07:22:34'),
(976, 285, 'Reflexión', '2020-10-15 07:22:34', '2020-10-15 07:22:34'),
(977, 286, 'Activación', '2020-10-15 08:12:38', '2020-10-15 08:12:38'),
(978, 286, 'Elaboración', '2020-10-15 08:12:39', '2020-10-15 08:12:39'),
(979, 286, 'Consolidación', '2020-10-15 08:12:39', '2020-10-15 08:12:39'),
(980, 286, 'Reflexión', '2020-10-15 08:12:39', '2020-10-15 08:12:39'),
(981, 287, 'Activación', '2020-10-15 08:17:26', '2020-10-15 08:17:26'),
(982, 287, 'Elaboración', '2020-10-15 08:17:26', '2020-10-15 08:17:26'),
(983, 287, 'Consolidación', '2020-10-15 08:17:26', '2020-10-15 08:17:26'),
(984, 287, 'Reflexión', '2020-10-15 08:17:26', '2020-10-15 08:17:26'),
(985, 288, 'Activación', '2020-10-15 08:21:06', '2020-10-15 08:21:06'),
(986, 288, 'Elaboración', '2020-10-15 08:21:06', '2020-10-15 08:21:06'),
(987, 288, 'Consolidación', '2020-10-15 08:21:07', '2020-10-15 08:21:07'),
(988, 288, 'Reflexión', '2020-10-15 08:21:07', '2020-10-15 08:21:07'),
(989, 289, 'Activación', '2020-10-15 08:28:04', '2020-10-15 08:28:04'),
(990, 289, 'Elaboración', '2020-10-15 08:28:04', '2020-10-15 08:28:04'),
(991, 289, 'Consolidación', '2020-10-15 08:28:04', '2020-10-15 08:28:04'),
(992, 289, 'Reflexión', '2020-10-15 08:28:04', '2020-10-15 08:28:04'),
(993, 290, 'Activación', '2020-10-15 08:29:10', '2020-10-15 08:29:10'),
(994, 290, 'Elaboración', '2020-10-15 08:29:10', '2020-10-15 08:29:10'),
(995, 290, 'Consolidación', '2020-10-15 08:29:10', '2020-10-15 08:29:10'),
(996, 290, 'Reflexión', '2020-10-15 08:29:10', '2020-10-15 08:29:10'),
(997, 291, 'Activación', '2020-10-15 08:42:35', '2020-10-15 08:42:35'),
(998, 291, 'Elaboración', '2020-10-15 08:42:35', '2020-10-15 08:42:35'),
(999, 291, 'Consolidación', '2020-10-15 08:42:36', '2020-10-15 08:42:36'),
(1000, 291, 'Reflexión', '2020-10-15 08:42:36', '2020-10-15 08:42:36'),
(1001, 292, 'Activación', '2020-10-15 08:42:47', '2020-10-15 08:42:47'),
(1002, 292, 'Elaboración', '2020-10-15 08:42:47', '2020-10-15 08:42:47'),
(1003, 292, 'Consolidación', '2020-10-15 08:42:47', '2020-10-15 08:42:47'),
(1004, 292, 'Reflexión', '2020-10-15 08:42:47', '2020-10-15 08:42:47'),
(1005, 293, 'Activación', '2020-10-15 08:45:08', '2020-10-15 08:45:08'),
(1006, 293, 'Elaboración', '2020-10-15 08:45:08', '2020-10-15 08:45:08'),
(1007, 293, 'Consolidación', '2020-10-15 08:45:08', '2020-10-15 08:45:08'),
(1008, 293, 'Reflexión', '2020-10-15 08:45:08', '2020-10-15 08:45:08'),
(1009, 294, 'Activación', '2020-10-15 08:48:32', '2020-10-15 08:48:32'),
(1010, 294, 'Elaboración', '2020-10-15 08:48:32', '2020-10-15 08:48:32'),
(1011, 294, 'Consolidación', '2020-10-15 08:48:32', '2020-10-15 08:48:32'),
(1012, 294, 'Reflexión', '2020-10-15 08:48:32', '2020-10-15 08:48:32'),
(1013, 295, 'Activación', '2020-10-15 08:48:42', '2020-10-15 08:48:42'),
(1014, 295, 'Elaboración', '2020-10-15 08:48:42', '2020-10-15 08:48:42'),
(1015, 295, 'Consolidación', '2020-10-15 08:48:42', '2020-10-15 08:48:42'),
(1016, 295, 'Reflexión', '2020-10-15 08:48:42', '2020-10-15 08:48:42'),
(1017, 296, 'Activación', '2020-10-15 08:50:19', '2020-10-15 08:50:19'),
(1018, 296, 'Elaboración', '2020-10-15 08:50:20', '2020-10-15 08:50:20'),
(1019, 296, 'Consolidación', '2020-10-15 08:50:20', '2020-10-15 08:50:20'),
(1020, 296, 'Reflexión', '2020-10-15 08:50:20', '2020-10-15 08:50:20'),
(1021, 297, 'Activación', '2020-10-15 08:50:30', '2020-10-15 08:50:30'),
(1022, 297, 'Elaboración', '2020-10-15 08:50:30', '2020-10-15 08:50:30'),
(1023, 297, 'Consolidación', '2020-10-15 08:50:30', '2020-10-15 08:50:30'),
(1024, 297, 'Reflexión', '2020-10-15 08:50:30', '2020-10-15 08:50:30'),
(1025, 298, 'Activación', '2020-10-15 08:50:59', '2020-10-15 08:50:59'),
(1026, 298, 'Elaboración', '2020-10-15 08:50:59', '2020-10-15 08:50:59'),
(1027, 298, 'Consolidación', '2020-10-15 08:50:59', '2020-10-15 08:50:59'),
(1028, 298, 'Reflexión', '2020-10-15 08:50:59', '2020-10-15 08:50:59'),
(1029, 299, 'Activación', '2020-10-15 08:51:09', '2020-10-15 08:51:09'),
(1030, 299, 'Elaboración', '2020-10-15 08:51:09', '2020-10-15 08:51:09'),
(1031, 299, 'Consolidación', '2020-10-15 08:51:09', '2020-10-15 08:51:09'),
(1032, 299, 'Reflexión', '2020-10-15 08:51:09', '2020-10-15 08:51:09'),
(1033, 300, 'Activación', '2020-10-15 14:49:47', '2020-10-15 14:49:47'),
(1034, 300, 'Elaboración', '2020-10-15 14:49:47', '2020-10-15 14:49:47'),
(1035, 300, 'Consolidación', '2020-10-15 14:49:47', '2020-10-15 14:49:47'),
(1036, 300, 'Reflexión', '2020-10-15 14:49:47', '2020-10-15 14:49:47'),
(1037, 301, 'Activación', '2020-10-15 15:52:21', '2020-10-15 15:52:21'),
(1038, 301, 'Elaboración', '2020-10-15 15:52:21', '2020-10-15 15:52:21'),
(1039, 301, 'Consolidación', '2020-10-15 15:52:21', '2020-10-15 15:52:21'),
(1040, 301, 'Reflexión', '2020-10-15 15:52:21', '2020-10-15 15:52:21'),
(1041, 302, 'Activación', '2020-10-15 16:21:30', '2020-10-15 16:21:30'),
(1042, 302, 'Elaboración', '2020-10-15 16:21:30', '2020-10-15 16:21:30'),
(1043, 302, 'Consolidación', '2020-10-15 16:21:30', '2020-10-15 16:21:30'),
(1044, 302, 'Reflexión', '2020-10-15 16:21:30', '2020-10-15 16:21:30'),
(1045, 303, 'Activación', '2020-10-19 23:11:22', '2020-10-19 23:11:22'),
(1046, 303, 'Elaboración', '2020-10-19 23:11:22', '2020-10-19 23:11:22'),
(1047, 303, 'Consolidación', '2020-10-19 23:11:22', '2020-10-19 23:11:22'),
(1048, 303, 'Reflexión', '2020-10-19 23:11:22', '2020-10-19 23:11:22'),
(1049, 304, 'Activación', '2020-10-20 00:19:02', '2020-10-20 00:19:02'),
(1050, 304, 'Elaboración', '2020-10-20 00:19:02', '2020-10-20 00:19:02'),
(1051, 304, 'Consolidación', '2020-10-20 00:19:02', '2020-10-20 00:19:02'),
(1052, 304, 'Reflexión', '2020-10-20 00:19:02', '2020-10-20 00:19:02'),
(1053, 305, 'Activación', '2020-10-20 00:33:11', '2020-10-20 00:33:11'),
(1054, 305, 'Elaboración', '2020-10-20 00:33:11', '2020-10-20 00:33:11'),
(1055, 305, 'Consolidación', '2020-10-20 00:33:11', '2020-10-20 00:33:11'),
(1056, 305, 'Reflexión', '2020-10-20 00:33:11', '2020-10-20 00:33:11'),
(1057, 306, 'Activación', '2020-10-20 00:41:14', '2020-10-20 00:41:14'),
(1058, 306, 'Elaboración', '2020-10-20 00:41:14', '2020-10-20 00:41:14'),
(1059, 306, 'Consolidación', '2020-10-20 00:41:14', '2020-10-20 00:41:14'),
(1060, 306, 'Reflexión', '2020-10-20 00:41:14', '2020-10-20 00:41:14'),
(1061, 307, 'Activación', '2020-10-20 00:48:33', '2020-10-20 00:48:33'),
(1062, 307, 'Elaboración', '2020-10-20 00:48:33', '2020-10-20 00:48:33'),
(1063, 307, 'Consolidación', '2020-10-20 00:48:33', '2020-10-20 00:48:33'),
(1064, 307, 'Reflexión', '2020-10-20 00:48:33', '2020-10-20 00:48:33'),
(1065, 308, 'Activación', '2020-10-20 00:56:44', '2020-10-20 00:56:44'),
(1066, 308, 'Elaboración', '2020-10-20 00:56:44', '2020-10-20 00:56:44'),
(1067, 308, 'Consolidación', '2020-10-20 00:56:44', '2020-10-20 00:56:44'),
(1068, 308, 'Reflexión', '2020-10-20 00:56:44', '2020-10-20 00:56:44'),
(1069, 309, 'Activación', '2020-10-20 01:39:18', '2020-10-20 01:39:18'),
(1070, 309, 'Elaboración', '2020-10-20 01:39:18', '2020-10-20 01:39:18'),
(1071, 309, 'Consolidación', '2020-10-20 01:39:18', '2020-10-20 01:39:18'),
(1072, 309, 'Reflexión', '2020-10-20 01:39:18', '2020-10-20 01:39:18'),
(1073, 310, 'Activación', '2020-10-20 01:43:09', '2020-10-20 01:43:09'),
(1074, 310, 'Elaboración', '2020-10-20 01:43:09', '2020-10-20 01:43:09'),
(1075, 310, 'Consolidación', '2020-10-20 01:43:09', '2020-10-20 01:43:09'),
(1076, 310, 'Reflexión', '2020-10-20 01:43:09', '2020-10-20 01:43:09'),
(1077, 311, 'Activación', '2020-10-20 04:03:49', '2020-10-20 04:03:49'),
(1078, 311, 'Elaboración', '2020-10-20 04:03:49', '2020-10-20 04:03:49'),
(1079, 311, 'Consolidación', '2020-10-20 04:03:49', '2020-10-20 04:03:49'),
(1080, 311, 'Reflexión', '2020-10-20 04:03:49', '2020-10-20 04:03:49'),
(1081, 312, 'Activación', '2020-10-20 04:07:09', '2020-10-20 04:07:09'),
(1082, 312, 'Elaboración', '2020-10-20 04:07:09', '2020-10-20 04:07:09'),
(1083, 312, 'Consolidación', '2020-10-20 04:07:10', '2020-10-20 04:07:10'),
(1084, 312, 'Reflexión', '2020-10-20 04:07:10', '2020-10-20 04:07:10'),
(1085, 313, 'Activación', '2020-10-20 05:32:25', '2020-10-20 05:32:25'),
(1086, 313, 'Elaboración', '2020-10-20 05:32:25', '2020-10-20 05:32:25'),
(1087, 313, 'Consolidación', '2020-10-20 05:32:25', '2020-10-20 05:32:25'),
(1088, 313, 'Reflexión', '2020-10-20 05:32:25', '2020-10-20 05:32:25'),
(1089, 314, 'Activación', '2020-10-20 06:33:04', '2020-10-20 06:33:04'),
(1090, 314, 'Elaboración', '2020-10-20 06:33:04', '2020-10-20 06:33:04'),
(1091, 314, 'Consolidación', '2020-10-20 06:33:04', '2020-10-20 06:33:04'),
(1092, 314, 'Reflexión', '2020-10-20 06:33:04', '2020-10-20 06:33:04'),
(1093, 315, 'Activación', '2020-10-20 22:13:14', '2020-10-20 22:13:14'),
(1094, 315, 'Elaboración', '2020-10-20 22:13:14', '2020-10-20 22:13:14'),
(1095, 315, 'Consolidación', '2020-10-20 22:13:14', '2020-10-20 22:13:14'),
(1096, 315, 'Reflexión', '2020-10-20 22:13:14', '2020-10-20 22:13:14'),
(1097, 316, 'Activación', '2020-10-20 22:44:19', '2020-10-20 22:44:19'),
(1098, 316, 'Elaboración', '2020-10-20 22:44:19', '2020-10-20 22:44:19'),
(1099, 316, 'Consolidación', '2020-10-20 22:44:19', '2020-10-20 22:44:19'),
(1100, 316, 'Reflexión', '2020-10-20 22:44:19', '2020-10-20 22:44:19'),
(1101, 317, 'Activación', '2020-10-20 22:47:31', '2020-10-20 22:47:31'),
(1102, 317, 'Elaboración', '2020-10-20 22:47:31', '2020-10-20 22:47:31'),
(1103, 317, 'Consolidación', '2020-10-20 22:47:31', '2020-10-20 22:47:31'),
(1104, 317, 'Reflexión', '2020-10-20 22:47:31', '2020-10-20 22:47:31'),
(1105, 318, 'Activación', '2020-10-20 23:41:38', '2020-10-20 23:41:38'),
(1106, 318, 'Elaboración', '2020-10-20 23:41:38', '2020-10-20 23:41:38'),
(1107, 318, 'Consolidación', '2020-10-20 23:41:38', '2020-10-20 23:41:38'),
(1108, 318, 'Reflexión', '2020-10-20 23:41:38', '2020-10-20 23:41:38'),
(1109, 319, 'Activación', '2020-10-21 00:03:38', '2020-10-21 00:03:38'),
(1110, 319, 'Elaboración', '2020-10-21 00:03:38', '2020-10-21 00:03:38'),
(1111, 319, 'Consolidación', '2020-10-21 00:03:38', '2020-10-21 00:03:38'),
(1112, 319, 'Reflexión', '2020-10-21 00:03:38', '2020-10-21 00:03:38'),
(1113, 320, 'Activación', '2020-10-21 05:41:33', '2020-10-21 05:41:33'),
(1114, 320, 'Elaboración', '2020-10-21 05:41:33', '2020-10-21 05:41:33'),
(1115, 320, 'Consolidación', '2020-10-21 05:41:33', '2020-10-21 05:41:33'),
(1116, 320, 'Reflexión', '2020-10-21 05:41:34', '2020-10-21 05:41:34'),
(1117, 321, 'Activación', '2020-10-21 08:48:42', '2020-10-21 08:48:42'),
(1118, 321, 'Elaboración', '2020-10-21 08:48:42', '2020-10-21 08:48:42'),
(1119, 321, 'Consolidación', '2020-10-21 08:48:42', '2020-10-21 08:48:42'),
(1120, 321, 'Reflexión', '2020-10-21 08:48:42', '2020-10-21 08:48:42'),
(1121, 322, 'Activación', '2020-10-21 23:22:54', '2020-10-21 23:22:54'),
(1122, 322, 'Elaboración', '2020-10-21 23:22:54', '2020-10-21 23:22:54'),
(1123, 322, 'Consolidación', '2020-10-21 23:22:54', '2020-10-21 23:22:54'),
(1124, 322, 'Reflexión', '2020-10-21 23:22:54', '2020-10-21 23:22:54'),
(1125, 323, 'Activación', '2020-10-22 00:41:09', '2020-10-22 00:41:09'),
(1126, 323, 'Elaboración', '2020-10-22 00:41:09', '2020-10-22 00:41:09'),
(1127, 323, 'Consolidación', '2020-10-22 00:41:09', '2020-10-22 00:41:09'),
(1128, 323, 'Reflexión', '2020-10-22 00:41:09', '2020-10-22 00:41:09'),
(1129, 324, 'Activación', '2020-10-22 17:42:08', '2020-10-22 17:42:08'),
(1130, 324, 'Elaboración', '2020-10-22 17:42:08', '2020-10-22 17:42:08'),
(1131, 324, 'Consolidación', '2020-10-22 17:42:08', '2020-10-22 17:42:08'),
(1132, 324, 'Reflexión', '2020-10-22 17:42:08', '2020-10-22 17:42:08'),
(1133, 325, 'Activación', '2020-10-27 00:38:09', '2020-10-27 00:38:09'),
(1134, 325, 'Elaboración', '2020-10-27 00:38:09', '2020-10-27 00:38:09'),
(1135, 325, 'Consolidación', '2020-10-27 00:38:09', '2020-10-27 00:38:09'),
(1136, 325, 'Reflexión', '2020-10-27 00:38:09', '2020-10-27 00:38:09'),
(1137, 326, 'Activación', '2020-11-04 00:07:14', '2020-11-04 00:07:14'),
(1138, 326, 'Elaboración', '2020-11-04 00:07:14', '2020-11-04 00:07:14'),
(1139, 326, 'Consolidación', '2020-11-04 00:07:14', '2020-11-04 00:07:14'),
(1140, 326, 'Reflexión', '2020-11-04 00:07:14', '2020-11-04 00:07:14'),
(1141, 327, 'Activación', '2020-11-04 00:07:49', '2020-11-04 00:07:49'),
(1142, 327, 'Elaboración', '2020-11-04 00:07:49', '2020-11-04 00:07:49'),
(1143, 327, 'Consolidación', '2020-11-04 00:07:49', '2020-11-04 00:07:49'),
(1144, 327, 'Reflexión', '2020-11-04 00:07:49', '2020-11-04 00:07:49'),
(1145, 328, 'Hola', '2020-11-03 21:53:30', '2020-11-04 00:53:30'),
(1146, 328, 'Ayer', '2020-11-03 21:53:37', '2020-11-04 00:53:37'),
(1147, 328, 'Consolidación', '2020-11-04 00:12:09', '2020-11-04 00:12:09'),
(1148, 328, 'Reflexión', '2020-11-04 00:12:09', '2020-11-04 00:12:09'),
(1149, 329, 'Activación', '2020-11-05 03:29:05', '2020-11-05 03:29:05'),
(1150, 329, 'Elaboración', '2020-11-05 03:29:05', '2020-11-05 03:29:05'),
(1151, 329, 'Consolidación', '2020-11-05 03:29:05', '2020-11-05 03:29:05'),
(1152, 329, 'Reflexión', '2020-11-05 03:29:05', '2020-11-05 03:29:05'),
(1153, 330, 'Activación', '2020-11-05 03:33:09', '2020-11-05 03:33:09'),
(1154, 330, 'Elaboración', '2020-11-05 03:33:10', '2020-11-05 03:33:10'),
(1155, 330, 'Consolidación', '2020-11-05 03:33:10', '2020-11-05 03:33:10'),
(1156, 330, 'Reflexión', '2020-11-05 03:33:10', '2020-11-05 03:33:10'),
(1157, 331, 'Activación', '2020-11-05 03:33:56', '2020-11-05 03:33:56'),
(1158, 331, 'Elaboración', '2020-11-05 03:33:56', '2020-11-05 03:33:56'),
(1159, 331, 'Consolidación', '2020-11-05 03:33:56', '2020-11-05 03:33:56'),
(1160, 331, 'Reflexión', '2020-11-05 03:33:56', '2020-11-05 03:33:56'),
(1161, 332, 'Activación', '2020-11-05 03:37:36', '2020-11-05 03:37:36'),
(1162, 332, 'Elaboración', '2020-11-05 03:37:36', '2020-11-05 03:37:36'),
(1163, 332, 'Consolidación', '2020-11-05 03:37:36', '2020-11-05 03:37:36'),
(1164, 332, 'Reflexión', '2020-11-05 03:37:36', '2020-11-05 03:37:36'),
(1165, 333, 'Activación', '2020-11-11 22:20:14', '2020-11-11 22:20:14'),
(1166, 333, 'Elaboración', '2020-11-11 22:20:14', '2020-11-11 22:20:14'),
(1167, 333, 'Consolidación', '2020-11-11 22:20:14', '2020-11-11 22:20:14'),
(1168, 333, 'Reflexión', '2020-11-11 22:20:14', '2020-11-11 22:20:14'),
(1169, 334, 'Activación', '2020-11-11 22:24:04', '2020-11-11 22:24:04'),
(1170, 334, 'Elaboración', '2020-11-11 22:24:04', '2020-11-11 22:24:04'),
(1171, 334, 'Consolidación', '2020-11-11 22:24:04', '2020-11-11 22:24:04'),
(1172, 334, 'Reflexión', '2020-11-11 22:24:04', '2020-11-11 22:24:04'),
(1173, 335, 'Activación', '2020-11-11 22:25:37', '2020-11-11 22:25:37'),
(1174, 335, 'Elaboración', '2020-11-11 22:25:37', '2020-11-11 22:25:37'),
(1175, 335, 'Consolidación', '2020-11-11 22:25:37', '2020-11-11 22:25:37'),
(1176, 335, 'Reflexión', '2020-11-11 22:25:37', '2020-11-11 22:25:37'),
(1177, 336, 'Activación', '2020-11-11 22:26:16', '2020-11-11 22:26:16'),
(1178, 336, 'Elaboración', '2020-11-11 22:26:16', '2020-11-11 22:26:16'),
(1179, 336, 'Consolidación', '2020-11-11 22:26:16', '2020-11-11 22:26:16'),
(1180, 336, 'Reflexión', '2020-11-11 22:26:16', '2020-11-11 22:26:16'),
(1181, 337, 'Activación', '2020-11-11 22:27:20', '2020-11-11 22:27:20'),
(1182, 337, 'Elaboración', '2020-11-11 22:27:20', '2020-11-11 22:27:20'),
(1183, 337, 'Consolidación', '2020-11-11 22:27:20', '2020-11-11 22:27:20'),
(1184, 337, 'Reflexión', '2020-11-11 22:27:20', '2020-11-11 22:27:20'),
(1185, 338, 'Activación', '2020-11-11 22:28:28', '2020-11-11 22:28:28'),
(1186, 338, 'Elaboración', '2020-11-11 22:28:28', '2020-11-11 22:28:28'),
(1187, 338, 'Consolidación', '2020-11-11 22:28:28', '2020-11-11 22:28:28'),
(1188, 338, 'Reflexión', '2020-11-11 22:28:28', '2020-11-11 22:28:28'),
(1189, 339, 'Activación', '2020-11-11 22:32:47', '2020-11-11 22:32:47'),
(1190, 339, 'Elaboración', '2020-11-11 22:32:47', '2020-11-11 22:32:47'),
(1191, 339, 'Consolidación', '2020-11-11 22:32:47', '2020-11-11 22:32:47'),
(1192, 339, 'Reflexión', '2020-11-11 22:32:47', '2020-11-11 22:32:47'),
(1193, 340, 'Activación', '2020-11-11 22:35:07', '2020-11-11 22:35:07'),
(1194, 340, 'Elaboración', '2020-11-11 22:35:07', '2020-11-11 22:35:07'),
(1195, 340, 'Consolidación', '2020-11-11 22:35:07', '2020-11-11 22:35:07'),
(1196, 340, 'Reflexión', '2020-11-11 22:35:07', '2020-11-11 22:35:07'),
(1197, 341, 'Activación', '2020-11-11 22:36:00', '2020-11-11 22:36:00'),
(1198, 341, 'Elaboración', '2020-11-11 22:36:00', '2020-11-11 22:36:00'),
(1199, 341, 'Consolidación', '2020-11-11 22:36:01', '2020-11-11 22:36:01'),
(1200, 341, 'Reflexión', '2020-11-11 22:36:01', '2020-11-11 22:36:01'),
(1201, 342, 'Activación', '2020-11-11 22:41:11', '2020-11-11 22:41:11'),
(1202, 342, 'Elaboración', '2020-11-11 22:41:11', '2020-11-11 22:41:11'),
(1203, 342, 'Consolidación', '2020-11-11 22:41:11', '2020-11-11 22:41:11'),
(1204, 342, 'Reflexión', '2020-11-11 22:41:11', '2020-11-11 22:41:11'),
(1205, 343, 'Activación', '2020-11-11 22:45:20', '2020-11-11 22:45:20'),
(1206, 343, 'Elaboración', '2020-11-11 22:45:20', '2020-11-11 22:45:20'),
(1207, 343, 'Consolidación', '2020-11-11 22:45:20', '2020-11-11 22:45:20'),
(1208, 343, 'Reflexión', '2020-11-11 22:45:20', '2020-11-11 22:45:20'),
(1209, 344, 'Activación', '2020-11-11 22:46:59', '2020-11-11 22:46:59'),
(1210, 344, 'Elaboración', '2020-11-11 22:46:59', '2020-11-11 22:46:59'),
(1211, 344, 'Consolidación', '2020-11-11 22:46:59', '2020-11-11 22:46:59'),
(1212, 344, 'Reflexión', '2020-11-11 22:46:59', '2020-11-11 22:46:59'),
(1213, 345, 'Activación', '2020-11-11 22:49:07', '2020-11-11 22:49:07'),
(1214, 345, 'Elaboración', '2020-11-11 22:49:07', '2020-11-11 22:49:07'),
(1215, 345, 'Consolidación', '2020-11-11 22:49:07', '2020-11-11 22:49:07'),
(1216, 345, 'Reflexión', '2020-11-11 22:49:08', '2020-11-11 22:49:08'),
(1217, 346, 'Activación', '2020-11-11 22:49:54', '2020-11-11 22:49:54'),
(1218, 346, 'Elaboración', '2020-11-11 22:49:54', '2020-11-11 22:49:54'),
(1219, 346, 'Consolidación', '2020-11-11 22:49:54', '2020-11-11 22:49:54'),
(1220, 346, 'Reflexión', '2020-11-11 22:49:54', '2020-11-11 22:49:54'),
(1221, 347, 'Activación', '2020-11-12 04:34:32', '2020-11-12 04:34:32'),
(1222, 347, 'Elaboración', '2020-11-12 04:34:32', '2020-11-12 04:34:32'),
(1223, 347, 'Consolidación', '2020-11-12 04:34:32', '2020-11-12 04:34:32'),
(1224, 347, 'Reflexión', '2020-11-12 04:34:33', '2020-11-12 04:34:33'),
(1225, 348, 'Activación', '2020-11-18 04:34:31', '2020-11-18 04:34:31'),
(1226, 348, 'Elaboración', '2020-11-18 04:34:31', '2020-11-18 04:34:31'),
(1227, 348, 'Consolidación', '2020-11-18 04:34:31', '2020-11-18 04:34:31'),
(1228, 348, 'Reflexión', '2020-11-18 04:34:31', '2020-11-18 04:34:31'),
(1229, 349, 'Activación', '2020-11-18 04:35:56', '2020-11-18 04:35:56'),
(1230, 349, 'Elaboración', '2020-11-18 04:35:56', '2020-11-18 04:35:56'),
(1231, 349, 'Consolidación', '2020-11-18 04:35:56', '2020-11-18 04:35:56'),
(1232, 349, 'Reflexión', '2020-11-18 04:35:56', '2020-11-18 04:35:56'),
(1233, 350, 'Activación', '2020-11-18 04:36:22', '2020-11-18 04:36:22'),
(1234, 350, 'Elaboración', '2020-11-18 04:36:22', '2020-11-18 04:36:22'),
(1235, 350, 'Consolidación', '2020-11-18 04:36:23', '2020-11-18 04:36:23'),
(1236, 350, 'Reflexión', '2020-11-18 04:36:23', '2020-11-18 04:36:23'),
(1237, 351, 'Activación', '2020-11-18 20:57:25', '2020-11-18 20:57:25'),
(1238, 351, 'Elaboración', '2020-11-18 20:57:25', '2020-11-18 20:57:25'),
(1239, 351, 'Consolidación', '2020-11-18 20:57:25', '2020-11-18 20:57:25'),
(1240, 351, 'Reflexión', '2020-11-18 20:57:25', '2020-11-18 20:57:25'),
(1241, 352, 'Activación', '2020-11-19 05:32:26', '2020-11-19 05:32:26'),
(1242, 352, 'Elaboración', '2020-11-19 05:32:26', '2020-11-19 05:32:26'),
(1243, 352, 'Consolidación', '2020-11-19 05:32:26', '2020-11-19 05:32:26'),
(1244, 352, 'Reflexión', '2020-11-19 05:32:26', '2020-11-19 05:32:26'),
(1245, 353, 'Activación', '2020-11-20 03:22:57', '2020-11-20 03:22:57'),
(1246, 353, 'Elaboración', '2020-11-20 03:22:57', '2020-11-20 03:22:57'),
(1247, 353, 'Consolidación', '2020-11-20 03:22:57', '2020-11-20 03:22:57'),
(1248, 353, 'Reflexión', '2020-11-20 03:22:57', '2020-11-20 03:22:57'),
(1249, 354, 'Activación', '2020-11-20 03:24:39', '2020-11-20 03:24:39'),
(1250, 354, 'Elaboración', '2020-11-20 03:24:39', '2020-11-20 03:24:39'),
(1251, 354, 'Consolidación', '2020-11-20 03:24:39', '2020-11-20 03:24:39'),
(1252, 354, 'Reflexión', '2020-11-20 03:24:39', '2020-11-20 03:24:39'),
(1253, 355, 'Activación', '2020-11-20 10:35:40', '2020-11-20 10:35:40'),
(1254, 355, 'Elaboración', '2020-11-20 10:35:40', '2020-11-20 10:35:40'),
(1255, 355, 'Consolidación', '2020-11-20 10:35:40', '2020-11-20 10:35:40'),
(1256, 355, 'Reflexión', '2020-11-20 10:35:40', '2020-11-20 10:35:40'),
(1257, 356, 'Activación', '2020-12-03 11:05:00', '2020-12-03 11:05:00'),
(1258, 356, 'Elaboración', '2020-12-03 11:05:00', '2020-12-03 11:05:00'),
(1259, 356, 'Consolidación', '2020-12-03 11:05:00', '2020-12-03 11:05:00'),
(1260, 356, 'Reflexión', '2020-12-03 11:05:00', '2020-12-03 11:05:00'),
(1261, 357, 'Activación', '2020-12-04 18:56:10', '2020-12-04 18:56:10'),
(1262, 357, 'Elaboración', '2020-12-04 18:56:10', '2020-12-04 18:56:10'),
(1263, 357, 'Consolidación', '2020-12-04 18:56:10', '2020-12-04 18:56:10'),
(1264, 357, 'Reflexión', '2020-12-04 18:56:10', '2020-12-04 18:56:10'),
(1265, 358, 'Activación', '2020-12-08 23:29:43', '2020-12-08 23:29:43'),
(1266, 358, 'Elaboración', '2020-12-08 23:29:43', '2020-12-08 23:29:43'),
(1267, 358, 'Consolidación', '2020-12-08 23:29:43', '2020-12-08 23:29:43'),
(1268, 358, 'Reflexión', '2020-12-08 23:29:43', '2020-12-08 23:29:43'),
(1269, 359, 'Activación', '2020-12-09 03:56:54', '2020-12-09 03:56:54'),
(1270, 359, 'Elaboración', '2020-12-09 03:56:54', '2020-12-09 03:56:54'),
(1271, 359, 'Consolidación', '2020-12-09 03:56:54', '2020-12-09 03:56:54'),
(1272, 359, 'Reflexión', '2020-12-09 03:56:54', '2020-12-09 03:56:54'),
(1273, 360, 'Activación', '2020-12-09 04:14:41', '2020-12-09 04:14:41'),
(1274, 360, 'Elaboración', '2020-12-09 04:14:41', '2020-12-09 04:14:41'),
(1275, 360, 'Consolidación', '2020-12-09 04:14:41', '2020-12-09 04:14:41'),
(1276, 360, 'Reflexión', '2020-12-09 04:14:41', '2020-12-09 04:14:41'),
(1277, 361, 'Activación', '2020-12-10 01:43:22', '2020-12-10 01:43:22'),
(1278, 361, 'Elaboración', '2020-12-10 01:43:22', '2020-12-10 01:43:22'),
(1279, 361, 'Consolidación', '2020-12-10 01:43:22', '2020-12-10 01:43:22'),
(1280, 361, 'Reflexión', '2020-12-10 01:43:22', '2020-12-10 01:43:22'),
(1281, 362, 'Activación', '2020-12-10 04:39:30', '2020-12-10 04:39:30'),
(1282, 362, 'Elaboración', '2020-12-10 04:39:30', '2020-12-10 04:39:30'),
(1283, 362, 'Consolidación', '2020-12-10 04:39:30', '2020-12-10 04:39:30'),
(1284, 362, 'Reflexión', '2020-12-10 04:39:30', '2020-12-10 04:39:30'),
(1285, 363, 'Activación', '2020-12-10 16:48:44', '2020-12-10 16:48:44'),
(1286, 363, 'Elaboración', '2020-12-10 16:48:44', '2020-12-10 16:48:44'),
(1287, 363, 'Consolidación', '2020-12-10 16:48:44', '2020-12-10 16:48:44'),
(1288, 363, 'Reflexión', '2020-12-10 16:48:44', '2020-12-10 16:48:44'),
(1289, 364, 'Activación', '2021-03-16 08:36:31', '2021-03-16 08:36:31'),
(1290, 364, 'Elaboración', '2021-03-16 08:36:31', '2021-03-16 08:36:31'),
(1291, 364, 'Consolidación', '2021-03-16 08:36:31', '2021-03-16 08:36:31'),
(1292, 364, 'Reflexión', '2021-03-16 08:36:31', '2021-03-16 08:36:31'),
(1293, 365, 'Activación', '2021-04-01 00:17:02', '2021-04-01 00:17:02'),
(1294, 365, 'Elaboración', '2021-04-01 00:17:02', '2021-04-01 00:17:02'),
(1295, 365, 'Consolidación', '2021-04-01 00:17:02', '2021-04-01 00:17:02'),
(1296, 365, 'Reflexión', '2021-04-01 00:17:02', '2021-04-01 00:17:02'),
(1297, 366, 'Activación', '2021-04-23 23:46:05', '2021-04-23 23:46:05'),
(1298, 366, 'Elaboración', '2021-04-23 23:46:05', '2021-04-23 23:46:05'),
(1299, 366, 'Consolidación', '2021-04-23 23:46:05', '2021-04-23 23:46:05'),
(1300, 366, 'Reflexión', '2021-04-23 23:46:05', '2021-04-23 23:46:05'),
(1301, 367, 'Activación', '2021-05-16 00:05:46', '2021-05-16 00:05:46'),
(1302, 367, 'Elaboración', '2021-05-16 00:05:46', '2021-05-16 00:05:46'),
(1303, 367, 'Consolidación', '2021-05-16 00:05:46', '2021-05-16 00:05:46'),
(1304, 367, 'Reflexión', '2021-05-16 00:05:46', '2021-05-16 00:05:46'),
(1305, 368, 'Activación', '2021-08-18 02:54:33', '2021-08-18 02:54:33'),
(1306, 368, 'Elaboración', '2021-08-18 02:54:33', '2021-08-18 02:54:33'),
(1307, 368, 'Consolidación', '2021-08-18 02:54:33', '2021-08-18 02:54:33'),
(1308, 368, 'Reflexión', '2021-08-18 02:54:33', '2021-08-18 02:54:33'),
(1309, 369, 'Activación', '2021-08-18 02:56:09', '2021-08-18 02:56:09'),
(1310, 369, 'Elaboración', '2021-08-18 02:56:09', '2021-08-18 02:56:09'),
(1311, 369, 'Consolidación', '2021-08-18 02:56:09', '2021-08-18 02:56:09'),
(1312, 369, 'Reflexión', '2021-08-18 02:56:09', '2021-08-18 02:56:09');

-- --------------------------------------------------------

--
-- Estructura de tabla para la tabla `blockly_activity_answers`
--

CREATE TABLE `blockly_activity_answers` (
  `id` int(10) UNSIGNED NOT NULL,
  `activity_id` int(10) UNSIGNED NOT NULL,
  `student_id` int(10) UNSIGNED NOT NULL,
  `value` text NOT NULL,
  `created_at` timestamp NOT NULL DEFAULT current_timestamp() ON UPDATE current_timestamp(),
  `updated_at` timestamp NOT NULL DEFAULT '0000-00-00 00:00:00'
) ENGINE=InnoDB DEFAULT CHARSET=latin1;

--
-- Volcado de datos para la tabla `blockly_activity_answers`
--

INSERT INTO `blockly_activity_answers` (`id`, `activity_id`, `student_id`, `value`, `created_at`, `updated_at`) VALUES
(1, 4, 1, '<xml xmlns=\"http://www.w3.org/1999/xhtml\"><block type=\"variables_set\" id=\"51eH;[1XS(_{]:|r;UJt\" x=\"203\" y=\"234\"><field name=\"VAR\">elemento</field><value name=\"VALUE\"><block type=\"math_number\" id=\"dOERj,Mi,q_toWqzeeby\"><field name=\"NUM\">0</field></block></value><next><block type=\"controls_if\" id=\"T;!zZqVZ(A-[ug1(u7F9\"><value name=\"IF0\"><block type=\"logic_compare\" id=\"b7+Iz#53Vg1EvV0}g|[G\"><field name=\"OP\">EQ</field><value name=\"A\"><block type=\"variables_get\" id=\"bGk7]ETnA0ZYf1mVW46s\"><field name=\"VAR\">elemento</field></block></value><value name=\"B\"><block type=\"math_number\" id=\"zLo}Jw]{m4wu-(*K8w1O\"><field name=\"NUM\">0</field></block></value></block></value><statement name=\"DO0\"><block type=\"controls_repeat_ext\" id=\"AY.vR?VNya]r_-p@o@13\"><value name=\"TIMES\"><shadow type=\"math_number\" id=\"[/g1t{;7@}{m[zV.UQfT\"><field name=\"NUM\">10</field></shadow></value><statement name=\"DO\"><block type=\"text_console\" id=\"CvAsCCtBgd7fj:*xVgp=\"><value name=\"CONSOLE\"><block type=\"text\" id=\"{`|96sUD_.Ue[y!dpkY4\"><field name=\"TEXT\">La sentencia es verdadera</field></block></value></block></statement></block></statement></block></next></block></xml>', '2016-11-29 01:53:56', '2016-11-29 04:53:56'),
(2, 2, 1, '<xml xmlns=\"http://www.w3.org/1999/xhtml\"><block type=\"variables_set\" id=\"block-variableSet\" x=\"174\" y=\"239\"><field name=\"VAR\">elemento</field><value name=\"VALUE\"><block type=\"math_number\" id=\"block-number\"><field name=\"NUM\">10</field></block></value><next><block type=\"text_console\" id=\"block-console\"><value name=\"CONSOLE\"><block type=\"variables_get\" id=\"block-variableGet\"><field name=\"VAR\">elemento</field></block></value></block></next></block></xml>', '2016-11-29 01:51:20', '2016-11-29 04:51:20'),
(6, 1, 1, '<xml xmlns=\"http://www.w3.org/1999/xhtml\"><block type=\"text_console\" id=\"block-console\" x=\"174\" y=\"265\"><value name=\"CONSOLE\"><block type=\"text\" id=\"block-string\"><field name=\"TEXT\">Hola Mundo! :D</field></block></value></block></xml>', '2016-11-29 00:52:51', '2016-11-29 03:52:51'),
(7, 3, 1, '<xml xmlns=\"http://www.w3.org/1999/xhtml\"><block type=\"controls_if\" id=\"block-if\" x=\"145\" y=\"190\"><value name=\"IF0\"><block type=\"logic_compare\" id=\"block-compare\"><field name=\"OP\">EQ</field><value name=\"A\"><block type=\"math_number\" id=\"dOERj,Mi,q_toWqzeeby\"><field name=\"NUM\">10</field></block></value><value name=\"B\"><block type=\"math_number\" id=\"block-number\"><field name=\"NUM\">10</field></block></value></block></value><statement name=\"DO0\"><block type=\"text_console\" id=\"J`rX*lwLS9DJg^!+Z@Yz\"><value name=\"CONSOLE\"><block type=\"text\" id=\"block-string\"><field name=\"TEXT\">La sentencia es verdadera</field></block></value></block></statement></block></xml>', '2016-12-19 05:34:01', '2016-12-19 08:34:01'),
(8, 7, 1, '<xml xmlns=\"http://www.w3.org/1999/xhtml\"><block type=\"procedures_defnoreturn\" id=\"tPFAvw|Ulg/,LmruC=MQ\" x=\"13\" y=\"-5\"><field name=\"NAME\">hacer algo</field><comment pinned=\"false\" h=\"80\" w=\"160\">Describe esta función...</comment><statement name=\"STACK\"><block type=\"controls_if\" id=\"x:9k`hfy)Awn.yP0(oa=\"><statement name=\"DO0\"><block type=\"variables_set\" id=\"?9h]:B_8#oYekfu9]M|8\"><field name=\"VAR\">elemento</field><value name=\"VALUE\"><block type=\"variables_get\" id=\",52P4s.NX=,%;mZP}EBI\"><field name=\"VAR\">elemento</field></block></value><next><block type=\"controls_repeat_ext\" id=\"ryj?BjKy1Cp~Pi-}x;u.\"><value name=\"TIMES\"><shadow type=\"math_number\" id=\"qO:DuA_(|g_y~js~w;Pl\"><field name=\"NUM\">10</field></shadow></value></block></next></block></statement></block></statement></block></xml>', '2021-06-06 17:40:26', '2021-06-06 17:40:26'),
(9, 8, 1, '<xml xmlns=\"http://www.w3.org/1999/xhtml\"><block type=\"controls_if\" id=\"lPcUhGK+h4D}vpS7-xr|\" x=\"69\" y=\"18\"><statement name=\"DO0\"><block type=\"controls_repeat_ext\" id=\"*lsCiMC}L[=.ua]pon]q\"><value name=\"TIMES\"><shadow type=\"math_number\" id=\"4xN`T_75tk1tVS~!%mdF\"><field name=\"NUM\">10</field></shadow></value></block></statement></block><block type=\"variables_set\" id=\"block-variableSet\" x=\"309\" y=\"165\"><field name=\"VAR\">elemento</field><value name=\"VALUE\"><block type=\"variables_get\" id=\"block-variableGet\"><field name=\"VAR\">elemento</field></block></value></block><block type=\"procedures_defnoreturn\" id=\".asOJL_2V~=FlHFgnWWH\" x=\"95\" y=\"217\"><field name=\"NAME\">hacer algo</field><comment pinned=\"false\" h=\"80\" w=\"160\">Describe esta función...</comment></block></xml>', '2021-06-07 03:18:17', '2021-06-07 03:18:17'),
(10, 9, 1, '<xml xmlns=\"http://www.w3.org/1999/xhtml\"></xml>', '2016-12-19 01:35:16', '2016-12-19 04:35:16'),
(11, 11, 1, '<xml xmlns=\"http://www.w3.org/1999/xhtml\"><block type=\"procedures_callnoreturn\" id=\"L,%T?eU^WYWfmUwX`w)x\" x=\"359\" y=\"24\"><mutation name=\"calc_primos\"><arg name=\"x\"></arg></mutation><value name=\"ARG0\"><block type=\"math_number\" id=\"(/=G|zrXJ9R=Io|.98Ut\"><field name=\"NUM\">11</field></block></value></block><block type=\"procedures_defnoreturn\" id=\"@lnW)e]yTFElrfCxn007\" x=\"374\" y=\"110\"><mutation><arg name=\"x\"></arg></mutation><field name=\"NAME\">calc_primos</field><comment pinned=\"false\" h=\"80\" w=\"160\">Describe esta función...</comment><statement name=\"STACK\"><block type=\"variables_set\" id=\"%%rPYwhX2!yg`X7#S6gY\"><field name=\"VAR\">d</field><value name=\"VALUE\"><block type=\"math_number\" id=\"9*=1HNV4ZM^j_cA-HJi%\"><field name=\"NUM\">2</field></block></value><next><block type=\"variables_set\" id=\"@U!BJ9@#Mehm[_FKi=VE\"><field name=\"VAR\">n</field><value name=\"VALUE\"><block type=\"variables_get\" id=\"Z[-9/O:O7/@ag)LE3oCR\"><field name=\"VAR\">x</field></block></value><next><block type=\"variables_set\" id=\"%-dli~N;={^b.S@U[Cup\"><field name=\"VAR\">primo</field><value name=\"VALUE\"><block type=\"logic_boolean\" id=\"d`Ax71~iS%XFum84S^_7\"><field name=\"BOOL\">TRUE</field></block></value><next><block type=\"controls_whileUntil\" id=\"?h3m1qD#HNkPVJa*(uwC\"><field name=\"MODE\">WHILE</field><value name=\"BOOL\"><block type=\"logic_compare\" id=\"6Iu1+pA/a.Ox|yZLbJuy\"><field name=\"OP\">LT</field><value name=\"A\"><block type=\"variables_get\" id=\"q+EXKR!DZbE9).Zai{~(\"><field name=\"VAR\">d</field></block></value><value name=\"B\"><block type=\"variables_get\" id=\"jVXvsa%BjD7ZBJoV.Jt?\"><field name=\"VAR\">n</field></block></value></block></value><statement name=\"DO\"><block type=\"controls_if\" id=\"_In40JfBC5icaS*{Ym6/\"><value name=\"IF0\"><block type=\"logic_compare\" id=\"H78ekSFcPQrRN}XJr?2,\"><field name=\"OP\">EQ</field><value name=\"A\"><block type=\"math_modulo\" id=\"uLrLF?77nNXUpG]mmO=z\"><value name=\"DIVIDEND\"><shadow type=\"math_number\" id=\"x2)(h[e@e163*`u1Ctso\"><field name=\"NUM\">64</field></shadow><block type=\"variables_get\" id=\"~V`nyNT3@NHZ*PLw!%|?\"><field name=\"VAR\">n</field></block></value><value name=\"DIVISOR\"><shadow type=\"math_number\" id=\"Rd[r)OxaO4uhXU~:YLUT\"><field name=\"NUM\">10</field></shadow><block type=\"variables_get\" id=\"tCG`g@Bo%h1w*aHT*U{T\"><field name=\"VAR\">d</field></block></value></block></value><value name=\"B\"><block type=\"math_number\" id=\"|vO;*1apw3uB?kun|oH]\"><field name=\"NUM\">0</field></block></value></block></value><statement name=\"DO0\"><block type=\"variables_set\" id=\"]!yo^O4b._IaqR@X786+\"><field name=\"VAR\">primo</field><value name=\"VALUE\"><block type=\"logic_boolean\" id=\"GcU8^{Nf{Z|nxMDh,4Mr\"><field name=\"BOOL\">FALSE</field></block></value><next><block type=\"text_console\" id=\"IB}J{#(:DF)O{kRI2Og%\"><value name=\"CONSOLE\"><block type=\"variables_get\" id=\",:}#p@hau:9y7=SKbU(m\"><field name=\"VAR\">d</field></block></value><next><block type=\"controls_flow_statements\" id=\"|Z-OK#jJZompsa^N}K`f\"><field name=\"FLOW\">BREAK</field></block></next></block></next></block></statement><next><block type=\"variables_set\" id=\"rJ~xf|Ox%;.zCF^9WMKM\"><field name=\"VAR\">d</field><value name=\"VALUE\"><block type=\"math_arithmetic\" id=\"}u]=~qVBG.Vr0gacwZg8\"><field name=\"OP\">ADD</field><value name=\"A\"><shadow type=\"math_number\" id=\"3t9l-#?58rIgmpRG#yp^\"><field name=\"NUM\">1</field></shadow><block type=\"variables_get\" id=\"1;M`/HYeR]zDKVLmc~A,\"><field name=\"VAR\">d</field></block></value><value name=\"B\"><shadow type=\"math_number\" id=\".0,*vjJ%9KRW~MS2M+^5\"><field name=\"NUM\">1</field></shadow></value></block></value></block></next></block></statement><next><block type=\"controls_if\" id=\"6)W9Nsp3caAB)w6_[/Nm\"><mutation else=\"1\"></mutation><value name=\"IF0\"><block type=\"variables_get\" id=\"gGtGvkC:bb:4nvM`XM25\"><field name=\"VAR\">primo</field></block></value><statement name=\"DO0\"><block type=\"text_console\" id=\"-:u~wjXFf{L%*#7;y~6f\"><value name=\"CONSOLE\"><block type=\"text\" id=\"5FFIxNUL)tn#1d37Yc5o\"><field name=\"TEXT\">Es primo</field></block></value></block></statement><statement name=\"ELSE\"><block type=\"text_console\" id=\"VhBHFuHAb|!x5y~OS46z\"><value name=\"CONSOLE\"><block type=\"text\" id=\"-#qV(3_Yh5BQ^HEx9mY0\"><field name=\"TEXT\">No es primo</field></block></value></block></statement></block></next></block></next></block></next></block></next></block></statement></block></xml>', '2016-08-05 16:48:05', '2016-08-05 20:48:05'),
(12, 10, 1, '<xml xmlns=\"http://www.w3.org/1999/xhtml\"><block type=\"controls_repeat_ext\" id=\"block-whileNum\" x=\"371\" y=\"221\"><value name=\"TIMES\"><shadow type=\"math_number\" id=\"CC2Pu=jJMOG@D8mfG9wb\"><field name=\"NUM\">10</field></shadow></value></block></xml>', '2016-08-23 08:18:57', '2016-08-23 08:18:57'),
(13, 1, 2, '<xml xmlns=\"http://www.w3.org/1999/xhtml\"><block type=\"variables_set\" id=\"block-variableSet\" x=\"280\" y=\"154\"><field name=\"VAR\">elemento</field><next><block type=\"text_console\" id=\"block-console\"><value name=\"CONSOLE\"><block type=\"text\" id=\"block-string\"><field name=\"TEXT\"></field></block></value></block></next></block></xml>', '2016-10-20 03:55:57', '2016-10-20 06:55:57'),
(14, 2, 2, '<xml xmlns=\"http://www.w3.org/1999/xhtml\"><block type=\"controls_if\" id=\"block-if\" x=\"192\" y=\"239\"><next><block type=\"text_console\" id=\"block-console\"><value name=\"CONSOLE\"><block type=\"text\" id=\"block-string\"><field name=\"TEXT\">La sentencia es verdadera</field></block></value></block></next></block></xml>', '2016-10-20 03:56:40', '2016-10-20 06:56:40'),
(15, 3, 2, '<xml xmlns=\"http://www.w3.org/1999/xhtml\"></xml>', '2016-10-20 07:00:02', '2016-10-20 07:00:02'),
(16, 7, 2, '<xml xmlns=\"http://www.w3.org/1999/xhtml\"><block type=\"text_console\" id=\"block-console\" x=\"267\" y=\"146\"><value name=\"CONSOLE\"><block type=\"text\" id=\"block-string\"><field name=\"TEXT\"></field></block></value></block></xml>', '2016-10-20 07:28:53', '2016-10-20 07:28:53'),
(17, 9, 2, '<xml xmlns=\"http://www.w3.org/1999/xhtml\"><block type=\"text_console\" id=\"block-console\" x=\"176\" y=\"145\"><value name=\"CONSOLE\"><block type=\"text\" id=\"block-string\"><field name=\"TEXT\"></field></block></value></block></xml>', '2016-10-20 07:35:01', '2016-10-20 07:35:01'),
(18, 10, 2, '<xml xmlns=\"http://www.w3.org/1999/xhtml\"><block type=\"controls_repeat_ext\" id=\"block-whileNum\" x=\"375\" y=\"262\"><value name=\"TIMES\"><shadow type=\"math_number\" id=\"Q)t6BN=YGDBdWOY{mSFQ\"><field name=\"NUM\">10</field></shadow></value></block></xml>', '2016-10-20 07:35:23', '2016-10-20 07:35:23'),
(19, 11, 2, '<xml xmlns=\"http://www.w3.org/1999/xhtml\"><block type=\"procedures_defnoreturn\" id=\"ps5qxZ]?51rU4h~R5)X2\" x=\"271\" y=\"68\"><field name=\"NAME\">hacer algo</field><comment pinned=\"false\" h=\"80\" w=\"160\">Describe esta función...</comment></block></xml>', '2016-10-20 07:35:33', '2016-10-20 07:35:33'),
(20, 5, 1, '<xml xmlns=\"http://www.w3.org/1999/xhtml\"><block type=\"procedures_defnoreturn\" id=\"q)S:/}%tyPzP.ST7kfz1\" x=\"171\" y=\"130\"><mutation><arg name=\"cantidad\"></arg></mutation><field name=\"NAME\">incrementarEdad</field><comment pinned=\"false\" h=\"80\" w=\"160\">Describe esta función...</comment><statement name=\"STACK\"><block type=\"variables_set\" id=\"nLx%/eTBM[xlH3{=9;:3\"><field name=\"VAR\">edad</field><value name=\"VALUE\"><block type=\"math_arithmetic\" id=\"!r65Jdw-)GDD8!+F[(4W\"><field name=\"OP\">ADD</field><value name=\"A\"><shadow type=\"math_number\" id=\"Ud0]~u~-fP@WE}G-g[eY\"><field name=\"NUM\">18</field></shadow><block type=\"variables_get\" id=\"R!Wn2*7#:IYuZy)OK,yF\"><field name=\"VAR\">edad</field></block></value><value name=\"B\"><shadow type=\"math_number\" id=\"ik=_t*4.te1047@S;SFb\"><field name=\"NUM\">5</field></shadow><block type=\"variables_get\" id=\"yNz(H2iHq(nf/r_g8DWx\"><field name=\"VAR\">cantidad</field></block></value></block></value></block></statement></block><block type=\"variables_set\" id=\"?(eT=N#MTw;%/zy@bQFC\" x=\"116\" y=\"238\"><field name=\"VAR\">edad</field><value name=\"VALUE\"><block type=\"math_arithmetic\" id=\"sY%:hc,U_*o/)/`o,^c-\"><field name=\"OP\">ADD</field><value name=\"A\"><shadow type=\"math_number\" id=\"]0m{qU1-/N8/6F,hNlvY\"><field name=\"NUM\">18</field></shadow></value><value name=\"B\"><shadow type=\"math_number\" id=\"^anE.nH%MO/z1H/?O)cp\"><field name=\"NUM\">5</field></shadow></value></block></value><next><block type=\"controls_whileUntil\" id=\")x:8GFr}+T69BIm7H-65\"><field name=\"MODE\">WHILE</field><value name=\"BOOL\"><block type=\"logic_compare\" id=\"7frqI^/etHJ[.%}w5Kip\"><field name=\"OP\">LT</field><value name=\"A\"><block type=\"variables_get\" id=\"/.7ts1=l*Cfky+m/NA/G\"><field name=\"VAR\">edad</field></block></value><value name=\"B\"><block type=\"math_number\" id=\"kx+G38+oRL8F;_![V[iU\"><field name=\"NUM\">65</field></block></value></block></value><statement name=\"DO\"><block type=\"procedures_callnoreturn\" id=\"-#S18n~~B?cYNI:T;PF5\"><mutation name=\"incrementarEdad\"><arg name=\"cantidad\"></arg></mutation><value name=\"ARG0\"><block type=\"math_number\" id=\"OG~zjLjooY*s]#Cv:`jO\"><field name=\"NUM\">2</field></block></value></block></statement><next><block type=\"text_console\" id=\"bmIWtrLxD_;pD*L+IUTq\"><value name=\"CONSOLE\"><block type=\"text\" id=\"I:UH1oq~DLVPwoo,{,N(\"><field name=\"TEXT\">Ahora ya puedes entrar al club de la tercera edad, tu edad es: </field></block></value><next><block type=\"text_console\" id=\"ZD,Pw;S^XoZ01u9s|(al\"><value name=\"CONSOLE\"><block type=\"variables_get\" id=\"1RjUa1Nyv(^J;4-J^lKo\"><field name=\"VAR\">edad</field></block></value></block></next></block></next></block></next></block></xml>', '2016-11-29 01:58:23', '2016-11-29 04:47:42'),
(21, 1, 3, '<xml xmlns=\"http://www.w3.org/1999/xhtml\"><block type=\"text_console\" id=\"block-console\" x=\"277\" y=\"244\"><value name=\"CONSOLE\"><block type=\"text\" id=\"block-string\"><field name=\"TEXT\"></field></block></value></block></xml>', '2016-11-11 09:26:58', '2016-11-11 09:26:58'),
(22, 6, 1, '<xml xmlns=\"http://www.w3.org/1999/xhtml\"><block type=\"procedures_defreturn\" id=\"AMHh,F%VQ*;BKRDBQ-3(\" x=\"161\" y=\"-10\"><mutation><arg name=\"genero\"></arg><arg name=\"peso\"></arg><arg name=\"altura\"></arg><arg name=\"edad\"></arg></mutation><field name=\"NAME\">calcularRMB</field><comment pinned=\"false\" h=\"80\" w=\"160\">Describe esta función...</comment><statement name=\"STACK\"><block type=\"variables_set\" id=\"!6{v6BfO?oZHmS()V^3,\"><field name=\"VAR\">RMB</field><value name=\"VALUE\"><block type=\"math_arithmetic\" id=\"rr2E4)T1M|5|Hzf2V#vr\"><field name=\"OP\">MULTIPLY</field><value name=\"A\"><shadow type=\"math_number\" id=\"lUprPCOnm6;h3eXemcQu\"><field name=\"NUM\">10</field></shadow></value><value name=\"B\"><shadow type=\"math_number\" id=\"Jj#77WKz!yS~t*C|_MSM\"><field name=\"NUM\">1</field></shadow><block type=\"variables_get\" id=\"d5gj[/+Q{`1p!Csdl}+x\"><field name=\"VAR\">peso</field></block></value></block></value><next><block type=\"variables_set\" id=\"rlf+yDDPax3;61+]katO\"><field name=\"VAR\">RMB</field><value name=\"VALUE\"><block type=\"math_arithmetic\" id=\"kcx=klvzxjm4bVFETICP\"><field name=\"OP\">ADD</field><value name=\"A\"><shadow type=\"math_number\" id=\"Z{l+K=c=[XbJ@:g}IKri\"><field name=\"NUM\">1</field></shadow><block type=\"variables_get\" id=\"}yU#Dlf*{zez?CQKWiW-\"><field name=\"VAR\">RMB</field></block></value><value name=\"B\"><shadow type=\"math_number\" id=\"fQ|Tf-JOOF8:)aUQJ]4?\"><field name=\"NUM\">1</field></shadow><block type=\"math_arithmetic\" id=\"4GMdIi{Q3vWx}r[LULVM\"><field name=\"OP\">MULTIPLY</field><value name=\"A\"><shadow type=\"math_number\" id=\"=_JO=C?Y,-]q#crk6t}}\"><field name=\"NUM\">6.25</field></shadow></value><value name=\"B\"><shadow type=\"math_number\" id=\"Nxc8_fwXc6B=M.kRLa2@\"><field name=\"NUM\">1</field></shadow><block type=\"variables_get\" id=\"]Z:o,RYiDkA/^q*]io:`\"><field name=\"VAR\">altura</field></block></value></block></value></block></value><next><block type=\"variables_set\" id=\"}gADfEB6@NsQ61sqf/Ta\"><field name=\"VAR\">RMB</field><value name=\"VALUE\"><block type=\"math_arithmetic\" id=\"]bjp^dr)DRK1,}g]T-!X\"><field name=\"OP\">MINUS</field><value name=\"A\"><shadow type=\"math_number\" id=\"V1hO.m0TTSh_lVpxcVG(\"><field name=\"NUM\">1</field></shadow><block type=\"variables_get\" id=\"wCF?.kr]#`[:aGdj0Q0a\"><field name=\"VAR\">RMB</field></block></value><value name=\"B\"><shadow type=\"math_number\" id=\"qh6FzzB(G79/N`Jq]]AE\"><field name=\"NUM\">1</field></shadow><block type=\"math_arithmetic\" id=\"pi)#CJ{g`36)QY;cS}Vx\"><field name=\"OP\">MULTIPLY</field><value name=\"A\"><shadow type=\"math_number\" id=\",pmXwtCMtrEg#Ogbfjg%\"><field name=\"NUM\">5</field></shadow></value><value name=\"B\"><shadow type=\"math_number\" id=\"B)UQ;)UOVeZS#Bu=IAW4\"><field name=\"NUM\">1</field></shadow><block type=\"variables_get\" id=\"6rg,H)Z[Nzq+J~KhFRE_\"><field name=\"VAR\">edad</field></block></value></block></value></block></value><next><block type=\"controls_if\" id=\"}X87Rieb%?0_9P[S3kvf\"><mutation else=\"1\"></mutation><value name=\"IF0\"><block type=\"logic_compare\" id=\"Yxvg=h0S2aI;Q*,xQ))0\"><field name=\"OP\">EQ</field><value name=\"A\"><block type=\"variables_get\" id=\"sq*0e6Iz|N9QE3r@K)6x\"><field name=\"VAR\">genero</field></block></value><value name=\"B\"><block type=\"text\" id=\"},7.`(U0K},:;,`9_b;*\"><field name=\"TEXT\">hombre</field></block></value></block></value><statement name=\"DO0\"><block type=\"variables_set\" id=\"wJo^WALqQz+4ncKROS:*\"><field name=\"VAR\">RMB</field><value name=\"VALUE\"><block type=\"math_arithmetic\" id=\"x!a4~g|PIycjHVIUGPeO\"><field name=\"OP\">ADD</field><value name=\"A\"><shadow type=\"math_number\" id=\"`/miZk:vyoBu?WLcX)Fk\"><field name=\"NUM\">1</field></shadow><block type=\"variables_get\" id=\"jYMO:Z,TsKp)=L^M#{mP\"><field name=\"VAR\">RMB</field></block></value><value name=\"B\"><shadow type=\"math_number\" id=\"n+s63K``_btuh`_a;%I9\"><field name=\"NUM\">5</field></shadow></value></block></value></block></statement><statement name=\"ELSE\"><block type=\"variables_set\" id=\"tR_h5*6KwYNZtWwU!}aU\"><field name=\"VAR\">RMB</field><value name=\"VALUE\"><block type=\"math_arithmetic\" id=\"X}%SdK8!=0Qcz8!{-^RE\"><field name=\"OP\">MINUS</field><value name=\"A\"><shadow type=\"math_number\" id=\"bM[?!u_Vc%T9Eixzmsn*\"><field name=\"NUM\">1</field></shadow><block type=\"variables_get\" id=\"n{Y]?*a7hM(t5*r:O.jh\"><field name=\"VAR\">RMB</field></block></value><value name=\"B\"><shadow type=\"math_number\" id=\"*R}Rd8,_8jPxZ0)]~Y(W\"><field name=\"NUM\">161</field></shadow></value></block></value></block></statement></block></next></block></next></block></next></block></statement><value name=\"RETURN\"><block type=\"variables_get\" id=\"~jb]BmNtoHle%y!0`E)j\"><field name=\"VAR\">RMB</field></block></value></block><block type=\"variables_set\" id=\"Wyd-|EuX3TfS`D4VSXE,\" x=\"146\" y=\"345\"><field name=\"VAR\">genero</field><value name=\"VALUE\"><block type=\"text_prompt_ext\" id=\"__Fw2`slM*NK7G:d_B8V\"><mutation type=\"TEXT\"></mutation><field name=\"TYPE\">TEXT</field><value name=\"TEXT\"><shadow type=\"text\" id=\"f#[r2^v8/Fq2Cg=6aJ[g\"><field name=\"TEXT\">Ingrese su Género - hombre / mujer</field></shadow></value></block></value><next><block type=\"variables_set\" id=\"]]*2p?[9;QJ+X]I)0^DI\"><field name=\"VAR\">peso</field><value name=\"VALUE\"><block type=\"text_prompt_ext\" id=\"u**NB}tGiiAJs4CWVwf1\"><mutation type=\"NUMBER\"></mutation><field name=\"TYPE\">NUMBER</field><value name=\"TEXT\"><shadow type=\"text\" id=\"6Az7:+(`cw?uHyzwgql~\"><field name=\"TEXT\">Ingrese su Peso en Kilogramos </field></shadow></value></block></value><next><block type=\"variables_set\" id=\"@?-lowo-aLj,;A3[:^dn\"><field name=\"VAR\">altura</field><value name=\"VALUE\"><block type=\"text_prompt_ext\" id=\"Pcqvw:v`r%FsUotBsFQE\"><mutation type=\"NUMBER\"></mutation><field name=\"TYPE\">NUMBER</field><value name=\"TEXT\"><shadow type=\"text\" id=\"Jd3C~vCw=dMw1=]CKo@!\"><field name=\"TEXT\">Ingrese su Altura en Centímetros</field></shadow></value></block></value><next><block type=\"variables_set\" id=\"[H{A/|1g=ip*Q7.|2Gl.\"><field name=\"VAR\">edad</field><value name=\"VALUE\"><block type=\"text_prompt_ext\" id=\"{Id)xAFKr6,xrE)[3_`9\"><mutation type=\"NUMBER\"></mutation><field name=\"TYPE\">NUMBER</field><value name=\"TEXT\"><shadow type=\"text\" id=\"a*bEIk,!*.q;qxrR5BP#\"><field name=\"TEXT\">Ingrese su Edad en Años</field></shadow></value></block></value><next><block type=\"text_console\" id=\"G6G7[MAyQW}~g7PU2kr|\"><value name=\"CONSOLE\"><block type=\"text_join\" id=\"IR!n|/i)qZcqC|:2d-CF\"><mutation items=\"2\"></mutation><value name=\"ADD0\"><block type=\"text\" id=\"m%)vhMUa(}y-V:SlMI2A\"><field name=\"TEXT\">Su RMB es: </field></block></value><value name=\"ADD1\"><block type=\"procedures_callreturn\" id=\"Rf_*[mcT@3rt2dKDu[0k\"><mutation name=\"calcularRMB\"><arg name=\"genero\"></arg><arg name=\"peso\"></arg><arg name=\"altura\"></arg><arg name=\"edad\"></arg></mutation><value name=\"ARG0\"><block type=\"variables_get\" id=\"e!5G%bXBp=C{t%+.eshS\"><field name=\"VAR\">genero</field></block></value><value name=\"ARG1\"><block type=\"variables_get\" id=\"f?WN(y9.5Y~pm7|J4E.m\"><field name=\"VAR\">peso</field></block></value><value name=\"ARG2\"><block type=\"variables_get\" id=\"z^4=zn2#QwE48Qe~:_oC\"><field name=\"VAR\">altura</field></block></value><value name=\"ARG3\"><block type=\"variables_get\" id=\"|:n`64,1)5O;EY`/t0Xo\"><field name=\"VAR\">edad</field></block></value></block></value></block></value></block></next></block></next></block></next></block></next></block></xml>', '2016-11-29 02:20:22', '2016-11-29 05:20:22'),
(23, 1, 5, '<xml xmlns=\"http://www.w3.org/1999/xhtml\"><block type=\"text_console\" id=\"block-console\" x=\"217\" y=\"149\"><value name=\"CONSOLE\"><block type=\"text\" id=\"block-string\"><field name=\"TEXT\">Hola Mundo!</field></block></value></block></xml>', '2016-12-18 21:18:21', '2016-12-18 21:18:21'),
(24, 14, 5, '<xml xmlns=\"http://www.w3.org/1999/xhtml\"></xml>', '2016-12-19 03:15:06', '2016-12-19 03:15:06'),
(25, 15, 5, '<xml xmlns=\"http://www.w3.org/1999/xhtml\"></xml>', '2016-12-19 04:29:06', '2016-12-19 04:29:06'),
(26, 14, 1, '<xml xmlns=\"http://www.w3.org/1999/xhtml\"><block type=\"text_console\" id=\"|;T*Ss)(.-2dl:V94tc7\" x=\"317\" y=\"108\"><value name=\"CONSOLE\"><block type=\"math_number\" id=\":+(.?9?#Q1%ifkphPT9Y\"><field name=\"NUM\">25</field></block></value></block></xml>', '2016-12-19 05:47:03', '2016-12-19 08:47:03'),
(27, 22, 8, '<xml xmlns=\"http://www.w3.org/1999/xhtml\"><block type=\"text_console\" id=\",k%Y6Az6!aWJK*SC]FKq\" x=\"120\" y=\"83\"><value name=\"CONSOLE\"><block type=\"text\" id=\"z3krm_t^f#,G?Pp[.[U1\"><field name=\"TEXT\">Ven a mi casa a comer pastel</field></block></value><next><block type=\"variables_set\" id=\"+(_Z;qw-Vxx=Zn9~3_%4\"><field name=\"VAR\">nombre</field><value name=\"VALUE\"><block type=\"text_prompt_ext\" id=\"sNy8n2aVdP/0;8%iDD8:\"><mutation type=\"TEXT\"></mutation><field name=\"TYPE\">TEXT</field><value name=\"TEXT\"><shadow type=\"text\" id=\"t5V~HQK^5ScFajar_)4T\"><field name=\"TEXT\">¿Cuál es tu nombre?</field></shadow></value></block></value><next><block type=\"text_console\" id=\"lp-/mU]PSt3Vsggf+U2A\"><value name=\"CONSOLE\"><block type=\"text_join\" id=\"d*;nUQv4;TyL6:RmR@yq\"><mutation items=\"2\"></mutation><value name=\"ADD0\"><block type=\"text\" id=\"#46VJ-2UZ_+jy8Bh#%Ua\"><field name=\"TEXT\">Bienvenido, </field></block></value><value name=\"ADD1\"><block type=\"variables_get\" id=\"4hX[fv-Mem8#~pn1?tzT\"><field name=\"VAR\">nombre</field></block></value></block></value></block></next></block></next></block></xml>', '2017-04-25 20:19:12', '2017-04-25 20:19:12'),
(28, 22, 17, '<xml xmlns=\"http://www.w3.org/1999/xhtml\"><block type=\"text_console\" id=\"@LmU[WnU[jN=iTI_G|PB\" x=\"29\" y=\"72\"><value name=\"CONSOLE\"><block type=\"text\" id=\"M-HO0P9@tE0b@5[yDB*V\"><field name=\"TEXT\"> Hola, quieres venir a un asado de conejo??</field></block></value><next><block type=\"variables_set\" id=\"R}TqD:3JWf!HTOZ_[5Qh\"><field name=\"VAR\">nombre</field><value name=\"VALUE\"><block type=\"text_prompt_ext\" id=\"1|#+fTZW;OOIN*adL{?K\"><mutation type=\"TEXT\"></mutation><field name=\"TYPE\">TEXT</field><value name=\"TEXT\"><shadow type=\"text\" id=\"jwc;WWf8X;;NfQ(Ru;p_\"><field name=\"TEXT\">DIME TU NOMBRE</field></shadow></value></block></value><next><block type=\"text_console\" id=\"JOplU?f?#Ax@?h3mCL#c\"><value name=\"CONSOLE\"><block type=\"text_join\" id=\"F*dXe76m@:oa^^;4FsV2\"><mutation items=\"2\"></mutation><value name=\"ADD0\"><block type=\"text\" id=\"4m#~-!UXWi%^Zf=9{`H;\"><field name=\"TEXT\">bienvenida</field></block></value><value name=\"ADD1\"><block type=\"variables_get\" id=\"g,SO%`vD-U!j.5-=t56W\"><field name=\"VAR\">nombre</field></block></value></block></value></block></next></block></next></block></xml>', '2017-04-26 23:49:38', '2017-04-26 23:49:38'),
(29, 22, 17, '<xml xmlns=\"http://www.w3.org/1999/xhtml\"><block type=\"text_console\" id=\"@LmU[WnU[jN=iTI_G|PB\" x=\"29\" y=\"72\"><value name=\"CONSOLE\"><block type=\"text\" id=\"M-HO0P9@tE0b@5[yDB*V\"><field name=\"TEXT\"> Hola, quieres venir a un asado de conejo??</field></block></value><next><block type=\"variables_set\" id=\"R}TqD:3JWf!HTOZ_[5Qh\"><field name=\"VAR\">nombre</field><value name=\"VALUE\"><block type=\"text_prompt_ext\" id=\"1|#+fTZW;OOIN*adL{?K\"><mutation type=\"TEXT\"></mutation><field name=\"TYPE\">TEXT</field><value name=\"TEXT\"><shadow type=\"text\" id=\"jwc;WWf8X;;NfQ(Ru;p_\"><field name=\"TEXT\">DIME TU NOMBRE</field></shadow></value></block></value><next><block type=\"text_console\" id=\"JOplU?f?#Ax@?h3mCL#c\"><value name=\"CONSOLE\"><block type=\"text_join\" id=\"F*dXe76m@:oa^^;4FsV2\"><mutation items=\"2\"></mutation><value name=\"ADD0\"><block type=\"text\" id=\"4m#~-!UXWi%^Zf=9{`H;\"><field name=\"TEXT\">bienvenida</field></block></value><value name=\"ADD1\"><block type=\"variables_get\" id=\"g,SO%`vD-U!j.5-=t56W\"><field name=\"VAR\">nombre</field></block></value></block></value></block></next></block></next></block></xml>', '2017-04-26 23:49:38', '2017-04-26 23:49:38'),
(30, 22, 27, '<xml xmlns=\"http://www.w3.org/1999/xhtml\"><block type=\"text_console\" id=\"+v`2|E5J?-ZopjSW/Lot\" x=\"-563\" y=\"-276\"><value name=\"CONSOLE\"><block type=\"text\" id=\"(*h{|6*3:jlz}[9S}W`0\"><field name=\"TEXT\">Hola ven a mi fiesta </field></block></value><next><block type=\"variables_set\" id=\"WE{@,AD8){f1+PwXaZo3\"><field name=\"VAR\">Basti</field><value name=\"VALUE\"><block type=\"text_prompt_ext\" id=\"||hzd#3]so*as*R)K3pD\"><mutation type=\"TEXT\"></mutation><field name=\"TYPE\">TEXT</field><value name=\"TEXT\"><shadow type=\"text\" id=\"q96=)yJlA+Ps-TO0E7G4\"><field name=\"TEXT\">Dime tu nombre</field></shadow></value></block></value><next><block type=\"text_console\" id=\"9O[@Kv*M.J6RuCCKPDpT\"><value name=\"CONSOLE\"><block type=\"text_join\" id=\"4x7_al2x1{c4c5Y`.4;z\"><mutation items=\"2\"></mutation><value name=\"ADD0\"><block type=\"text\" id=\"HZ8);F7=_7l#E=b|vPfv\"><field name=\"TEXT\">Bienvenido </field></block></value><value name=\"ADD1\"><block type=\"variables_get\" id=\"GQ/;VF0}tY9O}*P~;:B%\"><field name=\"VAR\">Basti</field></block></value></block></value></block></next></block></next></block></xml>', '2017-04-26 23:49:39', '2017-04-26 23:49:39'),
(31, 22, 11, '<xml xmlns=\"http://www.w3.org/1999/xhtml\"><block type=\"text_console\" id=\"rpfhh_JRG#w+~RJqM2~]\" x=\"316\" y=\"179\"><value name=\"CONSOLE\"><block type=\"text\" id=\"lM{=ggG#~cMszK#_r/PA\"><field name=\"TEXT\">Hola, te estoy invitando a mi cumpleaños</field></block></value><next><block type=\"variables_set\" id=\"`EI@1J6D]J^W615OI(9y\"><field name=\"VAR\">nombre</field><value name=\"VALUE\"><block type=\"text_prompt_ext\" id=\"tJmX(]%EbE=r]M^]M/E;\"><mutation type=\"TEXT\"></mutation><field name=\"TYPE\">TEXT</field><value name=\"TEXT\"><shadow type=\"text\" id=\"*0(kK!:bU6}z:ZY_Jl5?\"><field name=\"TEXT\">dime tu nombre</field></shadow></value></block></value><next><block type=\"text_console\" id=\"Z/yW~j+m(hMtVTGO-%OA\"><value name=\"CONSOLE\"><block type=\"text_join\" id=\"wkn0(l~%u+}ba/`CkzT@\"><mutation items=\"2\"></mutation><value name=\"ADD0\"><block type=\"text\" id=\"uBfQd#(d;%H`_;h2+X)L\"><field name=\"TEXT\">Bienvenido </field></block></value><value name=\"ADD1\"><block type=\"variables_get\" id=\"%Obu=U?|qV.c`+we%IN]\"><field name=\"VAR\">nombre</field></block></value></block></value></block></next></block></next></block></xml>', '2017-04-26 23:49:40', '2017-04-26 23:49:40'),
(32, 22, 19, '<xml xmlns=\"http://www.w3.org/1999/xhtml\"><block type=\"text_console\" id=\")num}tLMgJism@f;jB{D\" x=\"9\" y=\"53\"><value name=\"CONSOLE\"><block type=\"text\" id=\"KVcE.%f(Ptqy4(:..ks;\"><field name=\"TEXT\">hola te estoy invitando a mi cumpleaños</field></block></value><next><block type=\"variables_set\" id=\"ZuD@LVrvg+urC1dn8ua;\"><field name=\"VAR\">nom,bre</field><value name=\"VALUE\"><block type=\"text_prompt_ext\" id=\"i@_1,FFYuxn0I`A2#p/L\"><mutation type=\"TEXT\"></mutation><field name=\"TYPE\">TEXT</field><value name=\"TEXT\"><shadow type=\"text\" id=\"-j+|C=FDw}|}9oK!+r3(\"><field name=\"TEXT\">dime tu nombre</field></shadow></value></block></value><next><block type=\"text_console\" id=\"*?/F-2Jtdefi-.y5ZQS/\"><value name=\"CONSOLE\"><block type=\"text_join\" id=\"04Hg1m(UgwN9!s,v`Mvb\"><mutation items=\"2\"></mutation><value name=\"ADD0\"><block type=\"text\" id=\"6+1B7hg^p8o-`Wv)B`^I\"><field name=\"TEXT\">Biemnvenido </field></block></value><value name=\"ADD1\"><block type=\"variables_get\" id=\"(D7;r`Ehw{n[OfXhD6~B\"><field name=\"VAR\">nom,bre</field></block></value></block></value></block></next></block></next></block></xml>', '2017-04-26 23:49:45', '2017-04-26 23:49:45'),
(33, 22, 28, '<xml xmlns=\"http://www.w3.org/1999/xhtml\"><block type=\"text_console\" id=\"GTP*G;E=mJPdj;fV#0os\" x=\"75\" y=\"65\"><value name=\"CONSOLE\"><block type=\"text\" id=\"3m%;/B!LAwsDAjriSrh`\"><field name=\"TEXT\">Hola!!!! te estoy invitando a mi cumpleaños</field></block></value><next><block type=\"variables_set\" id=\"A,FR26sODnVZd=N~|~WW\"><field name=\"VAR\">nombre</field><value name=\"VALUE\"><block type=\"text_prompt_ext\" id=\"v=pOt)YaEQBy%CK!`|V*\"><mutation type=\"TEXT\"></mutation><field name=\"TYPE\">TEXT</field><value name=\"TEXT\"><shadow type=\"text\" id=\"Ew?hphP*o7Q0{)f|op]S\"><field name=\"TEXT\">dime tu nombre</field></shadow></value></block></value><next><block type=\"text_console\" id=\"u4Rs46Qo)=IlVYx+sRgQ\"><value name=\"CONSOLE\"><block type=\"text_join\" id=\"27E1wzk|z6X1qH[N:V!Y\"><mutation items=\"2\"></mutation><value name=\"ADD0\"><block type=\"text\" id=\"+`~`=^ws?AXJ8I_nI6h}\"><field name=\"TEXT\">Bienvenido, </field></block></value><value name=\"ADD1\"><block type=\"variables_get\" id=\"Gv#}DiYsV842[SEUg6-q\"><field name=\"VAR\">nombre</field></block></value></block></value></block></next></block></next></block></xml>', '2017-04-26 23:49:46', '2017-04-26 23:49:46'),
(34, 22, 18, '<xml xmlns=\"http://www.w3.org/1999/xhtml\"><block type=\"text_console\" id=\"r]7n{ZxOzwn;t8FMP9c:\" x=\"27\" y=\"80\"><value name=\"CONSOLE\"><block type=\"text\" id=\"LA-u7YuweuGI0-fZXBLw\"><field name=\"TEXT\">Hola te invito a mi fiesta </field></block></value><next><block type=\"variables_set\" id=\"Xv}S?#r8o=hG2K=CWN`T\"><field name=\"VAR\">nombre</field><value name=\"VALUE\"><block type=\"text_prompt_ext\" id=\"/+Q0,c-QD_KJU4z7TTH%\"><mutation type=\"TEXT\"></mutation><field name=\"TYPE\">TEXT</field><value name=\"TEXT\"><shadow type=\"text\" id=\";X2AtKCVFhka/CSv/c#-\"><field name=\"TEXT\">dime tu nombre</field></shadow></value></block></value><next><block type=\"text_console\" id=\"^*zrOk[0yq3+SS7U1xH#\"><value name=\"CONSOLE\"><block type=\"text_join\" id=\"/F[bG^eThhID{PKL2V/r\"><mutation items=\"2\"></mutation><value name=\"ADD0\"><block type=\"text\" id=\"L8DZ,OSlo,klC#,tCQUk\"><field name=\"TEXT\">Bienvenido,</field></block></value><value name=\"ADD1\"><block type=\"variables_get\" id=\"=xL^6tKoUX*zldWeS1Bm\"><field name=\"VAR\">nombre</field></block></value></block></value></block></next></block></next></block></xml>', '2017-04-26 23:49:46', '2017-04-26 23:49:46'),
(35, 22, 22, '<xml xmlns=\"http://www.w3.org/1999/xhtml\"><block type=\"text_console\" id=\"XvaH=p:{i/WUtI1c|t-;\" x=\"27\" y=\"80\"><value name=\"CONSOLE\"><block type=\"text\" id=\"[3yK1YUjYJW5w`;4qdAw\"><field name=\"TEXT\">Hola!!!!!! te estoy invitando a mi cumpleaños</field></block></value><next><block type=\"variables_set\" id=\"ZSorV0f[7J]d39vuP#4=\"><field name=\"VAR\">nombre</field><value name=\"VALUE\"><block type=\"text_prompt_ext\" id=\"n0`Y#JI_,7rraAatZ6%%\"><mutation type=\"TEXT\"></mutation><field name=\"TYPE\">TEXT</field><value name=\"TEXT\"><shadow type=\"text\" id=\",LKMU54K0S#n+L|)rG#q\"><field name=\"TEXT\">dime tu nombre</field></shadow></value></block></value><next><block type=\"text_console\" id=\"@k3%G[OJ_MFqNM?MC2(F\"><value name=\"CONSOLE\"><block type=\"text_join\" id=\"yzQ;%+c=zyBUVleBHqAK\"><mutation items=\"2\"></mutation><value name=\"ADD0\"><block type=\"text\" id=\"Ldf:9`roiimQ*L?Hy4gX\"><field name=\"TEXT\">Bienvenido, </field></block></value><value name=\"ADD1\"><block type=\"variables_get\" id=\"*fwx;cb[_T?#6t-r,*:*\"><field name=\"VAR\">nombre</field></block></value></block></value></block></next></block></next></block></xml>', '2017-04-26 23:49:52', '2017-04-26 23:49:52'),
(36, 22, 16, '<xml xmlns=\"http://www.w3.org/1999/xhtml\"><block type=\"text_console\" id=\"^UzFR5X|pw;}uM~ufV9r\" x=\"48\" y=\"70\"><value name=\"CONSOLE\"><block type=\"text\" id=\"r:Z#oU)!`@+2LebKa/MR\"><field name=\"TEXT\">¡¡Hola!! Quiero que vengas a mí cumpleaños. </field></block></value><next><block type=\"variables_set\" id=\"QM+8h04Ybai}{#4dqJ2J\"><field name=\"VAR\">Nombre</field><value name=\"VALUE\"><block type=\"text_prompt_ext\" id=\"e58?.ZVlAAZJ9zff[V1?\"><mutation type=\"TEXT\"></mutation><field name=\"TYPE\">TEXT</field><value name=\"TEXT\"><shadow type=\"text\" id=\"Hx5)mN2}vCV%h]*rMyxU\"><field name=\"TEXT\">dime tu nombre</field></shadow></value></block></value><next><block type=\"text_console\" id=\"T*w!N7uMg=QASQzMqSLR\"><value name=\"CONSOLE\"><block type=\"text_join\" id=\"7+d1v0ynB#Jf)c|VZNF;\"><mutation items=\"2\"></mutation><value name=\"ADD0\"><block type=\"text\" id=\"7(p[u-dhICFh}^7m0^Nw\"><field name=\"TEXT\">¡Bienvenido! </field></block></value><value name=\"ADD1\"><block type=\"variables_get\" id=\"=j6L?d[Q(T1h)/efldMl\"><field name=\"VAR\">Nombre</field></block></value></block></value></block></next></block></next></block></xml>', '2017-04-26 23:49:53', '2017-04-26 23:49:53'),
(37, 22, 26, '<xml xmlns=\"http://www.w3.org/1999/xhtml\"><block type=\"text_console\" id=\"V2(U~SBO{h%JBY=wZalA\" x=\"29\" y=\"72\"><value name=\"CONSOLE\"><block type=\"text\" id=\"7LE=CJo@TM,E/ySG;Fv/\"><field name=\"TEXT\">Hola, te estoy invitando a mi casa a ver una pelicula</field></block></value><next><block type=\"variables_set\" id=\"*jiJ=Lz=Oj*VY^iJg+|X\"><field name=\"VAR\">cristian grey</field><value name=\"VALUE\"><block type=\"text_prompt_ext\" id=\"v{eCqj[9~{GvlyjMhF7u\"><mutation type=\"TEXT\"></mutation><field name=\"TYPE\">TEXT</field><value name=\"TEXT\"><shadow type=\"text\" id=\"89wSY-A!i){tPjR!y/BV\"><field name=\"TEXT\">dime tu nombre</field></shadow></value></block></value><next><block type=\"text_console\" id=\"~yroQcV)}dPJDX%tf:Y^\"><value name=\"CONSOLE\"><block type=\"text_join\" id=\";M~w/Dz]65OM/U8-:YYW\"><mutation items=\"2\"></mutation><value name=\"ADD0\"><block type=\"text\" id=\"RrE@Q2Grqt:MJ~oNT~k[\"><field name=\"TEXT\">Bienvenido </field></block></value><value name=\"ADD1\"><block type=\"variables_get\" id=\"=2c;b]16.ur}Ms}wRNzX\"><field name=\"VAR\">cristian grey</field></block></value></block></value></block></next></block></next></block></xml>', '2017-04-26 23:49:55', '2017-04-26 23:49:55'),
(38, 22, 20, '<xml xmlns=\"http://www.w3.org/1999/xhtml\"><block type=\"text\" id=\"80b%mzfq~DM@Ok@u?|0S\" x=\"9\" y=\"7\"><field name=\"TEXT\"></field></block><block type=\"text_console\" id=\"r6zgdAr6!Qx-x|lx#8ry\" x=\"29\" y=\"72\"><value name=\"CONSOLE\"><block type=\"text\" id=\"bW=[b{cXRC/wT8#(W,gp\"><field name=\"TEXT\">Hola!!! te estoy invitando a mi cumpleaños</field></block></value><next><block type=\"variables_set\" id=\"5A1=Rq`Umrern^qnI;TN\"><field name=\"VAR\">nombre</field><value name=\"VALUE\"><block type=\"text_prompt_ext\" id=\"TY=X={0Nce7%`r;e;@1t\"><mutation type=\"TEXT\"></mutation><field name=\"TYPE\">TEXT</field><value name=\"TEXT\"><shadow type=\"text\" id=\"gT=#K-jkV0hMo:),E_*?\"><field name=\"TEXT\">dime tu nombre</field></shadow></value></block></value><next><block type=\"text_console\" id=\"kxP!gw)M6F!@@nVoUGoq\"><value name=\"CONSOLE\"><block type=\"text_join\" id=\"D]e9(uv6ZwTZd3~u_o.{\"><mutation items=\"2\"></mutation><value name=\"ADD0\"><block type=\"text\" id=\"?8r*082DJyvc,8L;2J](\"><field name=\"TEXT\">Bienvenido!!!! </field></block></value><value name=\"ADD1\"><block type=\"variables_get\" id=\"t8n5sBRR+#rT^lWc;eVt\"><field name=\"VAR\">nombre</field></block></value></block></value></block></next></block></next></block></xml>', '2017-04-26 23:50:12', '2017-04-26 23:50:12'),
(39, 22, 10, '<xml xmlns=\"http://www.w3.org/1999/xhtml\"><block type=\"text_console\" id=\"ktZMp%Z[-gbY|bI2e,te\" x=\"294\" y=\"39\"><value name=\"CONSOLE\"><block type=\"text\" id=\"q3dc[6C35WL9AAJqgYj+\"><field name=\"TEXT\">HOLA TE ESTOY INVITANDO A MI CUMPLEAÑOS</field></block></value><next><block type=\"variables_set\" id=\"XQtr[5p_zpPa@.*@rf|1\"><field name=\"VAR\">NOMBRE</field><value name=\"VALUE\"><block type=\"text_prompt_ext\" id=\"KSZ+{~8HL.zLGFrlLRb)\"><mutation type=\"TEXT\"></mutation><field name=\"TYPE\">TEXT</field><value name=\"TEXT\"><shadow type=\"text\" id=\"Dkof+%Icat75j@`tCKyf\"><field name=\"TEXT\">DIME TU NOMBRE</field></shadow></value></block></value><next><block type=\"text_console\" id=\"UcC~1I{/]aVX!;sj=oAX\"><value name=\"CONSOLE\"><block type=\"text_join\" id=\"5MKZCm|#yW4FoA/~cePK\"><mutation items=\"2\"></mutation><value name=\"ADD0\"><block type=\"text\" id=\"~3@FT*hbEg_Nof(W#gih\"><field name=\"TEXT\">BIENVENIDO,</field></block></value><value name=\"ADD1\"><block type=\"variables_get\" id=\"E^r97eMpA_oB?se`Dp]b\"><field name=\"VAR\">NOMBRE</field></block></value></block></value></block></next></block></next></block><block type=\"text_append\" id=\"if5D#0I-ms!4*S%],2]b\" x=\"1528\" y=\"490\"><field name=\"VAR\">elemento</field><value name=\"TEXT\"><shadow type=\"text\" id=\"+psEDs?o_0g@=X%=0L#6\"><field name=\"TEXT\"></field></shadow></value></block></xml>', '2017-04-26 23:50:45', '2017-04-26 23:50:45'),
(40, 22, 15, '<xml xmlns=\"http://www.w3.org/1999/xhtml\"><block type=\"text_console\" id=\"b9)CQBdV%}gvcsFuho_:\" x=\"459\" y=\"67\"><value name=\"CONSOLE\"><block type=\"text\" id=\"JbLpSaOsGFsOB!M:jfVV\"><field name=\"TEXT\">Hoaaaaaa !!!te invito a mi cumpleaños</field></block></value><next><block type=\"variables_set\" id=\"yO~O*f5XMS96i4PubQ+:\"><field name=\"VAR\">nombre</field><value name=\"VALUE\"><block type=\"text_prompt_ext\" id=\"H=YZ/?YPukb:XsNf9fzU\"><mutation type=\"TEXT\"></mutation><field name=\"TYPE\">TEXT</field><value name=\"TEXT\"><shadow type=\"text\" id=\".d/0h:d2fVB(PMiRRNlM\"><field name=\"TEXT\">dime tu nombre</field></shadow></value></block></value><next><block type=\"text_console\" id=\"TJKdGu*N}0GDYY5s1?HB\"><value name=\"CONSOLE\"><block type=\"text_join\" id=\"at3Z`NwEBcLDSAx(nkNI\"><mutation items=\"2\"></mutation><value name=\"ADD0\"><block type=\"text\" id=\"8l@S4^K2x!)~1u]Cm(du\"><field name=\"TEXT\">Bienvenido </field></block></value><value name=\"ADD1\"><block type=\"variables_get\" id=\"]K{t[@N(i5K)e)IEsr94\"><field name=\"VAR\">nombre</field></block></value></block></value></block></next></block></next></block><block type=\"text\" id=\"i;tf,OJX!{Gq^p!Tvn`]\" x=\"336\" y=\"298\"><field name=\"TEXT\"></field></block></xml>', '2017-04-26 23:50:46', '2017-04-26 23:50:46'),
(41, 22, 21, '<xml xmlns=\"http://www.w3.org/1999/xhtml\"><block type=\"text_console\" id=\"Ub(Znkn**=+B|]ri21{:\" x=\"9\" y=\"53\"><value name=\"CONSOLE\"><block type=\"text\" id=\"{g[h-P++?p:sym:%#5@w\"><field name=\"TEXT\">Hola!! te estoy invitando a mi cumpleaños</field></block></value><next><block type=\"variables_set\" id=\"Ih[-Dc?W{`jIbogT^/:g\"><field name=\"VAR\">caua</field><value name=\"VALUE\"><block type=\"text_prompt_ext\" id=\"_PEnn.P`s#LAZXi%=;LU\"><mutation type=\"TEXT\"></mutation><field name=\"TYPE\">TEXT</field><value name=\"TEXT\"><shadow type=\"text\" id=\"c_/b#[7bsXgbVIChkJjZ\"><field name=\"TEXT\">dime tu nombre</field></shadow></value></block></value><next><block type=\"text_console\" id=\"|?|?dBWEJ-f@l]-ei]uw\"><value name=\"CONSOLE\"><block type=\"text_join\" id=\"hHH5TP-m_!%09aFg`?fQ\"><mutation items=\"2\"></mutation><value name=\"ADD0\"><block type=\"text\" id=\"x[fPdJiH/QC?BKJo[rG4\"><field name=\"TEXT\">Bienvenido,</field></block></value><value name=\"ADD1\"><block type=\"variables_get\" id=\"|9fJ-r2{dy__4jp|BfvN\"><field name=\"VAR\">caua</field></block></value></block></value></block></next></block></next></block></xml>', '2017-04-26 23:50:57', '2017-04-26 23:50:57'),
(42, 22, 25, '<xml xmlns=\"http://www.w3.org/1999/xhtml\"><block type=\"text_console\" id=\"gM}|d?CX44;,s^h7xKk=\" x=\"9\" y=\"53\"></block><block type=\"text_console\" id=\",_tzT.w6|4dsC58~6vd4\" x=\"29\" y=\"98\"><value name=\"CONSOLE\"><block type=\"text\" id=\"fp0`%RkW*nQq-9)MfFX|\"><field name=\"TEXT\">Hola, te invito a mi pijama party</field></block></value><next><block type=\"variables_set\" id=\"cb]%HFm[CGlA~T-8cm6l\"><field name=\"VAR\">Jon bon jovi</field><value name=\"VALUE\"><block type=\"text_prompt_ext\" id=\"PE;0#0*RD5=3V7gOPk%-\"><mutation type=\"TEXT\"></mutation><field name=\"TYPE\">TEXT</field><value name=\"TEXT\"><shadow type=\"text\" id=\"pIk{RYMAYXnw*!=hDE5K\"><field name=\"TEXT\">jon bon jovi</field></shadow></value></block></value><next><block type=\"text_console\" id=\"BBmvB.-O~3hqrdBEa*XH\"><value name=\"CONSOLE\"><block type=\"text_join\" id=\":zWt7_]9gQh9pAmU3rnv\"><mutation items=\"2\"></mutation><value name=\"ADD0\"><block type=\"text\" id=\"4/z:Rh~XU7JmL,O%G-CD\"><field name=\"TEXT\">Bienvenido</field></block></value><value name=\"ADD1\"><block type=\"variables_get\" id=\")6?O%k%ik?gRC~4J`[Ct\"><field name=\"VAR\">Jon bon jovi</field></block></value></block></value></block></next></block></next></block></xml>', '2017-04-26 23:51:05', '2017-04-26 23:51:05'),
(43, 25, 16, '<xml xmlns=\"http://www.w3.org/1999/xhtml\"><block type=\"text_console\" id=\"IEW6^GL|3K,z(13b5`Kt\" x=\"29\" y=\"72\"><value name=\"CONSOLE\"><block type=\"text\" id=\"SZ3xQ^5sf;2fl1Tw5/4;\"><field name=\"TEXT\">Calculadora de trozos </field></block></value><next><block type=\"variables_set\" id=\"lr?#2|7Hg]p|!Z299D#`\"><field name=\"VAR\">Trozo01</field><value name=\"VALUE\"><block type=\"text_prompt_ext\" id=\"MLT5{Lv5we2GmPX+?8:i\"><mutation type=\"NUMBER\"></mutation><field name=\"TYPE\">NUMBER</field><value name=\"TEXT\"><shadow type=\"text\" id=\"GMbPOLyV%gX0i5B~?Nx|\"><field name=\"TEXT\">ingrese trozos amigo 01</field></shadow></value></block></value><next><block type=\"variables_set\" id=\"UzhWhP0NZw4RetfYvg-N\"><field name=\"VAR\">Trozo02</field><value name=\"VALUE\"><block type=\"text_prompt_ext\" id=\"U9XN2_GZ.O`Oha!={+a7\"><mutation type=\"NUMBER\"></mutation><field name=\"TYPE\">NUMBER</field><value name=\"TEXT\"><shadow type=\"text\" id=\"(hnk{4]5=Lku:{.xlcm+\"><field name=\"TEXT\">ingrese trozos amigo 02</field></shadow></value></block></value><next><block type=\"variables_set\" id=\"nimHZjkyodyZ)f|Ao18U\"><field name=\"VAR\">Trozo03</field><value name=\"VALUE\"><block type=\"text_prompt_ext\" id=\"h`CZgfrce5DSIysyKU*I\"><mutation type=\"NUMBER\"></mutation><field name=\"TYPE\">NUMBER</field><value name=\"TEXT\"><shadow type=\"text\" id=\"@M*KExuLu^;B76L*L2nD\"><field name=\"TEXT\">ingrese trozos amigo 03</field></shadow></value></block></value><next><block type=\"variables_set\" id=\"Y]24kRE`BsE4tqa33(3u\"><field name=\"VAR\">trozos04</field><value name=\"VALUE\"><block type=\"text_prompt_ext\" id=\"J^8c^FgN)JH3Ud1DHU9^\"><mutation type=\"NUMBER\"></mutation><field name=\"TYPE\">NUMBER</field><value name=\"TEXT\"><shadow type=\"text\" id=\"I}{Pzjj[B+{lhX=^]J,=\"><field name=\"TEXT\">ingrese trozos dueño de casa</field></shadow></value></block></value><next><block type=\"variables_set\" id=\"SQa+F`TD;!O#o0@t(~BT\"><field name=\"VAR\">resultado</field><value name=\"VALUE\"><block type=\"math_arithmetic\" id=\"0n~W%{uoQTw/7};ZQn7H\"><field name=\"OP\">ADD</field><value name=\"A\"><shadow type=\"math_number\" id=\"Vqm)OeIZeNzn0[CBwvt`\"><field name=\"NUM\">1</field></shadow><block type=\"math_arithmetic\" id=\":7_gPmhANpkUA*w)hPL7\"><field name=\"OP\">ADD</field><value name=\"A\"><shadow type=\"math_number\" id=\"1o9vj9A{8sC1#a2Rgb4(\"><field name=\"NUM\">1</field></shadow><block type=\"variables_get\" id=\"E//EceZXL.tAYaiP]yuf\"><field name=\"VAR\">Trozo01</field></block></value><value name=\"B\"><shadow type=\"math_number\" id=\"VP?cYKJ8,u{D`#7D,{vo\"><field name=\"NUM\">1</field></shadow><block type=\"variables_get\" id=\"6ntp^AH@}RrFBjao]ja*\"><field name=\"VAR\">Trozo02</field></block></value></block></value><value name=\"B\"><shadow type=\"math_number\" id=\"#Ukr,zst#(`Z(83ia;Me\"><field name=\"NUM\">1</field></shadow><block type=\"math_arithmetic\" id=\"5W?:5kar~*oOpF|v`aXn\"><field name=\"OP\">ADD</field><value name=\"A\"><shadow type=\"math_number\" id=\"PpWba}?Psz996%pJ;5T8\"><field name=\"NUM\">1</field></shadow><block type=\"variables_get\" id=\"xW76jM0?)Fq]7^+14=[9\"><field name=\"VAR\">Trozo03</field></block></value><value name=\"B\"><shadow type=\"math_number\" id=\"v`-m7=it+[_uZZp6?Na?\"><field name=\"NUM\">1</field></shadow><block type=\"variables_get\" id=\"~w(pG;^*Z~uo!Nn]*3:g\"><field name=\"VAR\">trozos04</field></block></value></block></value></block></value><next><block type=\"text_console\" id=\"uWwS).t]E?bka+CJW;;F\"><value name=\"CONSOLE\"><block type=\"text_join\" id=\"5h7UHE9AMw)oq0~=M=rf\"><mutation items=\"2\"></mutation><value name=\"ADD0\"><block type=\"text\" id=\"W+OsB4(K9}lykA_Et]7,\"><field name=\"TEXT\">El total de trozos de pastel es </field></block></value><value name=\"ADD1\"><block type=\"variables_get\" id=\"r,ADC[|Y/(`#~/}PgUX9\"><field name=\"VAR\">resultado</field></block></value></block></value></block></next></block></next></block></next></block></next></block></next></block></next></block></xml>', '2017-04-27 00:10:24', '2017-04-27 00:10:24');
INSERT INTO `blockly_activity_answers` (`id`, `activity_id`, `student_id`, `value`, `created_at`, `updated_at`) VALUES
(44, 25, 10, '<xml xmlns=\"http://www.w3.org/1999/xhtml\"><block type=\"text_console\" id=\"ZD+;,-P5^,j0}oVsy@AJ\" x=\"93\" y=\"79\"><value name=\"CONSOLE\"><block type=\"text\" id=\"[oqM~-C[1VH~(0+sr|rH\"><field name=\"TEXT\">CALCULADORA DE TROZOS</field></block></value><next><block type=\"variables_set\" id=\"t7u:.`o~c@r1hV%Uq6MD\"><field name=\"VAR\">TROZO 01</field><value name=\"VALUE\"><block type=\"text_prompt_ext\" id=\"zUPkbdust3]9NJK4=wK5\"><mutation type=\"NUMBER\"></mutation><field name=\"TYPE\">NUMBER</field><value name=\"TEXT\"><shadow type=\"text\" id=\"UeTyb7-4*Z6@{|7G?s4+\"><field name=\"TEXT\">INGRESE TROZOS AMIGO 01</field></shadow></value></block></value><next><block type=\"variables_set\" id=\"i]w/e/cqkL^)^xQi[I=r\"><field name=\"VAR\">TROZO 02</field><value name=\"VALUE\"><block type=\"text_prompt_ext\" id=\"w9uV?y`%Wg;c}c8bRGMH\"><mutation type=\"NUMBER\"></mutation><field name=\"TYPE\">NUMBER</field><value name=\"TEXT\"><shadow type=\"text\" id=\"TLGhD`LlNXpc8p_3wDeK\"><field name=\"TEXT\">INGRESE TROZOS AMIGO 02</field></shadow></value></block></value><next><block type=\"variables_set\" id=\"E]qN/d!q%[-ek}C2gV;b\"><field name=\"VAR\">TROZO 03</field><value name=\"VALUE\"><block type=\"text_prompt_ext\" id=\"e)1a,cTtZ12Xc`K(@yxg\"><mutation type=\"NUMBER\"></mutation><field name=\"TYPE\">NUMBER</field><value name=\"TEXT\"><shadow type=\"text\" id=\"2+3FPBC7VSYH(GScUAZi\"><field name=\"TEXT\">INGRESE TROZOS AMIGO 03</field></shadow></value></block></value><next><block type=\"variables_set\" id=\"{F{D)H?bvt9UY(p.,(*r\"><field name=\"VAR\">TROZO 04</field><value name=\"VALUE\"><block type=\"text_prompt_ext\" id=\"tlmnj7c_)xi[NTK3.{f)\"><mutation type=\"NUMBER\"></mutation><field name=\"TYPE\">NUMBER</field><value name=\"TEXT\"><shadow type=\"text\" id=\"pA;#fcs}^KL?(aqC^_;T\"><field name=\"TEXT\">INGRESE TROZOS DUEÑO DE CASA</field></shadow></value></block></value><next><block type=\"variables_set\" id=\"{BHR]g=Q,RGEFHx-IcX*\"><field name=\"VAR\">RESULTADO</field><value name=\"VALUE\"><block type=\"math_arithmetic\" id=\"6[S=i1zi-67IeZpc~b.;\"><field name=\"OP\">ADD</field><value name=\"A\"><shadow type=\"math_number\" id=\"h2{N`_HG3zBtcvU~]u)}\"><field name=\"NUM\">1</field></shadow><block type=\"variables_get\" id=\"cz.=R~5}5N=`,/rhD(TK\"><field name=\"VAR\">TROZO 01</field></block></value><value name=\"B\"><shadow type=\"math_number\" id=\"5S9M?|SgQ2YL)nRLi8u9\"><field name=\"NUM\">1</field></shadow><block type=\"math_arithmetic\" id=\"gyCnH[N/OYYtI^3uHDQw\"><field name=\"OP\">ADD</field><value name=\"A\"><shadow type=\"math_number\" id=\"5hfRgSeD)`uNPq);*_UP\"><field name=\"NUM\">1</field></shadow><block type=\"variables_get\" id=\"T.X4:ro,sjsDCHxU0#zn\"><field name=\"VAR\">TROZO 02</field></block></value><value name=\"B\"><shadow type=\"math_number\" id=\"]t^r2%3Uq]?Co.4ob}+c\"><field name=\"NUM\">1</field></shadow><block type=\"math_arithmetic\" id=\"4G*^)Lg3N4Q~4WOshy/]\"><field name=\"OP\">ADD</field><value name=\"A\"><shadow type=\"math_number\" id=\"ijyMLB5[q*t*PiSaSa0u\"><field name=\"NUM\">1</field></shadow><block type=\"variables_get\" id=\"mn-mkNetCjo;Ox*LX^5c\"><field name=\"VAR\">TROZO 03</field></block></value><value name=\"B\"><shadow type=\"math_number\" id=\"{wi}bCzWf.ZWcKXgk8x(\"><field name=\"NUM\">1</field></shadow><block type=\"variables_get\" id=\"nC9OMs?0]Yldk~r5n4I.\"><field name=\"VAR\">TROZO 04</field></block></value></block></value></block></value></block></value><next><block type=\"text_console\" id=\"3gjKpT@6`MXH4]+w[Spn\"><value name=\"CONSOLE\"><block type=\"text_join\" id=\"zHjYa.Fe_KI:#8[o^=`Z\"><mutation items=\"2\"></mutation><value name=\"ADD0\"><block type=\"text\" id=\"khdUuOJqsCSV6SLS-4DM\"><field name=\"TEXT\">EL TOTAL DE TROZOS DE PASTEL ES</field></block></value><value name=\"ADD1\"><block type=\"variables_get\" id=\"v?=!qO0a+FCY7#tzk,DV\"><field name=\"VAR\">RESULTADO</field></block></value></block></value></block></next></block></next></block></next></block></next></block></next></block></next></block></xml>', '2017-04-27 00:11:13', '2017-04-27 00:11:13'),
(45, 25, 27, '<xml xmlns=\"http://www.w3.org/1999/xhtml\"><block type=\"text_console\" id=\"FswmdZ}MLE@p}k[HtjOL\" x=\"-606\" y=\"-367\"><value name=\"CONSOLE\"><block type=\"text\" id=\"A,Il?ml@}0u7LCBsH1u=\"><field name=\"TEXT\">calculadora de trozos</field></block></value><next><block type=\"variables_set\" id=\"A%uHlFix({2t%iln:Fxp\"><field name=\"VAR\">trozo01</field><value name=\"VALUE\"><block type=\"text_prompt_ext\" id=\",_;R`/~ka^-IX8Z7ayMA\"><mutation type=\"NUMBER\"></mutation><field name=\"TYPE\">NUMBER</field><value name=\"TEXT\"><shadow type=\"text\" id=\"UD=!Syr!b2N2aj(*z*u?\"><field name=\"TEXT\">ingrese trozos amigo 01</field></shadow></value></block></value><next><block type=\"variables_set\" id=\"@A.n^_sQ]4XsZQ+l=ii~\"><field name=\"VAR\">trozo02</field><value name=\"VALUE\"><block type=\"text_prompt_ext\" id=\".I2X16oNw*v^29(=CO%M\"><mutation type=\"NUMBER\"></mutation><field name=\"TYPE\">NUMBER</field><value name=\"TEXT\"><shadow type=\"text\" id=\"Esn^7(61`I{}Pq_NjPT]\"><field name=\"TEXT\">ingrese trozos amigo 02</field></shadow></value></block></value><next><block type=\"variables_set\" id=\"~m,j_R2iV0Uj2`{ecDi!\"><field name=\"VAR\">trozo03</field><value name=\"VALUE\"><block type=\"text_prompt_ext\" id=\"{}92:vNg?=T%Kyj9nhEL\"><mutation type=\"NUMBER\"></mutation><field name=\"TYPE\">NUMBER</field><value name=\"TEXT\"><shadow type=\"text\" id=\"B!Q.b0L6yGJ#)}b*IzeX\"><field name=\"TEXT\">ingrese trozos amigo 03</field></shadow></value></block></value><next><block type=\"variables_set\" id=\":TLFt#c;+.dBfw]vOvat\"><field name=\"VAR\">trozo04</field><value name=\"VALUE\"><block type=\"text_prompt_ext\" id=\"l6DppwGmol0f~(*+H/v{\"><mutation type=\"NUMBER\"></mutation><field name=\"TYPE\">NUMBER</field><value name=\"TEXT\"><shadow type=\"text\" id=\"*!)AI4+q@{XxHofBf)m0\"><field name=\"TEXT\">ingrese trozos dueño de casa</field></shadow></value></block></value><next><block type=\"variables_set\" id=\"vE:/v*.zD?gtCyl8sv8o\"><field name=\"VAR\">resultado</field><value name=\"VALUE\"><block type=\"math_arithmetic\" id=\"]%y#:;Shad,g~MNM`LU6\"><field name=\"OP\">ADD</field><value name=\"A\"><shadow type=\"math_number\" id=\"8#QERKXZl1*i5|=pnejF\"><field name=\"NUM\">1</field></shadow><block type=\"variables_get\" id=\"e9mf259IER`)GT3vyTsL\"><field name=\"VAR\">trozo01</field></block></value><value name=\"B\"><shadow type=\"math_number\" id=\"S7GMU1S]ZbmQqV/yVCW_\"><field name=\"NUM\">1</field></shadow><block type=\"math_arithmetic\" id=\"u8Cgg=!;!3rj:^hCtULi\"><field name=\"OP\">ADD</field><value name=\"A\"><shadow type=\"math_number\" id=\"]/pD{l)yb,j?_#GXZBnG\"><field name=\"NUM\">1</field></shadow><block type=\"variables_get\" id=\"apOdS(Q_^HQ[STA.hpza\"><field name=\"VAR\">trozo02</field></block></value><value name=\"B\"><shadow type=\"math_number\" id=\"6N],ce=E80(JM+I-[(Mc\"><field name=\"NUM\">1</field></shadow><block type=\"math_arithmetic\" id=\",jf,%;X-6,];.Ptn@m`1\"><field name=\"OP\">ADD</field><value name=\"A\"><shadow type=\"math_number\" id=\"@^rq=:J7oNR6be6g7#Ve\"><field name=\"NUM\">1</field></shadow><block type=\"variables_get\" id=\"@F,aD3p_uD9yK{j0|AaN\"><field name=\"VAR\">trozo03</field></block></value><value name=\"B\"><shadow type=\"math_number\" id=\"su:8yJap?^Mgcs]y,u-2\"><field name=\"NUM\">1</field></shadow></value></block></value></block></value></block></value><next><block type=\"text_console\" id=\"R|%U*6v~q!3XwXLh=%5T\"><value name=\"CONSOLE\"><block type=\"text_join\" id=\"LA;u[=w]W4v]GaTm.:s*\"><mutation items=\"2\"></mutation><value name=\"ADD0\"><block type=\"text\" id=\",~}u,#0EO]:0Pj3PWr[L\"><field name=\"TEXT\">el total de trozos de pastel es</field></block></value><value name=\"ADD1\"><block type=\"variables_get\" id=\"g@Wabz[UpN|q749~h;)=\"><field name=\"VAR\">resultado</field></block></value></block></value></block></next></block></next></block></next></block></next></block></next></block></next></block><block type=\"variables_get\" id=\"@}YfmxGozaZXByQKRLZa\" x=\"19\" y=\"-221\"><field name=\"VAR\">trozo04</field></block></xml>', '2017-04-27 00:12:03', '2017-04-27 00:12:03'),
(46, 25, 26, '<xml xmlns=\"http://www.w3.org/1999/xhtml\"><block type=\"text_console\" id=\".0kKDS/x#uOG,irOeoPC\" x=\"29\" y=\"72\"><value name=\"CONSOLE\"><block type=\"text\" id=\"Y!{Y]s_7YF4pU^lKzH5V\"><field name=\"TEXT\">calculadora de trozos</field></block></value><next><block type=\"variables_set\" id=\"Mkb:Ilo%QTSp2iFsbUY2\"><field name=\"VAR\">trozo 1</field><value name=\"VALUE\"><block type=\"text_prompt_ext\" id=\"ld6GUsv#^AZ#8IlJ64a)\"><mutation type=\"NUMBER\"></mutation><field name=\"TYPE\">NUMBER</field><value name=\"TEXT\"><shadow type=\"text\" id=\"O;%;:m+A3*x[PGbxl2,U\"><field name=\"TEXT\">ingrese trozo amigos 01</field></shadow></value></block></value><next><block type=\"variables_set\" id=\"|?fsq{ctD(-U4.VDvU^J\"><field name=\"VAR\">trozo 2</field><value name=\"VALUE\"><block type=\"text_prompt_ext\" id=\"tiwo}:G3zHLIL8xE|Jcv\"><mutation type=\"NUMBER\"></mutation><field name=\"TYPE\">NUMBER</field><value name=\"TEXT\"><shadow type=\"text\" id=\"J=uhaN~^(MLv#QqTTAgU\"><field name=\"TEXT\">ingrese trozo amigos 02</field></shadow></value></block></value><next><block type=\"variables_set\" id=\"O?^ZuxtfSlL=:%M`x,UV\"><field name=\"VAR\">trozo 3</field><value name=\"VALUE\"><block type=\"text_prompt_ext\" id=\"3WUh,_e,Og+n:I)z.dAR\"><mutation type=\"NUMBER\"></mutation><field name=\"TYPE\">NUMBER</field><value name=\"TEXT\"><shadow type=\"text\" id=\"MoPQ}urJg{ze]L_18djn\"><field name=\"TEXT\">ingrese trozo amigos 03</field></shadow></value></block></value><next><block type=\"variables_set\" id=\"zZ~GkLNUNo?6O_xjC|ue\"><field name=\"VAR\">trozo 4</field><value name=\"VALUE\"><block type=\"text_prompt_ext\" id=\"6qiNZnA,*z^Jn?*??Cp[\"><mutation type=\"NUMBER\"></mutation><field name=\"TYPE\">NUMBER</field><value name=\"TEXT\"><shadow type=\"text\" id=\"6=#JTW*[b8%Uk|hkbaqf\"><field name=\"TEXT\">ingrese trozo amigos 04</field></shadow></value></block></value><next><block type=\"variables_set\" id=\"y5{-10{.+?oF!ARUlVxk\"><field name=\"VAR\">resultado</field><value name=\"VALUE\"><block type=\"math_arithmetic\" id=\"=oy*vkD!*i){Nhy?(Wsv\"><field name=\"OP\">ADD</field><value name=\"A\"><shadow type=\"math_number\" id=\"#TbBH{5NU1Ee`!{l5bxl\"><field name=\"NUM\">1</field></shadow><block type=\"math_arithmetic\" id=\"dFb)Z~)R~k2rWIN_j;d7\"><field name=\"OP\">ADD</field><value name=\"A\"><shadow type=\"math_number\" id=\"RZs]T7nIScQQA%%h{4Hb\"><field name=\"NUM\">1</field></shadow><block type=\"variables_get\" id=\"iZ2]PxH+Z8#_y`dO7x1W\"><field name=\"VAR\">trozo 1</field></block></value><value name=\"B\"><shadow type=\"math_number\" id=\"erMR~oXq}Re/%-i~2hfp\"><field name=\"NUM\">1</field></shadow><block type=\"variables_get\" id=\"Mj_N6~+8Oh!1CLeBaa:9\"><field name=\"VAR\">trozo 2</field></block></value></block></value><value name=\"B\"><shadow type=\"math_number\" id=\"4SiRhqiZF,OHKANLDY[6\"><field name=\"NUM\">1</field></shadow><block type=\"math_arithmetic\" id=\"V?f]Yz)tB@/z3d.4ro84\"><field name=\"OP\">ADD</field><value name=\"A\"><shadow type=\"math_number\" id=\"N~|`ti`SF)3fLf14OCMe\"><field name=\"NUM\">1</field></shadow><block type=\"variables_get\" id=\"Rc{{xiA6l]yx]Pz[UVeO\"><field name=\"VAR\">trozo 3</field></block></value><value name=\"B\"><shadow type=\"math_number\" id=\"mv{Z-p[6M}G=#p:4hpf4\"><field name=\"NUM\">1</field></shadow><block type=\"variables_get\" id=\"jU%c7Om4Tf,w[6~*[wS3\"><field name=\"VAR\">trozo 4</field></block></value></block></value></block></value><next><block type=\"text_console\" id=\"}oJ~98C9nEtQp}cAzuo*\"><value name=\"CONSOLE\"><block type=\"text_join\" id=\"U#HtI#/a+la26(PixtjR\"><mutation items=\"2\"></mutation><value name=\"ADD0\"><block type=\"text\" id=\"FoexYhF7~)@_(wN`.jUH\"><field name=\"TEXT\">el total de trozos es</field></block></value><value name=\"ADD1\"><block type=\"variables_get\" id=\"#-e[Wf*(kO7:XMCf/^}/\"><field name=\"VAR\">resultado</field></block></value></block></value></block></next></block></next></block></next></block></next></block></next></block></next></block><block type=\"text\" id=\"n7+wMad,I+,,ivhD?FXB\" x=\"758\" y=\"420\"><field name=\"TEXT\">resultado</field></block></xml>', '2017-04-27 00:16:07', '2017-04-27 00:16:07'),
(47, 25, 22, '<xml xmlns=\"http://www.w3.org/1999/xhtml\"><block type=\"text_console\" id=\"g@x@con!it-dVs`tsF*h\" x=\"17\" y=\"87\"><value name=\"CONSOLE\"><block type=\"text\" id=\"l;i)%.iP@5VjH{pv-7z{\"><field name=\"TEXT\">Calculadora de trozos</field></block></value><next><block type=\"variables_set\" id=\"D#|cNruF3EQ-4q42[SP/\"><field name=\"VAR\">trozo 1</field><value name=\"VALUE\"><block type=\"text_prompt_ext\" id=\"V~|_4/1A,=@(HVqyUP4e\"><mutation type=\"NUMBER\"></mutation><field name=\"TYPE\">NUMBER</field><value name=\"TEXT\"><shadow type=\"text\" id=\"Oy2O8j*uYO*B2]1;E#yP\"><field name=\"TEXT\">ingrese trozos amigo 01</field></shadow></value></block></value><next><block type=\"variables_set\" id=\"?#t7]u[T?rtudbDl(j(4\"><field name=\"VAR\">trozo 2</field><value name=\"VALUE\"><block type=\"text_prompt_ext\" id=\".o~Rr^p)z7=k?T71t_VF\"><mutation type=\"NUMBER\"></mutation><field name=\"TYPE\">NUMBER</field><value name=\"TEXT\"><shadow type=\"text\" id=\"gRwtGhBH!H113KC:~UNB\"><field name=\"TEXT\">ingrese trozos amigo 02</field></shadow></value></block></value><next><block type=\"variables_set\" id=\"=q6*/H|Z?}6|7JAf_vO-\"><field name=\"VAR\">trozo 3</field><value name=\"VALUE\"><block type=\"text_prompt_ext\" id=\"e`S,2F]fn!~y7B4.FJLF\"><mutation type=\"NUMBER\"></mutation><field name=\"TYPE\">NUMBER</field><value name=\"TEXT\"><shadow type=\"text\" id=\"iz,)WN)BUmBD3wrhuDw3\"><field name=\"TEXT\">ingrese trozos amigo 03</field></shadow></value></block></value><next><block type=\"variables_set\" id=\"Sp/#b-?7x0jSX,@BKG_S\"><field name=\"VAR\">trozo 4</field><value name=\"VALUE\"><block type=\"text_prompt_ext\" id=\"uya)@]7T`)!cjiZ;:*mv\"><mutation type=\"NUMBER\"></mutation><field name=\"TYPE\">NUMBER</field><value name=\"TEXT\"><shadow type=\"text\" id=\"xcu36M6mCs`hS[oHggnG\"><field name=\"TEXT\">ingrese trozos dueño de casa</field></shadow></value></block></value><next><block type=\"variables_set\" id=\"+K94-63)j(CZ#0eEoO[T\"><field name=\"VAR\">resultado</field><value name=\"VALUE\"><block type=\"math_arithmetic\" id=\"_Q7+Wf*/gZ}2-GCKDT@v\"><field name=\"OP\">ADD</field><value name=\"A\"><shadow type=\"math_number\" id=\"m%!W]/u@2,Q)zeQ.Ene#\"><field name=\"NUM\">1</field></shadow><block type=\"variables_get\" id=\"P0Q2J6@rZh2NFf}s#0yz\"><field name=\"VAR\">trozo 1</field></block></value><value name=\"B\"><shadow type=\"math_number\" id=\"iezG]/uAR8OL6U}PpeqF\"><field name=\"NUM\">1</field></shadow><block type=\"math_arithmetic\" id=\"?n?R-EL%kL8D{.MGg;X5\"><field name=\"OP\">ADD</field><value name=\"A\"><shadow type=\"math_number\" id=\"oN.yo1W+Gq]bGgFt.rc(\"><field name=\"NUM\">1</field></shadow><block type=\"variables_get\" id=\"KA)uhIXcxMx1%CVB.sZ^\"><field name=\"VAR\">trozo 2</field></block></value><value name=\"B\"><shadow type=\"math_number\" id=\"4MWO`%@qAvwFjHH-v,2y\"><field name=\"NUM\">1</field></shadow><block type=\"math_arithmetic\" id=\"4msbejP9a2ZWzJ)E@3rZ\"><field name=\"OP\">ADD</field><value name=\"A\"><shadow type=\"math_number\" id=\"c`CXdi}*_|D`6^#v]Gy{\"><field name=\"NUM\">1</field></shadow><block type=\"variables_get\" id=\"eGe+q=qVXKqcLme5^g|w\"><field name=\"VAR\">trozo 3</field></block></value><value name=\"B\"><shadow type=\"math_number\" id=\"VNFLZf#x+GI[O,]+)MTp\"><field name=\"NUM\">1</field></shadow><block type=\"variables_get\" id=\"wfpb%e@Ft;;v}x{8oM68\"><field name=\"VAR\">trozo 4</field></block></value></block></value></block></value></block></value><next><block type=\"text_console\" id=\"=[/s{H!E8F6WZj?k1%#%\"><value name=\"CONSOLE\"><block type=\"text_join\" id=\"X5R^0ivHI?3)0L1uA|`l\"><mutation items=\"2\"></mutation><value name=\"ADD0\"><block type=\"text\" id=\"TeI)P5;[D%VSXZ4Yy[pj\"><field name=\"TEXT\">el total de trozos de pastel es :</field></block></value><value name=\"ADD1\"><block type=\"variables_get\" id=\"kd:`jWGM~]c^4zQuGqT,\"><field name=\"VAR\">resultado</field></block></value></block></value></block></next></block></next></block></next></block></next></block></next></block></next></block><block type=\"variables_set\" id=\"1zRnrA`0lF)_::K9_Ea#\" x=\"29\" y=\"203\"><field name=\"VAR\">trozo 1</field></block></xml>', '2017-04-27 00:10:11', '2017-04-27 00:10:11'),
(48, 25, 28, '<xml xmlns=\"http://www.w3.org/1999/xhtml\"><block type=\"text_console\" id=\"e2(SSiW{ev^3P?!i?-c:\" x=\"26\" y=\"33\"><value name=\"CONSOLE\"><block type=\"text\" id=\"-!o,(w2L9LSPQk)Fg2#5\"><field name=\"TEXT\">Calculadora de trozos</field></block></value><next><block type=\"variables_set\" id=\"i4+mKjrXT?.Az*0u|@d5\"><field name=\"VAR\">trozo01</field><value name=\"VALUE\"><block type=\"text_prompt_ext\" id=\"`,;B3D8o8p6*DRJ3yh;I\"><mutation type=\"NUMBER\"></mutation><field name=\"TYPE\">NUMBER</field><value name=\"TEXT\"><shadow type=\"text\" id=\"1vr/)+liXIAwswK@Gc`L\"><field name=\"TEXT\">ingrese trozos amigo 01</field></shadow></value></block></value><next><block type=\"variables_set\" id=\"68k7DHL7wlYzad4JYsQ)\"><field name=\"VAR\">trozo02</field><value name=\"VALUE\"><block type=\"text_prompt_ext\" id=\"tpW1z42Nk1uJa)tT3gKy\"><mutation type=\"NUMBER\"></mutation><field name=\"TYPE\">NUMBER</field><value name=\"TEXT\"><shadow type=\"text\" id=\"PU=aF/94sweu~V78zK{R\"><field name=\"TEXT\">ingrese trozos amigo 02</field></shadow></value></block></value><next><block type=\"variables_set\" id=\"#TsrJ9`Wd^}#w-A+`%p:\"><field name=\"VAR\">trozo03</field><value name=\"VALUE\"><block type=\"text_prompt_ext\" id=\"6K0,28W@ML80{OgPP_:7\"><mutation type=\"NUMBER\"></mutation><field name=\"TYPE\">NUMBER</field><value name=\"TEXT\"><shadow type=\"text\" id=\"+4!wPc.k-f}tsLd0,g1y\"><field name=\"TEXT\">ingrese trozos amigo 03</field></shadow></value></block></value><next><block type=\"variables_set\" id=\"*TRT8o6D9Oe]Xg?Usc0;\"><field name=\"VAR\">trozo04</field><value name=\"VALUE\"><block type=\"text_prompt_ext\" id=\"IpV5Ja:jEFWg^u0.(2et\"><mutation type=\"NUMBER\"></mutation><field name=\"TYPE\">NUMBER</field><value name=\"TEXT\"><shadow type=\"text\" id=\":9s4?Ha@A^?/xJEV??7e\"><field name=\"TEXT\">ingrese trozos dueño de casa</field></shadow></value></block></value><next><block type=\"variables_set\" id=\"D;F=};=0sa-=OVI8_TBd\"><field name=\"VAR\">resultado</field><value name=\"VALUE\"><block type=\"math_arithmetic\" id=\"N4!g!xfyAT6OttDpXS]z\"><field name=\"OP\">ADD</field><value name=\"A\"><shadow type=\"math_number\" id=\"Fqt*R2sit6u~|OHj5W8-\"><field name=\"NUM\">1</field></shadow><block type=\"math_arithmetic\" id=\"VGT}+H9c@Jex}7W_bTwV\"><field name=\"OP\">ADD</field><value name=\"A\"><shadow type=\"math_number\" id=\"G54zEhl0PwtQX21eH;mE\"><field name=\"NUM\">1</field></shadow><block type=\"variables_get\" id=\"0yS}@XTUnSOHUcG`Y@7d\"><field name=\"VAR\">trozo01</field></block></value><value name=\"B\"><shadow type=\"math_number\" id=\"T/enUv_A7R*Fu#YjV#4B\"><field name=\"NUM\">1</field></shadow><block type=\"variables_get\" id=\"!JNJ^lXc_{1`M8(t?!@D\"><field name=\"VAR\">trozo02</field></block></value></block></value><value name=\"B\"><shadow type=\"math_number\" id=\"*Kqy`M86;BI,jWqD:@3G\"><field name=\"NUM\">1</field></shadow><block type=\"math_arithmetic\" id=\"VVEHe/#cIhR[M3.Uoz4(\"><field name=\"OP\">ADD</field><value name=\"A\"><shadow type=\"math_number\" id=\"|4J9l{MM=;~fm+/x?o~Y\"><field name=\"NUM\">1</field></shadow><block type=\"variables_get\" id=\",|}r/-o4KKFN*A}+np=S\"><field name=\"VAR\">trozo03</field></block></value><value name=\"B\"><shadow type=\"math_number\" id=\"4kDP=z^MjACvC2{Py1mr\"><field name=\"NUM\">1</field></shadow><block type=\"variables_get\" id=\"{a*3~ed#7*_yg=mw5VzN\"><field name=\"VAR\">trozo04</field></block></value></block></value></block></value><next><block type=\"text_console\" id=\"a@(x{f:AY;`,w7[k?D^C\"><value name=\"CONSOLE\"><block type=\"text_join\" id=\"zY[CVM|8^wz})D2T%kZ!\"><mutation items=\"2\"></mutation><value name=\"ADD0\"><block type=\"text\" id=\"e,HQjVFqFY0Wpcx]R~qY\"><field name=\"TEXT\">el total de trozos de pastel es: </field></block></value><value name=\"ADD1\"><block type=\"variables_get\" id=\"9P^vus@,e|?x)XaK}r4;\"><field name=\"VAR\">resultado</field></block></value></block></value></block></next></block></next></block></next></block></next></block></next></block></next></block></xml>', '2017-04-27 00:10:02', '2017-04-27 00:10:02'),
(49, 25, 17, '<xml xmlns=\"http://www.w3.org/1999/xhtml\"><block type=\"text_console\" id=\"I~0MzQ#K?[OdMi{DQHD2\" x=\"65\" y=\"-231\"><value name=\"CONSOLE\"><block type=\"text\" id=\"wY7J%Q/.f%0QDB*R,{xs\"><field name=\"TEXT\">calculadora de Conejos</field></block></value><next><block type=\"variables_set\" id=\"g7meqzzLJbRyk4G8*+K;\"><field name=\"VAR\">conejo01</field><value name=\"VALUE\"><block type=\"text_prompt_ext\" id=\"XQoS%hmS,qUs?j1JU?Cn\"><mutation type=\"NUMBER\"></mutation><field name=\"TYPE\">NUMBER</field><value name=\"TEXT\"><shadow type=\"text\" id=\"z#TzHpX/E{.H#{v:n,Rc\"><field name=\"TEXT\">abc</field></shadow><block type=\"text\" id=\"VBzo,(1xcp(QMS4|kHR9\"><field name=\"TEXT\">ingrese cantidad de conejos amigo 01</field></block></value></block></value><next><block type=\"variables_set\" id=\"grVT=h~G^O;rGL@[69h=\"><field name=\"VAR\">conejo02</field><value name=\"VALUE\"><block type=\"text_prompt_ext\" id=\"Xkt-?uT4o0B.u8NFg8_v\"><mutation type=\"NUMBER\"></mutation><field name=\"TYPE\">NUMBER</field><value name=\"TEXT\"><shadow type=\"text\" id=\"xP[RE%!!fh%QcAZvKS3s\"><field name=\"TEXT\">abc</field></shadow><block type=\"text\" id=\")3t(?rSOzSV#Z8Il!JqG\"><field name=\"TEXT\">ingrese cantidad de conejos amigo02</field></block></value></block></value><next><block type=\"variables_set\" id=\"+ZzqsMg/Ynh0{SOxdxVj\"><field name=\"VAR\">conejo03</field><value name=\"VALUE\"><block type=\"text_prompt_ext\" id=\"MK(|8VAMrks3N,yBB*c{\"><mutation type=\"NUMBER\"></mutation><field name=\"TYPE\">NUMBER</field><value name=\"TEXT\"><shadow type=\"text\" id=\".bQ}+3[d}aK2j#b8b!8U\"><field name=\"TEXT\">abc</field></shadow><block type=\"text\" id=\".?P`BHEylBH?C@u2lFA/\"><field name=\"TEXT\">ingrese cantidad de conejos amigo 03</field></block></value></block></value><next><block type=\"variables_set\" id=\"=a|w(Nj`1YDKXyQo:#xT\"><field name=\"VAR\">conejo04</field><value name=\"VALUE\"><block type=\"text_prompt_ext\" id=\"JY:[DU;*QCpBdHlJfou?\"><mutation type=\"NUMBER\"></mutation><field name=\"TYPE\">NUMBER</field><value name=\"TEXT\"><shadow type=\"text\" id=\"c9u~ouc1m+Qv2%,^gy69\"><field name=\"TEXT\">abc</field></shadow><block type=\"text\" id=\"/oSCVkyiw?yG;:7}uyfV\"><field name=\"TEXT\">ingrese cantidad de conejos dueño de casa</field></block></value></block></value><next><block type=\"variables_set\" id=\"A4*Q+ZgZ2+%@!:yDn5^+\"><field name=\"VAR\">resultado</field><value name=\"VALUE\"><block type=\"math_arithmetic\" id=\"g.*iZ*oBl@oAT.(|oG[L\"><field name=\"OP\">ADD</field><value name=\"A\"><shadow type=\"math_number\" id=\"2qJ(N^LDqqy+mZ?cdXkc\"><field name=\"NUM\">1</field></shadow><block type=\"math_arithmetic\" id=\"Qg};4GXc[A-d++5V85-9\"><field name=\"OP\">ADD</field><value name=\"A\"><shadow type=\"math_number\" id=\"J^%t23ql}lvwv1K:f^G/\"><field name=\"NUM\">0</field></shadow><block type=\"variables_get\" id=\"=1#SXd4+UtwmVhiC*6H0\"><field name=\"VAR\">conejo01</field></block></value><value name=\"B\"><shadow type=\"math_number\" id=\"Whp[NQovJ2hIQ((;)Ru7\"><field name=\"NUM\">1</field></shadow><block type=\"variables_get\" id=\"us1rBWv[gx=7Fdo+mQO:\"><field name=\"VAR\">conejo02</field></block></value></block></value><value name=\"B\"><shadow type=\"math_number\" id=\"}TC[MX_Cnht}3W0CwdOB\"><field name=\"NUM\">1</field></shadow><block type=\"math_arithmetic\" id=\"jNyX1r:%fQ#I#`72wLT9\"><field name=\"OP\">ADD</field><value name=\"A\"><shadow type=\"math_number\" id=\"CDUU}BYH?U-EB[MSyb[7\"><field name=\"NUM\">1</field></shadow><block type=\"variables_get\" id=\"2:=1ce+URxUeW9/ezaQ[\"><field name=\"VAR\">conejo03</field></block></value><value name=\"B\"><shadow type=\"math_number\" id=\"7sc^LlfD737qa@:/4a61\"><field name=\"NUM\">1</field></shadow><block type=\"variables_get\" id=\"3[.?S@[k8`o9(rz/oE+U\"><field name=\"VAR\">conejo04</field></block></value></block></value></block></value><next><block type=\"text_console\" id=\"bL9==HK*VkLb~|%2]w::\"><value name=\"CONSOLE\"><block type=\"text_join\" id=\"V(47{q|#7w[e:HmMREBq\"><mutation items=\"2\"></mutation><value name=\"ADD0\"><block type=\"text\" id=\"bAg_EuNk)/:EV].GI}c_\"><field name=\"TEXT\">el total de conejos es:</field></block></value><value name=\"ADD1\"><block type=\"variables_get\" id=\"uSn,fF~vG%wD(n4GIEB}\"><field name=\"VAR\">resultado</field></block></value></block></value></block></next></block></next></block></next></block></next></block></next></block></next></block></xml>', '2017-04-27 00:12:45', '2017-04-27 00:12:45'),
(50, 25, 25, '<xml xmlns=\"http://www.w3.org/1999/xhtml\"><block type=\"text_console\" id=\"3e1hzP}e*ci^Y^n=]_`9\" x=\"-67\" y=\"-66\"><value name=\"CONSOLE\"><block type=\"text\" id=\"jjqndgJ2`BenV}JL]CEc\"><field name=\"TEXT\">calculadora de trozos</field></block></value><next><block type=\"variables_set\" id=\"_ieW;OcuPH#R.d`=aAq9\"><field name=\"VAR\">trozo 1</field><value name=\"VALUE\"><block type=\"text_prompt_ext\" id=\"FWavig_1(J(s9MMmk.@w\"><mutation type=\"NUMBER\"></mutation><field name=\"TYPE\">NUMBER</field><value name=\"TEXT\"><shadow type=\"text\" id=\"dk?NkkO_*;^71LUjm^J4\"><field name=\"TEXT\">ingrese trozos amigo 1</field></shadow></value></block></value><next><block type=\"variables_set\" id=\"L%6?p.Im`YY?(@xt#p36\"><field name=\"VAR\">trozo 2</field><value name=\"VALUE\"><block type=\"text_prompt_ext\" id=\"Y[8Bjl;~x?AJ03s%wh`v\"><mutation type=\"NUMBER\"></mutation><field name=\"TYPE\">NUMBER</field><value name=\"TEXT\"><shadow type=\"text\" id=\"|,M6vH21H#*Cbs=ii;o9\"><field name=\"TEXT\">ingreso trozo amigo 2</field></shadow></value></block></value><next><block type=\"variables_set\" id=\"uYJ0nO.yzAGJg#M]Dw{N\"><field name=\"VAR\">trozo 3</field><value name=\"VALUE\"><block type=\"text_prompt_ext\" id=\";w|v9Z],WFg#cy10g!bm\"><mutation type=\"NUMBER\"></mutation><field name=\"TYPE\">NUMBER</field><value name=\"TEXT\"><shadow type=\"text\" id=\"Yl/Y+to6;T5*sv6HlpJ|\"><field name=\"TEXT\">ingreso trozo amigo 3</field></shadow></value></block></value><next><block type=\"variables_set\" id=\"B]pKMO{zJHAOxuvJXbN!\"><field name=\"VAR\">trozo 4</field><value name=\"VALUE\"><block type=\"text_prompt_ext\" id=\")v!FKS9mR4Da8=C5b8Vf\"><mutation type=\"NUMBER\"></mutation><field name=\"TYPE\">NUMBER</field><value name=\"TEXT\"><shadow type=\"text\" id=\"%^R.sf0)qBWLbq+K%yCg\"><field name=\"TEXT\">ingreso trozo dueño de casa</field></shadow></value></block></value><next><block type=\"variables_set\" id=\"s[i-Fa?Xx;k?uLm(Je?g\"><field name=\"VAR\">resultado</field><value name=\"VALUE\"><block type=\"math_arithmetic\" id=\"8mLK0M(PVJm(fw5U%a.o\"><field name=\"OP\">ADD</field><value name=\"A\"><shadow type=\"math_number\" id=\"6--A9;%Gr{USOvBUskL!\"><field name=\"NUM\">0</field></shadow><block type=\"variables_get\" id=\"~xz,S@=ly{.2y#3P;d#g\"><field name=\"VAR\">trozo 1</field></block></value><value name=\"B\"><shadow type=\"math_number\" id=\"RDB*;Z[o/GH7!`85*8`W\"><field name=\"NUM\">1</field></shadow><block type=\"math_arithmetic\" id=\"q}(yB@K(|xSwp^4ECKX3\"><field name=\"OP\">ADD</field><value name=\"A\"><shadow type=\"math_number\" id=\"z%*iuQIy#5C(+q#qe|:7\"><field name=\"NUM\">1</field></shadow><block type=\"variables_get\" id=\"Q?hNI+]-MZ]D2OB8ibWq\"><field name=\"VAR\">trozo 2</field></block></value><value name=\"B\"><shadow type=\"math_number\" id=\"A:S=V=?ZUJMw0EX~4]GW\"><field name=\"NUM\">1</field></shadow><block type=\"math_arithmetic\" id=\"@)DS@;3Y4u7)7+F?l+N+\"><field name=\"OP\">ADD</field><value name=\"A\"><shadow type=\"math_number\" id=\"f[rNCY.L^OWMS0{J]UXl\"><field name=\"NUM\">1</field></shadow><block type=\"variables_get\" id=\"gWejKmR,f_F:m:`S)Y8o\"><field name=\"VAR\">trozo 3</field></block></value><value name=\"B\"><shadow type=\"math_number\" id=\"S_KznmuvM_3FW.0hl2*o\"><field name=\"NUM\">1</field></shadow><block type=\"variables_get\" id=\"O[njZrMbNs~2CHNNHgE+\"><field name=\"VAR\">trozo 4</field></block></value></block></value></block></value></block></value><next><block type=\"text_console\" id=\"s3CAZCz9V`fw[VKQ{xgw\"><value name=\"CONSOLE\"><block type=\"text_join\" id=\"dxXIJ!S,BHN+i/I`_i6R\"><mutation items=\"2\"></mutation><value name=\"ADD0\"><block type=\"text\" id=\"!cJ?jzNYBLfJ?h}j0+@]\"><field name=\"TEXT\">los trozos de torta son</field></block></value><value name=\"ADD1\"><block type=\"variables_get\" id=\"lQ]t5Du}}[FEI(=x;6{e\"><field name=\"VAR\">1</field></block></value></block></value></block></next></block></next></block></next></block></next></block></next></block></next></block></xml>', '2017-04-27 00:14:43', '2017-04-27 00:14:43'),
(51, 25, 20, '<xml xmlns=\"http://www.w3.org/1999/xhtml\"><block type=\"text_console\" id=\"iiL(HJd=|SM,%.ffU^8|\" x=\"21\" y=\"72\"><value name=\"CONSOLE\"><block type=\"text\" id=\"yY?3XnNldOl.geHe*fk5\"><field name=\"TEXT\">calculadora de trozos</field></block></value><next><block type=\"variables_set\" id=\"vq2jG=5:9LAU-{=W5L^1\"><field name=\"VAR\">trozo 01</field><value name=\"VALUE\"><block type=\"text_prompt_ext\" id=\"2Eg0VFb+}d=|+7Lw)Y/*\"><mutation type=\"NUMBER\"></mutation><field name=\"TYPE\">NUMBER</field><value name=\"TEXT\"><shadow type=\"text\" id=\"`v:xd]*!v3*!N_dm()ma\"><field name=\"TEXT\">ingrese trozos amigo 01</field></shadow></value></block></value><next><block type=\"variables_set\" id=\"m^h{;xOm)I.-=9;%Ss2R\"><field name=\"VAR\">trozo 02</field><value name=\"VALUE\"><block type=\"text_prompt_ext\" id=\"I2lo{(`+xHje(L131.)v\"><mutation type=\"NUMBER\"></mutation><field name=\"TYPE\">NUMBER</field><value name=\"TEXT\"><shadow type=\"text\" id=\"AUs|JOiTV@?Vt`q9saJK\"><field name=\"TEXT\">ingrese trozos amigo 02</field></shadow></value></block></value><next><block type=\"variables_set\" id=\"QYjOsozdUktqnL4Co.Tp\"><field name=\"VAR\">trozo 03</field><value name=\"VALUE\"><block type=\"text_prompt_ext\" id=\"t~@}{)KJOIY4wWEMBhdq\"><mutation type=\"NUMBER\"></mutation><field name=\"TYPE\">NUMBER</field><value name=\"TEXT\"><shadow type=\"text\" id=\"e~:fJWuO_4e+)a!e_6*z\"><field name=\"TEXT\">ingrese trozos amigo 03</field></shadow></value></block></value><next><block type=\"variables_set\" id=\"k*x7T0KzfZ7O87eLZR%A\"><field name=\"VAR\">trozo 04</field><value name=\"VALUE\"><block type=\"text_prompt_ext\" id=\"d2:j|;a+f)jG,R@wgk!+\"><mutation type=\"NUMBER\"></mutation><field name=\"TYPE\">NUMBER</field><value name=\"TEXT\"><shadow type=\"text\" id=\"qUUc3eO;]83!5L1i5%2}\"><field name=\"TEXT\">ingrese trozos dueño de casa</field></shadow></value></block></value><next><block type=\"variables_set\" id=\"YS?K~SCRJv%JyzF#PdWG\"><field name=\"VAR\">resultado</field><value name=\"VALUE\"><block type=\"math_arithmetic\" id=\"YsiX:?`9O5O.yg2afNZ`\"><field name=\"OP\">ADD</field><value name=\"A\"><shadow type=\"math_number\" id=\"=)TwSbw_)--(4I|UhxZ/\"><field name=\"NUM\">1</field></shadow><block type=\"math_arithmetic\" id=\"|STV0^1|rW;=38(vvMAV\"><field name=\"OP\">ADD</field><value name=\"A\"><shadow type=\"math_number\" id=\"wJLW@Fk#P`R49XJ}K6F}\"><field name=\"NUM\">1</field></shadow><block type=\"variables_get\" id=\"JntiY.VR[b`V)A`}bfFp\"><field name=\"VAR\">trozo 01</field></block></value><value name=\"B\"><shadow type=\"math_number\" id=\"olD#Y[?VT;wBG8u(c=IA\"><field name=\"NUM\">1</field></shadow><block type=\"variables_get\" id=\"iQC`vYf|?w_!bHG:-,it\"><field name=\"VAR\">trozo 02</field></block></value></block></value><value name=\"B\"><shadow type=\"math_number\" id=\"`GgNTKK~%O}@OfR2d%3A\"><field name=\"NUM\">1</field></shadow><block type=\"math_arithmetic\" id=\"}4k{[.MsrhL~D}sLIu;^\"><field name=\"OP\">ADD</field><value name=\"A\"><shadow type=\"math_number\" id=\"(g|teHa7V70nR-5[~.:h\"><field name=\"NUM\">1</field></shadow><block type=\"variables_get\" id=\"4de^BmT)5[DF..;8OdR#\"><field name=\"VAR\">trozo 03</field></block></value><value name=\"B\"><shadow type=\"math_number\" id=\"fuAIr_-n(t1RG.ae2-hs\"><field name=\"NUM\">1</field></shadow><block type=\"variables_get\" id=\"n-:Pwzak^i!uq?=~(s#y\"><field name=\"VAR\">trozo 04</field></block></value></block></value></block></value><next><block type=\"text_console\" id=\"CmdF~R|t*ui_O:=q}DF`\"><value name=\"CONSOLE\"><block type=\"text_join\" id=\"}{V%H5X*1_9yyf0+M%|Z\"><mutation items=\"2\"></mutation><value name=\"ADD0\"><block type=\"text\" id=\"uQr|54;I%sfM;s4HFh09\"><field name=\"TEXT\">el total de trozos de pastel es:</field></block></value><value name=\"ADD1\"><block type=\"variables_get\" id=\"KNAJ@^[*yh^^z~lUzq+-\"><field name=\"VAR\">resultado</field></block></value></block></value></block></next></block></next></block></next></block></next></block></next></block></next></block></xml>', '2017-04-27 00:14:20', '2017-04-27 00:14:20'),
(52, 25, 19, '<xml xmlns=\"http://www.w3.org/1999/xhtml\"><block type=\"text_console\" id=\"|{kS@}N!1zhYRw=GXZc_\" x=\"9\" y=\"52\"><value name=\"CONSOLE\"><block type=\"text\" id=\"KBbcvY7+:pO9sFEa8H*l\"><field name=\"TEXT\">calculadora de trozos</field></block></value><next><block type=\"variables_set\" id=\"|FG4k1oOk=-Lc}f+i8vb\"><field name=\"VAR\">trozo01</field><value name=\"VALUE\"><block type=\"text_prompt_ext\" id=\"o9H/)AL%D1A.DTx_fYZl\"><mutation type=\"NUMBER\"></mutation><field name=\"TYPE\">NUMBER</field><value name=\"TEXT\"><shadow type=\"text\" id=\"Dnk8mRk1+#;EF%e+Dd;1\"><field name=\"TEXT\">ingrese trozo amigo 01</field></shadow></value></block></value><next><block type=\"variables_set\" id=\"b^`gcxC.85s7{Oi_8C6c\"><field name=\"VAR\">trozo 02</field><value name=\"VALUE\"><block type=\"text_prompt_ext\" id=\"`]:NUHO{wtVsfU=.ReBg\"><mutation type=\"NUMBER\"></mutation><field name=\"TYPE\">NUMBER</field><value name=\"TEXT\"><shadow type=\"text\" id=\"4Z}vbtp-h9BH~3c%Q[WB\"><field name=\"TEXT\">ingrese trozos amigo 02</field></shadow></value></block></value><next><block type=\"variables_set\" id=\"m[anhYN,;T+.C^HSF!j]\"><field name=\"VAR\">trozo 03</field><value name=\"VALUE\"><block type=\"text_prompt_ext\" id=\"6{HU1+gR|c=+SuKU.%c|\"><mutation type=\"NUMBER\"></mutation><field name=\"TYPE\">NUMBER</field><value name=\"TEXT\"><shadow type=\"text\" id=\"~(Wkr%Uhrn__/E}Rr@Q=\"><field name=\"TEXT\">ingrese trozos amigo 03</field></shadow></value></block></value><next><block type=\"variables_set\" id=\"^b?Vl~feB!4YD}%nS{i`\"><field name=\"VAR\">trozo 04</field><value name=\"VALUE\"><block type=\"text_prompt_ext\" id=\"P2QccvA47KKlu[u.1-%x\"><mutation type=\"NUMBER\"></mutation><field name=\"TYPE\">NUMBER</field><value name=\"TEXT\"><shadow type=\"text\" id=\"WFyvXYYl[1j__YS7xD9~\"><field name=\"TEXT\">ingrese trozos dueño de casa</field></shadow></value></block></value><next><block type=\"variables_set\" id=\"V-nZo0tRG[Y!W+O@Y`4,\"><field name=\"VAR\">establecer resultado</field><value name=\"VALUE\"><block type=\"math_arithmetic\" id=\"bD(Za{AzwC1V=Iq(fgF?\"><field name=\"OP\">ADD</field><value name=\"A\"><shadow type=\"math_number\" id=\"[E(ONul591J1N3TjKrF}\"><field name=\"NUM\">1</field></shadow><block type=\"math_arithmetic\" id=\"J?W/%K5yl@B0wWyS[Z1b\"><field name=\"OP\">ADD</field><value name=\"A\"><shadow type=\"math_number\" id=\"Q[OgKa?Ya7IiIzWR~:Rv\"><field name=\"NUM\">1</field></shadow><block type=\"variables_get\" id=\"@D0ThS@SNGEo(Or}@r%j\"><field name=\"VAR\">trozo01</field></block></value><value name=\"B\"><shadow type=\"math_number\" id=\"rW)W9uy7ZZB%v:1hVfwo\"><field name=\"NUM\">1</field></shadow><block type=\"variables_get\" id=\"zpI};uyn6q,6UN{6LHRZ\"><field name=\"VAR\">trozo 02</field></block></value></block></value><value name=\"B\"><shadow type=\"math_number\" id=\"ju!gUC?,:PP]XC].]M%j\"><field name=\"NUM\">1</field></shadow><block type=\"math_arithmetic\" id=\"7`Cyi([b@j#ATQF6@ArW\"><field name=\"OP\">ADD</field><value name=\"A\"><shadow type=\"math_number\" id=\"l`Ksno4xO5kdJ@~lCs%n\"><field name=\"NUM\">1</field></shadow><block type=\"variables_get\" id=\"[OI^3vOeR-+nTZ;)4LQ8\"><field name=\"VAR\">trozo 03</field></block></value><value name=\"B\"><shadow type=\"math_number\" id=\"UMLR53wW}LJ-I*dAS8Dd\"><field name=\"NUM\">1</field></shadow><block type=\"variables_get\" id=\"*5+fI.9GgA~V713:^j40\"><field name=\"VAR\">trozo 04</field></block></value></block></value></block></value><next><block type=\"text_console\" id=\"f4{C,j68y;x?GO;;iFyx\"><value name=\"CONSOLE\"><block type=\"text_join\" id=\"8vTL-C.ky@cQsm.Ja;f~\"><mutation items=\"2\"></mutation><value name=\"ADD0\"><block type=\"text\" id=\"mSU#=g[!oD)#c1iX/^T]\"><field name=\"TEXT\">el total de trozos de pastel es</field></block></value><value name=\"ADD1\"><block type=\"variables_get\" id=\"mE.+q0+?}RgQ[I==[r{5\"><field name=\"VAR\">establecer resultado</field></block></value></block></value></block></next></block></next></block></next></block></next></block></next></block></next></block></xml>', '2017-04-27 00:14:22', '2017-04-27 00:14:22'),
(53, 25, 11, '<xml xmlns=\"http://www.w3.org/1999/xhtml\"><block type=\"text_console\" id=\"2]XpK}54Qe32hI]1+2%B\" x=\"232\" y=\"133\"><value name=\"CONSOLE\"><block type=\"text\" id=\"lncB?`){5a~4nWoQ{a_+\"><field name=\"TEXT\">Calculadora de trozos</field></block></value><next><block type=\"variables_set\" id=\"|V81J`_%!E=TlB{Fj,:@\"><field name=\"VAR\">trozo 01</field><value name=\"VALUE\"><block type=\"text_prompt_ext\" id=\"jpCJ+`/d)llDmWrigBTQ\"><mutation type=\"NUMBER\"></mutation><field name=\"TYPE\">NUMBER</field><value name=\"TEXT\"><shadow type=\"text\" id=\".6cDQW@!AwpyxxVH1w2z\"><field name=\"TEXT\">ingrese trozos amigo 01</field></shadow></value></block></value><next><block type=\"variables_set\" id=\"zwt9-67S07[*@j(~%D9x\"><field name=\"VAR\">trozo 02</field><value name=\"VALUE\"><block type=\"text_prompt_ext\" id=\"(+dkr=/Neg7``0,*2gPN\"><mutation type=\"NUMBER\"></mutation><field name=\"TYPE\">NUMBER</field><value name=\"TEXT\"><shadow type=\"text\" id=\"!@Ea^opL@bU5~D%D%[@H\"><field name=\"TEXT\">ingrese trozozs amigo 02</field></shadow></value></block></value><next><block type=\"variables_set\" id=\"X%A{Gm(^Y=WMl-Ot3c.(\"><field name=\"VAR\">trozo 03</field><value name=\"VALUE\"><block type=\"text_prompt_ext\" id=\"UsU2HVTd1G(JNM6=O;2U\"><mutation type=\"NUMBER\"></mutation><field name=\"TYPE\">NUMBER</field><value name=\"TEXT\"><shadow type=\"text\" id=\"TF[WszS8#:JKG@W:B1/v\"><field name=\"TEXT\">ingrese trozos amigo 03</field></shadow></value></block></value><next><block type=\"variables_set\" id=\"pYnX`F9PK.zU*fLq}}!Q\"><field name=\"VAR\">trozo 04</field><value name=\"VALUE\"><block type=\"text_prompt_ext\" id=\"5hn_3IO%,TRjDKe!4=C3\"><mutation type=\"NUMBER\"></mutation><field name=\"TYPE\">NUMBER</field><value name=\"TEXT\"><shadow type=\"text\" id=\"z{Urj05*Qy]YA6XENKcY\"><field name=\"TEXT\">ingrese trozos dueño de casa</field></shadow></value></block></value><next><block type=\"variables_set\" id=\"]bSEIZ6tBwa3k/BU`(b+\"><field name=\"VAR\">resultado</field><value name=\"VALUE\"><block type=\"math_arithmetic\" id=\"Xf|)R6s8_:ICs[5jY2-h\"><field name=\"OP\">ADD</field><value name=\"A\"><shadow type=\"math_number\" id=\"Ij/P`9wU~%j=bOmQ~b/m\"><field name=\"NUM\">1</field></shadow><block type=\"variables_get\" id=\"NWH?6/-Ua0z=6^Y+y[Hk\"><field name=\"VAR\">trozo 01</field></block></value><value name=\"B\"><shadow type=\"math_number\" id=\"IGnJ_Z;a#6dOK2MRF/w@\"><field name=\"NUM\">1</field></shadow><block type=\"math_arithmetic\" id=\"95{hjs-b@J!?!+L7fRri\"><field name=\"OP\">ADD</field><value name=\"A\"><shadow type=\"math_number\" id=\"/I+{Htx8K8gOlO8N):B[\"><field name=\"NUM\">1</field></shadow><block type=\"variables_get\" id=\"y=PIF231k_GU5)w{!rH;\"><field name=\"VAR\">trozo 02</field></block></value><value name=\"B\"><shadow type=\"math_number\" id=\"L97_^a0lj9]nwEi0PY97\"><field name=\"NUM\">1</field></shadow><block type=\"math_arithmetic\" id=\"t90^ouP4]V1i8m%(_Q=,\"><field name=\"OP\">ADD</field><value name=\"A\"><shadow type=\"math_number\" id=\"]pzI=U8IcRSW;luzY=Lz\"><field name=\"NUM\">1</field></shadow><block type=\"variables_get\" id=\"Z4EL_E+JMSn/so)lY+?t\"><field name=\"VAR\">trozo 03</field></block></value><value name=\"B\"><shadow type=\"math_number\" id=\"zD|6)KDbN7Kij4IWOOu[\"><field name=\"NUM\">1</field></shadow><block type=\"variables_get\" id=\"NF3FJ9.2-jg;i{hd/(x9\"><field name=\"VAR\">trozo 04</field></block></value></block></value></block></value></block></value><next><block type=\"text_console\" id=\"5=`gEZ7pbP8sF3J7baE%\"><value name=\"CONSOLE\"><block type=\"text_join\" id=\"_99@M_w_~2cQH!MIj0Ev\"><mutation items=\"2\"></mutation><value name=\"ADD0\"><block type=\"text\" id=\"4)oVa5PCZMX7btw|jzZ-\"><field name=\"TEXT\">el total de trozos de pastel es</field></block></value><value name=\"ADD1\"><block type=\"variables_get\" id=\"UoWCDs}!J:MMf/d8ooS,\"><field name=\"VAR\">resultado</field></block></value></block></value></block></next></block></next></block></next></block></next></block></next></block></next></block><block type=\"variables_set\" id=\"C@cU}fICU44FUj8sWaad\" x=\"335\" y=\"255\"><field name=\"VAR\">trozo 01</field></block></xml>', '2017-04-27 00:14:23', '2017-04-27 00:14:23'),
(54, 25, 15, '<xml xmlns=\"http://www.w3.org/1999/xhtml\"><block type=\"text_console\" id=\"ECY=Phnllt%|JlO)o=,r\" x=\"9\" y=\"53\"><value name=\"CONSOLE\"><block type=\"text\" id=\"3pOX=/NZ8/)tO0|m(V{w\"><field name=\"TEXT\">calculadora de trozos</field></block></value><next><block type=\"variables_set\" id=\"(6#cZ(,NdT3gZ2K;J0wD\"><field name=\"VAR\">trozo01</field><value name=\"VALUE\"><block type=\"text_prompt_ext\" id=\"I,)P);kZc;MxPh)Op%/v\"><mutation type=\"NUMBER\"></mutation><field name=\"TYPE\">NUMBER</field><value name=\"TEXT\"><shadow type=\"text\" id=\"_j;lq8bf{Hp1Fwq_mpVU\"><field name=\"TEXT\">ingrese trozos amigo 01</field></shadow></value></block></value><next><block type=\"variables_set\" id=\"p{FN2sOmmaPZx[XL+vJK\"><field name=\"VAR\">trozo02</field><value name=\"VALUE\"><block type=\"text_prompt_ext\" id=\"(5dg|YB3PAQmX5V%[wOC\"><mutation type=\"NUMBER\"></mutation><field name=\"TYPE\">NUMBER</field><value name=\"TEXT\"><shadow type=\"text\" id=\"by5nuU|*pp=`#`l18DkQ\"><field name=\"TEXT\">ingrese trozos amigos 02</field></shadow></value></block></value><next><block type=\"variables_set\" id=\"[^l0eVH=4g+lH@HQS:#1\"><field name=\"VAR\">trozo03</field><value name=\"VALUE\"><block type=\"text_prompt_ext\" id=\"nn)m{y|ntp5i*m/ygLlT\"><mutation type=\"NUMBER\"></mutation><field name=\"TYPE\">NUMBER</field><value name=\"TEXT\"><shadow type=\"text\" id=\"ixIGS6D-n.4z5Xr.@+25\"><field name=\"TEXT\">ingrese trozos amigos 03</field></shadow></value></block></value><next><block type=\"variables_set\" id=\":xY(Rh=H0et-)@pYO#Za\"><field name=\"VAR\">trozo04</field><value name=\"VALUE\"><block type=\"text_prompt_ext\" id=\"^fAy^:!6sJH5CwX0?KG0\"><mutation type=\"NUMBER\"></mutation><field name=\"TYPE\">NUMBER</field><value name=\"TEXT\"><shadow type=\"text\" id=\"}b=IF)s#zlA4kzlZ5S+5\"><field name=\"TEXT\">ingrese trozos amigos 04</field></shadow></value></block></value><next><block type=\"variables_set\" id=\"TV;MpU%qjYWe/G{-~zYN\"><field name=\"VAR\">resultados</field><value name=\"VALUE\"><block type=\"math_arithmetic\" id=\"G=2+-;mWx3[@=j{O*brE\"><field name=\"OP\">ADD</field><value name=\"A\"><shadow type=\"math_number\" id=\"^0[0!dK@lDQ57}V^SM3h\"><field name=\"NUM\">1</field></shadow><block type=\"math_arithmetic\" id=\"Z1_kH9D|bDDJ-,gLn|5C\"><field name=\"OP\">ADD</field><value name=\"A\"><shadow type=\"math_number\" id=\"#@?RutZ;/EDys{_^4`I5\"><field name=\"NUM\">1</field></shadow><block type=\"variables_get\" id=\"n%h8!ke@6RfKwYLlj%aX\"><field name=\"VAR\">trozo01</field></block></value><value name=\"B\"><shadow type=\"math_number\" id=\"teG=M55?9GL0Sx]-[O-+\"><field name=\"NUM\">1</field></shadow><block type=\"variables_get\" id=\"YUF5|!`ZR`deYZ]3MOug\"><field name=\"VAR\">trozo02</field></block></value></block></value><value name=\"B\"><shadow type=\"math_number\" id=\"VR|IGR.R1|LzHRscvVj=\"><field name=\"NUM\">1</field></shadow><block type=\"math_arithmetic\" id=\"%|K:tjUmHn8;v_RuQPN_\"><field name=\"OP\">ADD</field><value name=\"A\"><shadow type=\"math_number\" id=\"+.Xh(]~2/h4)U4hIFO4-\"><field name=\"NUM\">1</field></shadow><block type=\"variables_get\" id=\"r!U/_K@oMI/~4{{3ME_j\"><field name=\"VAR\">trozo03</field></block></value><value name=\"B\"><shadow type=\"math_number\" id=\"fKM8);/^c0PnHtH5!8_H\"><field name=\"NUM\">1</field></shadow><block type=\"variables_get\" id=\"E~LYO|P@;~EMEpVhb;^#\"><field name=\"VAR\">trozo04</field></block></value></block></value></block></value></block></next></block></next></block></next></block></next></block></next></block></xml>', '2017-04-27 00:14:41', '2017-04-27 00:14:41'),
(55, 25, 18, '<xml xmlns=\"http://www.w3.org/1999/xhtml\"><block type=\"text_console\" id=\"%IBycNbAL{Ot=Hg[aYiw\" x=\"28\" y=\"71\"><value name=\"CONSOLE\"><block type=\"text\" id=\"t+6(f^`o0cZ97mg2~XFG\"><field name=\"TEXT\">calculadora de trozos</field></block></value><next><block type=\"variables_set\" id=\"vf9:rx#)/oOjL`l#GKiR\"><field name=\"VAR\">trozo01</field><value name=\"VALUE\"><block type=\"text_prompt_ext\" id=\"Yfql1?@F.#Z%+AQR37;D\"><mutation type=\"NUMBER\"></mutation><field name=\"TYPE\">NUMBER</field><value name=\"TEXT\"><shadow type=\"text\" id=\"3nYt]CHB8!Ny=HF1Uq?E\"><field name=\"TEXT\">ingrese trozo amigo 01</field></shadow></value></block></value><next><block type=\"variables_set\" id=\"^|y0RnNj0~#NyV9S2jf]\"><field name=\"VAR\">trozo02</field><value name=\"VALUE\"><block type=\"text_prompt_ext\" id=\"2yRB~;XSn}K1J1l9h,m~\"><mutation type=\"NUMBER\"></mutation><field name=\"TYPE\">NUMBER</field><value name=\"TEXT\"><shadow type=\"text\" id=\"O1{M;9bu_fw5}4Dm1^.Z\"><field name=\"TEXT\">ingrese trozo amigo 02</field></shadow></value></block></value><next><block type=\"variables_set\" id=\"duYXy{74kX!Z)QsH36v7\"><field name=\"VAR\">trozo03</field><value name=\"VALUE\"><block type=\"text_prompt_ext\" id=\"xyZR)2eeHSTCNliKod,?\"><mutation type=\"NUMBER\"></mutation><field name=\"TYPE\">NUMBER</field><value name=\"TEXT\"><shadow type=\"text\" id=\"=ZuK=b@f8V}bjgAfIwhK\"><field name=\"TEXT\">ingrese trozo amigo 03</field></shadow></value></block></value><next><block type=\"variables_set\" id=\"i:VQ/FzK9U!zR)FMwTX^\"><field name=\"VAR\">trozo 04</field><value name=\"VALUE\"><block type=\"text_prompt_ext\" id=\"OBgQ}oCASbLvqfB|/tuH\"><mutation type=\"NUMBER\"></mutation><field name=\"TYPE\">NUMBER</field><value name=\"TEXT\"><shadow type=\"text\" id=\"VA}3wKHozZNw{9/@xHRL\"><field name=\"TEXT\">ingrese trozo dueño de casa</field></shadow></value></block></value><next><block type=\"variables_set\" id=\"wcGhDty%;qd?!~Ph?Rd)\"><field name=\"VAR\">resultado</field><value name=\"VALUE\"><block type=\"math_arithmetic\" id=\"N7c*-OxT|;KgfEMo9^9;\"><field name=\"OP\">ADD</field><value name=\"A\"><shadow type=\"math_number\" id=\"J#BgTif#fBb;#_SQ{Zo7\"><field name=\"NUM\">1</field></shadow><block type=\"math_arithmetic\" id=\"7YUCWO-]#w:K4N23!_4B\"><field name=\"OP\">ADD</field><value name=\"A\"><shadow type=\"math_number\" id=\".V!#v~*fMYu/=mg3,[^W\"><field name=\"NUM\">1</field></shadow><block type=\"variables_get\" id=\"Dw=09zjDW2r_:yMhWFpH\"><field name=\"VAR\">trozo01</field></block></value><value name=\"B\"><shadow type=\"math_number\" id=\"@3`Y.O_U*^ikYRcHuGb*\"><field name=\"NUM\">1</field></shadow><block type=\"variables_get\" id=\",v8Ad{/CaJO3?=(s!{02\"><field name=\"VAR\">trozo02</field></block></value></block></value><value name=\"B\"><shadow type=\"math_number\" id=\"!kvh!jh/{DvBZ;yC]Upc\"><field name=\"NUM\">1</field></shadow><block type=\"math_arithmetic\" id=\"?Flq^{s#N2O+NhX%nS,9\"><field name=\"OP\">ADD</field><value name=\"A\"><shadow type=\"math_number\" id=\"A-~V4*RXJdVG@Uc@R[iF\"><field name=\"NUM\">1</field></shadow><block type=\"variables_get\" id=\"cUW`_6yBP](Tg:zQAejL\"><field name=\"VAR\">trozo03</field></block></value><value name=\"B\"><shadow type=\"math_number\" id=\"(}@i4^sa%Jxns=`p_2rX\"><field name=\"NUM\">1</field></shadow><block type=\"variables_get\" id=\"q}n/nizQT5=8_W4+[*CB\"><field name=\"VAR\">trozo 04</field></block></value></block></value></block></value><next><block type=\"text_console\" id=\",53#0J3?;6(oz9NV7dYj\"><value name=\"CONSOLE\"><block type=\"text_join\" id=\"TL%}_2]7CDjv5l.CymMr\"><mutation items=\"2\"></mutation><value name=\"ADD0\"><block type=\"text\" id=\"iQj-B7+Ma!*xMtSBE?hn\"><field name=\"TEXT\">El total de trozos de pastel es:</field></block></value><value name=\"ADD1\"><block type=\"variables_get\" id=\"|Mj!^=drQ4ZSCPK^O@cd\"><field name=\"VAR\">resultado</field></block></value></block></value></block></next></block></next></block></next></block></next></block></next></block></next></block></xml>', '2017-04-27 00:15:10', '2017-04-27 00:15:10');
INSERT INTO `blockly_activity_answers` (`id`, `activity_id`, `student_id`, `value`, `created_at`, `updated_at`) VALUES
(56, 25, 21, '<xml xmlns=\"http://www.w3.org/1999/xhtml\"><block type=\"text_console\" id=\"Oq{*7C%iPrxw=VVO{TIO\" x=\"9\" y=\"53\"><value name=\"CONSOLE\"><block type=\"text\" id=\"(,LJ0?h;tejEsh#w@G6F\"><field name=\"TEXT\">calculadora de trozos</field></block></value><next><block type=\"variables_set\" id=\"gPlS5H=mX9wW`Zq^*/Nb\"><field name=\"VAR\">trozo01</field><value name=\"VALUE\"><block type=\"text_prompt_ext\" id=\"9gzPe^h,5QZ2XP%dpiYj\"><mutation type=\"NUMBER\"></mutation><field name=\"TYPE\">NUMBER</field><value name=\"TEXT\"><shadow type=\"text\" id=\"8Grzs,{40HQ^U}NZE#oe\"><field name=\"TEXT\">ingrese trozos amigo 01</field></shadow></value></block></value><next><block type=\"variables_set\" id=\"de*9z*Z_yPEL0n_(!*q2\"><field name=\"VAR\">trozo02</field><value name=\"VALUE\"><block type=\"text_prompt_ext\" id=\"x7P?2(xZuLiw]FF5m!*w\"><mutation type=\"NUMBER\"></mutation><field name=\"TYPE\">NUMBER</field><value name=\"TEXT\"><shadow type=\"text\" id=\"jP,PN@}k^T;1#;PWorJ9\"><field name=\"TEXT\">ingrese trozos amigo 02</field></shadow></value></block></value><next><block type=\"variables_set\" id=\"VNRw7;@.@^B}amyDSYj|\"><field name=\"VAR\">trozo03</field><value name=\"VALUE\"><block type=\"text_prompt_ext\" id=\"u9UEKDDptR,_s|nf*eY*\"><mutation type=\"NUMBER\"></mutation><field name=\"TYPE\">NUMBER</field><value name=\"TEXT\"><shadow type=\"text\" id=\"en[ebVz2;wKF6Y||!C4Q\"><field name=\"TEXT\">ingrese trozos amigo 03</field></shadow></value></block></value><next><block type=\"variables_set\" id=\"##-!WhAu3?5*WK;xb%ov\"><field name=\"VAR\">trozo04</field><value name=\"VALUE\"><block type=\"text_prompt_ext\" id=\"H/.99dN7;UwyGxmOukf|\"><mutation type=\"NUMBER\"></mutation><field name=\"TYPE\">NUMBER</field><value name=\"TEXT\"><shadow type=\"text\" id=\"I3RaCDJ;.Uy[usTdlH(6\"><field name=\"TEXT\">ingrese trozos amigo dueño de casa</field></shadow></value></block></value><next><block type=\"variables_set\" id=\"m}~Mr)e2^HNm}{LiS|J.\"><field name=\"VAR\">resultado</field><value name=\"VALUE\"><block type=\"math_arithmetic\" id=\"I~qnr%HZ(2WhLwjj8lFc\"><field name=\"OP\">ADD</field><value name=\"A\"><shadow type=\"math_number\" id=\"k`_GM3Do`rFt:z7y|!Q?\"><field name=\"NUM\">1</field></shadow><block type=\"math_arithmetic\" id=\"p0g,Trw%dcb`uiiQ#op3\"><field name=\"OP\">ADD</field><value name=\"A\"><shadow type=\"math_number\" id=\"mjGWhC^H4XFqrk`Fh*A4\"><field name=\"NUM\">1</field></shadow><block type=\"variables_get\" id=\"/`(.6cSAy8:+F5Dk#2!;\"><field name=\"VAR\">trozo01</field></block></value><value name=\"B\"><shadow type=\"math_number\" id=\"4A_,gf_|P`qWx-IAzpfb\"><field name=\"NUM\">1</field></shadow><block type=\"variables_get\" id=\"y0[Y0:Q*5Zd]+@7okMDC\"><field name=\"VAR\">trozo02</field></block></value></block></value><value name=\"B\"><shadow type=\"math_number\" id=\".*my|o+EG8+5;WIq`%s[\"><field name=\"NUM\">1</field></shadow><block type=\"math_arithmetic\" id=\"t`@q7`I6)c0?C2_kX^9;\"><field name=\"OP\">ADD</field><value name=\"A\"><shadow type=\"math_number\" id=\"]n=L,,)-N56hXVAn/WEP\"><field name=\"NUM\">1</field></shadow><block type=\"variables_get\" id=\"aW0!w.A)0T#!#R,vUH|.\"><field name=\"VAR\">trozo03</field></block></value><value name=\"B\"><shadow type=\"math_number\" id=\"U5Cv|B~`qwoM,bH0ffKo\"><field name=\"NUM\">1</field></shadow><block type=\"variables_get\" id=\"~R?1I3DN^X?]Fl*b;8K9\"><field name=\"VAR\">trozo04</field></block></value></block></value></block></value><next><block type=\"text_console\" id=\"?P6g!;sbmPGdYFLuX4hn\"><value name=\"CONSOLE\"><block type=\"text_join\" id=\"Ef[{Q!PN5i8FMUv1g{b4\"><mutation items=\"2\"></mutation><value name=\"ADD0\"><block type=\"text\" id=\".G1Tb!@TnVnFD1AnpIMl\"><field name=\"TEXT\">el total de trozos de pastel es</field></block></value><value name=\"ADD1\"><block type=\"variables_get\" id=\"_ve!@#hDN+qi,kM05L`R\"><field name=\"VAR\">resultado</field></block></value></block></value></block></next></block></next></block></next></block></next></block></next></block></next></block></xml>', '2017-04-27 00:16:32', '2017-04-27 00:16:32'),
(57, 22, 33, '<xml xmlns=\"http://www.w3.org/1999/xhtml\"><block type=\"variables_set\" id=\"C##gU=ja.(.y/O5@-nUf\" x=\"-10\" y=\"132\"><field name=\"VAR\">nombre_invitado</field><value name=\"VALUE\"><block type=\"text_prompt_ext\" id=\"H)mJ{0Z2[peY@V0z%CUQ\"><mutation type=\"TEXT\"></mutation><field name=\"TYPE\">TEXT</field><value name=\"TEXT\"><shadow type=\"text\" id=\"7UuwMNY@.3zwxf}~S1x{\"><field name=\"TEXT\">abc</field></shadow><block type=\"text\" id=\"-j,.xd7#xc#2V~tpg=wC\"><field name=\"TEXT\">Hola! dime tu nombre</field></block></value></block></value><next><block type=\"text_console\" id=\"*v8I[Nw4RwF!XE1)sXKb\"><value name=\"CONSOLE\"><block type=\"text_join\" id=\"kde=#iBW{W^tI^J*o6u{\"><mutation items=\"2\"></mutation><value name=\"ADD0\"><block type=\"text\" id=\"L/NMMs!9aME5R4%`GvNb\"><field name=\"TEXT\">Bienvenido  </field></block></value><value name=\"ADD1\"><block type=\"variables_get\" id=\"5*nn#zNhRDc%dYf^G6p!\"><field name=\"VAR\">nombre_invitado</field></block></value></block></value></block></next></block></xml>', '2017-07-06 18:00:31', '2017-07-06 18:00:31'),
(58, 25, 33, '<xml xmlns=\"http://www.w3.org/1999/xhtml\"><block type=\"variables_set\" id=\".C/^J?N;EeUtx#yYOri^\" x=\"-181\" y=\"168\"><field name=\"VAR\">amigo1</field><value name=\"VALUE\"><block type=\"text_prompt_ext\" id=\"Aud9D4+xY7N.5,AwVKIT\"><mutation type=\"NUMBER\"></mutation><field name=\"TYPE\">NUMBER</field><value name=\"TEXT\"><shadow type=\"text\" id=\"Ou%l82433nmgK5{0`a`L\"><field name=\"TEXT\">Amigo 1.¿cuántos trozos te comerás?</field></shadow></value></block></value><next><block type=\"variables_set\" id=\"a92eRai3+]O{sU|,aI+s\"><field name=\"VAR\">amigo 2</field><value name=\"VALUE\"><block type=\"text_prompt_ext\" id=\")i4.TXhK3[rLLMMIKxRK\"><mutation type=\"NUMBER\"></mutation><field name=\"TYPE\">NUMBER</field><value name=\"TEXT\"><shadow type=\"text\" id=\"dsSfd@i2J0yUWqtv23G-\"><field name=\"TEXT\">Amigo 2.¿cuántos trozos te comerás?</field></shadow></value></block></value><next><block type=\"variables_set\" id=\"Pg6}ygTixmRrVCR6P96d\"><field name=\"VAR\">amigo3</field><value name=\"VALUE\"><block type=\"text_prompt_ext\" id=\".Cea#jvK/0!mHbiaQVn6\"><mutation type=\"NUMBER\"></mutation><field name=\"TYPE\">NUMBER</field><value name=\"TEXT\"><shadow type=\"text\" id=\"BhEHY;lP=:K3,0=l.1O?\"><field name=\"TEXT\">Amigo 3.¿cuántos trozos te comerás?</field></shadow></value></block></value><next><block type=\"variables_set\" id=\"yWe!xq,{,L|Z.5F]fVY^\"><field name=\"VAR\">cumpleanera</field><value name=\"VALUE\"><block type=\"text_prompt_ext\" id=\"cR-m;r_d@l~CLAXS?i[M\"><mutation type=\"NUMBER\"></mutation><field name=\"TYPE\">NUMBER</field><value name=\"TEXT\"><shadow type=\"text\" id=\"7`oiH.S5Wtfry7/{/rAS\"><field name=\"TEXT\">Cumpleanera, ¿cuántos trozo me comeré?</field></shadow></value></block></value><next><block type=\"text_console\" id=\"ngmiEzc3p.d:VkK9?%y~\"><value name=\"CONSOLE\"><block type=\"text_join\" id=\"r)!9;Xsg1f2_YL@;i@N:\"><mutation items=\"3\"></mutation><value name=\"ADD0\"><block type=\"text\" id=\"^Ei:ba:{pWPQKvbA,pnU\"><field name=\"TEXT\">se comerán </field></block></value><value name=\"ADD1\"><block type=\"math_arithmetic\" id=\"|X8*J%zZh0.mzT}eqdCB\"><field name=\"OP\">ADD</field><value name=\"A\"><shadow type=\"math_number\" id=\"gi4O],}Q%o[NY)0(`+.@\"><field name=\"NUM\">1</field></shadow><block type=\"math_arithmetic\" id=\"m|{*2|)IMVO6Z=uIGiFW\"><field name=\"OP\">ADD</field><value name=\"A\"><shadow type=\"math_number\" id=\"Y8~tazP{Fk:y7w;`66L8\"><field name=\"NUM\">1</field></shadow><block type=\"variables_get\" id=\"4~0{OOW)Y?eA+fcWnUu=\"><field name=\"VAR\">amigo1</field></block></value><value name=\"B\"><shadow type=\"math_number\" id=\"=j4mtKWS,)!l5Q*=Jf*k\"><field name=\"NUM\">1</field></shadow><block type=\"variables_get\" id=\"@Kj:VF^IpD]z5=~ZwSz;\"><field name=\"VAR\">amigo 2</field></block></value></block></value><value name=\"B\"><shadow type=\"math_number\" id=\"=2yBA`a){YIfwI8C2vl|\"><field name=\"NUM\">1</field></shadow><block type=\"math_arithmetic\" id=\"ZTi*1uLX,%l`wsx`!TZ@\"><field name=\"OP\">ADD</field><value name=\"A\"><shadow type=\"math_number\" id=\"Qa7fsUr*~u]h9#hv-P5`\"><field name=\"NUM\">1</field></shadow><block type=\"variables_get\" id=\"]aT#}(zI.0L}=tE1IItp\"><field name=\"VAR\">amigo3</field></block></value><value name=\"B\"><shadow type=\"math_number\" id=\"0gP8oIMPO9#:SifuL*+[\"><field name=\"NUM\">1</field></shadow><block type=\"variables_get\" id=\"HJT`k,igw4/Z4Z[v15)3\"><field name=\"VAR\">cumpleanera</field></block></value></block></value></block></value><value name=\"ADD2\"><block type=\"text\" id=\"#x(``g.]eT,i]@FtNn8Z\"><field name=\"TEXT\"> trozos de torta</field></block></value></block></value></block></next></block></next></block></next></block></next></block></xml>', '2017-07-06 18:14:25', '2017-07-06 18:14:25'),
(59, 23, 33, '<xml xmlns=\"http://www.w3.org/1999/xhtml\"><block type=\"variables_set\" id=\"ayDv*Y%aa_ULoO!3Y9_0\" x=\"-196\" y=\"30\"><field name=\"VAR\">trozo de torta</field><value name=\"VALUE\"><block type=\"text_prompt_ext\" id=\"Sat@J]pJ(Hsh2.W4dUtH\"><mutation type=\"NUMBER\"></mutation><field name=\"TYPE\">NUMBER</field><value name=\"TEXT\"><shadow type=\"text\" id=\"yXA@|+W^Mh!G?GcNl{T_\"><field name=\"TEXT\"> ¿en cuántros trozos se dividió la torta?</field></shadow></value></block></value><next><block type=\"variables_set\" id=\"-*AoAYbbkSgz*~{v1kVK\"><field name=\"VAR\">amigo1</field><value name=\"VALUE\"><block type=\"text_prompt_ext\" id=\"lu7^@GQ/IbwLiKnj1-aT\"><mutation type=\"NUMBER\"></mutation><field name=\"TYPE\">NUMBER</field><value name=\"TEXT\"><shadow type=\"text\" id=\"T*xiiv#|k4XMI`VukDRS\"><field name=\"TEXT\"> ¿cuántros trozos te comiste amigo 1?</field></shadow></value></block></value><next><block type=\"variables_set\" id=\"gtief7[V3WlGs5ABc9uC\"><field name=\"VAR\">amigo 2</field><value name=\"VALUE\"><block type=\"text_prompt_ext\" id=\"Z6r{NeAt0u1.17QDd/AD\"><mutation type=\"NUMBER\"></mutation><field name=\"TYPE\">NUMBER</field><value name=\"TEXT\"><shadow type=\"text\" id=\"VUb5fpn7Zd1d5!Ln8cJ?\"><field name=\"TEXT\"> ¿cuántros trozos te comiste amigo 2?</field></shadow></value></block></value><next><block type=\"variables_set\" id=\"]W!8Covn!{L,2i0|w01^\"><field name=\"VAR\">amigo 3</field><value name=\"VALUE\"><block type=\"text_prompt_ext\" id=\"-f6Wt,/R8f1uK+F.4B37\"><mutation type=\"NUMBER\"></mutation><field name=\"TYPE\">NUMBER</field><value name=\"TEXT\"><shadow type=\"text\" id=\"@SDnEHc%},!O{,qeIB|Z\"><field name=\"TEXT\"> ¿cuántros trozos te comiste amigo 3?</field></shadow></value></block></value><next><block type=\"variables_set\" id=\"0hGh%e-!Y!YHGHEPP-`M\"><field name=\"VAR\">cumpleañera</field><value name=\"VALUE\"><block type=\"text_prompt_ext\" id=\"m).u-p_}891JmFynQT3M\"><mutation type=\"NUMBER\"></mutation><field name=\"TYPE\">NUMBER</field><value name=\"TEXT\"><shadow type=\"text\" id=\"0*{aY*:ZQwql%T]:8r*x\"><field name=\"TEXT\"> ¿cuántros trozos me comí?</field></shadow></value></block></value><next><block type=\"controls_if\" id=\"@E+X/~N_=kLeFhaiW|~f\"><mutation else=\"1\"></mutation><value name=\"IF0\"><block type=\"logic_compare\" id=\"cT;(2uiz^w]%H;j6nagU\"><field name=\"OP\">LTE</field><value name=\"A\"><block type=\"math_arithmetic\" id=\"t(A7VGp!2:h|{C50DY5.\"><field name=\"OP\">ADD</field><value name=\"A\"><shadow type=\"math_number\" id=\".BiFr[H0e,XBuF4I~au)\"><field name=\"NUM\">1</field></shadow><block type=\"variables_get\" id=\"SXFY:o_2QZ3o#]58O*IU\"><field name=\"VAR\">amigo1</field></block></value><value name=\"B\"><shadow type=\"math_number\" id=\"u9mt[}`MLgJ##gs/T8L,\"><field name=\"NUM\">1</field></shadow><block type=\"math_arithmetic\" id=\"t3c!QtUIbEqK+#j,.~W,\"><field name=\"OP\">ADD</field><value name=\"A\"><shadow type=\"math_number\" id=\"YRgzoYVsx}]nMP;M^^v0\"><field name=\"NUM\">1</field></shadow><block type=\"variables_get\" id=\"W=Fir(65EWD%piUBg0.Z\"><field name=\"VAR\">amigo 2</field></block></value><value name=\"B\"><shadow type=\"math_number\" id=\";9ZFxrKBLEcUd~Hm)+rf\"><field name=\"NUM\">1</field></shadow><block type=\"math_arithmetic\" id=\"#S{_1|BNQnj1eR62|^o1\"><field name=\"OP\">ADD</field><value name=\"A\"><shadow type=\"math_number\" id=\"S{d!}V1i)!?O1@X:3pDG\"><field name=\"NUM\">1</field></shadow><block type=\"variables_get\" id=\"n+hX`Z1XXYRNt1OS!uwK\"><field name=\"VAR\">amigo 3</field></block></value><value name=\"B\"><shadow type=\"math_number\" id=\"^E@Qv)BM[2w?+6|P}PC^\"><field name=\"NUM\">1</field></shadow><block type=\"variables_get\" id=\"+`p]`Sv4lQHZ6Y8P=zW2\"><field name=\"VAR\">cumpleañera</field></block></value></block></value></block></value></block></value><value name=\"B\"><block type=\"variables_get\" id=\"_Q5K[gTeyxu(!dGOci:N\"><field name=\"VAR\">trozo de torta</field></block></value></block></value><statement name=\"DO0\"><block type=\"text_console\" id=\"K*T~!cA%4qen0!#ap;^`\"><value name=\"CONSOLE\"><block type=\"text_join\" id=\"%cV_=C!}5YKwr5)A1*RR\"><mutation items=\"4\"></mutation><value name=\"ADD0\"><block type=\"text\" id=\"}ITCs6v.Nfgkydq~*,e,\"><field name=\"TEXT\"> En total se comieron  </field></block></value><value name=\"ADD1\"><block type=\"math_arithmetic\" id=\"/}1g9X^6i1ix|P;M#Gle\"><field name=\"OP\">ADD</field><value name=\"A\"><shadow type=\"math_number\" id=\".BiFr[H0e,XBuF4I~au)\"><field name=\"NUM\">1</field></shadow><block type=\"variables_get\" id=\"Z#T.,_zQ0Sh,AnlP#@NE\"><field name=\"VAR\">amigo1</field></block></value><value name=\"B\"><shadow type=\"math_number\" id=\"u9mt[}`MLgJ##gs/T8L,\"><field name=\"NUM\">1</field></shadow><block type=\"math_arithmetic\" id=\"11IL+Ef^~U,-hvCl/0Wx\"><field name=\"OP\">ADD</field><value name=\"A\"><shadow type=\"math_number\" id=\"YRgzoYVsx}]nMP;M^^v0\"><field name=\"NUM\">1</field></shadow><block type=\"variables_get\" id=\"EE)=Rb09#LJS0ZP^W^WW\"><field name=\"VAR\">amigo 2</field></block></value><value name=\"B\"><shadow type=\"math_number\" id=\";9ZFxrKBLEcUd~Hm)+rf\"><field name=\"NUM\">1</field></shadow><block type=\"math_arithmetic\" id=\"iq4wM|E0c1taDbJm3xh#\"><field name=\"OP\">ADD</field><value name=\"A\"><shadow type=\"math_number\" id=\"S{d!}V1i)!?O1@X:3pDG\"><field name=\"NUM\">1</field></shadow><block type=\"variables_get\" id=\"oTjqEAz858:U0#:RCr,*\"><field name=\"VAR\">amigo 3</field></block></value><value name=\"B\"><shadow type=\"math_number\" id=\"^E@Qv)BM[2w?+6|P}PC^\"><field name=\"NUM\">1</field></shadow><block type=\"variables_get\" id=\".MSRvsdq@p^85b8fXJd7\"><field name=\"VAR\">cumpleañera</field></block></value></block></value></block></value></block></value><value name=\"ADD2\"><block type=\"text\" id=\";@B,aX%~d;KGmWbfRlh*\"><field name=\"TEXT\"> de un total de </field></block></value><value name=\"ADD3\"><block type=\"variables_get\" id=\"[~Woi-Qq:QJw/0F+emuN\"><field name=\"VAR\">trozo de torta</field></block></value></block></value></block></statement><statement name=\"ELSE\"><block type=\"text_console\" id=\"Wa:(lPH@Z@-zR2j%Z^!q\"><value name=\"CONSOLE\"><block type=\"text\" id=\"#10y}@c8`}Q,F9R`K#!a\"><field name=\"TEXT\">error</field></block></value></block></statement></block></next></block></next></block></next></block></next></block></next></block></xml>', '2017-07-06 18:36:51', '2017-07-06 18:36:51'),
(60, 26, 33, '<xml xmlns=\"http://www.w3.org/1999/xhtml\"><block type=\"math_random_int\" id=\"mD:e|bf}y8rFliro4#=X\" x=\"-267\" y=\"401\"><value name=\"FROM\"><shadow type=\"math_number\" id=\"!_mu/:}ZIzDBvQ}s,,fn\"><field name=\"NUM\">1</field></shadow></value><value name=\"TO\"><shadow type=\"math_number\" id=\"xQ/[?h7Y3em;HI=)~^iM\"><field name=\"NUM\">100</field></shadow></value></block></xml>', '2017-07-06 19:17:36', '2017-07-06 19:17:36'),
(61, 47, 33, '<xml xmlns=\"http://www.w3.org/1999/xhtml\"><block type=\"variables_set\" id=\"k76_bqWdVP,,=wZ[*qVi\" x=\"5\" y=\"5\"><field name=\"VAR\">problema</field><value name=\"VALUE\"><block type=\"text_prompt_ext\" id=\"wCrxzY^VDUohHbOc!`fO\"><mutation type=\"TEXT\"></mutation><field name=\"TYPE\">TEXT</field><value name=\"TEXT\"><shadow type=\"text\" id=\"+hNPb8}*uK%gkJC^({Wm\"><field name=\"TEXT\">escribe el problema</field></shadow></value></block></value><next><block type=\"variables_set\" id=\"aR0/~VE2UrTW9})1)e95\"><field name=\"VAR\">nombre</field><value name=\"VALUE\"><block type=\"text_prompt_ext\" id=\"#aFh3-75Rhh?[*uQW]4_\"><mutation type=\"TEXT\"></mutation><field name=\"TYPE\">TEXT</field><value name=\"TEXT\"><shadow type=\"text\" id=\"V=cneK8CiqgRT1k7hg1W\"><field name=\"TEXT\">escribe el problema</field></shadow></value></block></value><next><block type=\"text_console\" id=\"AS/hs1ZsMKD4oD:%)e`9\"><value name=\"CONSOLE\"><block type=\"text_join\" id=\"UuU=Zo5c`3)V;hBEn3V.\"><mutation items=\"3\"></mutation><value name=\"ADD0\"><block type=\"variables_get\" id=\"~|TTBuy5#TmrQ)^[(FEb\"><field name=\"VAR\">nombre</field></block></value><value name=\"ADD1\"><block type=\"text\" id=\"n,CZEgbQPamh!@!hw4l:\"><field name=\"TEXT\"> propone el problema...</field></block></value><value name=\"ADD2\"><block type=\"variables_get\" id=\"EJ{10I68/50C~=yY3TPK\"><field name=\"VAR\">problema</field></block></value></block></value></block></next></block></next></block></xml>', '2017-07-06 19:22:47', '2017-07-06 19:22:47'),
(62, 22, 35, '<xml xmlns=\"http://www.w3.org/1999/xhtml\"><block type=\"variables_set\" id=\"r{(*pl,^UDK/,pszMMG]\" x=\"110\" y=\"81\"><field name=\"VAR\">Nombre</field><value name=\"VALUE\"><block type=\"text_prompt_ext\" id=\"OS0X-U~iDRQTR67Sgl}N\"><mutation type=\"TEXT\"></mutation><field name=\"TYPE\">TEXT</field><value name=\"TEXT\"><shadow type=\"text\" id=\"[3^?r`6,3z3i,iKk^?fI\"><field name=\"TEXT\">Titulo</field></shadow><block type=\"text\" id=\"/1EYg^b?X11@jUK3n(Pa\"><field name=\"TEXT\">¿Cual es tu nombre?</field></block></value></block></value><next><block type=\"text_console\" id=\"4nFpNK^6(%uf/2E1GVqk\"><value name=\"CONSOLE\"><block type=\"text_join\" id=\"`5s~DbLB73n;ewzLeZAm\"><mutation items=\"2\"></mutation><value name=\"ADD0\"><block type=\"text\" id=\",6g8ZK?=yZgKZ2g?tYVf\"><field name=\"TEXT\">bienvenido</field></block></value><value name=\"ADD1\"><block type=\"variables_get\" id=\"_TOpQ%}41`JqTy_+56ax\"><field name=\"VAR\">Nombre</field></block></value></block></value></block></next></block></xml>', '2018-07-10 19:12:47', '2018-07-10 19:12:47'),
(63, 22, 34, '<xml xmlns=\"http://www.w3.org/1999/xhtml\"><block type=\"variables_set\" id=\"8gH^[Q/o13q]:+ohDQ7;\" x=\"63\" y=\"123\"><field name=\"VAR\">nombre</field><value name=\"VALUE\"><block type=\"text_prompt_ext\" id=\"QE!V/XFUK_-jmB:zHJyn\"><mutation type=\"TEXT\"></mutation><field name=\"TYPE\">TEXT</field><value name=\"TEXT\"><shadow type=\"text\" id=\"XpQR,hu1jOIx.ptg@aK1\"><field name=\"TEXT\">abc</field></shadow><block type=\"text\" id=\"N}xqK!p7Lx36AKDB!ViV\"><field name=\"TEXT\">Cuál es tu nombre?</field></block></value></block></value><next><block type=\"text_console\" id=\"Tjp.LFZisR^eVp~NTTJ2\"><value name=\"CONSOLE\"><block type=\"text_join\" id=\"VoWZ2i@(pfcJmm9M?BBs\"><mutation items=\"3\"></mutation><value name=\"ADD0\"><block type=\"text\" id=\"6:}v#+J`eBz~GTb]v`t.\"><field name=\"TEXT\">Hola </field></block></value><value name=\"ADD1\"><block type=\"variables_get\" id=\"{i@g[1LDXdF{jx]YB*~q\"><field name=\"VAR\">nombre</field></block></value><value name=\"ADD2\"><block type=\"text\" id=\"7Vy.0=],TMhs1E|zfK-X\"><field name=\"TEXT\">, bienvenida!</field></block></value></block></value></block></next></block></xml>', '2018-07-10 19:18:39', '2018-07-10 19:18:39'),
(64, 25, 34, '<xml xmlns=\"http://www.w3.org/1999/xhtml\"><block type=\"variables_set\" id=\"QI_Txyn/4=L82QDf)6gI\" x=\"-98\" y=\"7\"><field name=\"VAR\">trozos1</field><value name=\"VALUE\"><block type=\"text_prompt_ext\" id=\"t,uFzMIqnnnm|@)wuB)e\"><mutation type=\"NUMBER\"></mutation><field name=\"TYPE\">NUMBER</field><value name=\"TEXT\"><shadow type=\"text\" id=\"/s6j~@]JDj[_dGe5=1U=\"><field name=\"TEXT\">Cuántos trozos de pastel planeas comer?</field></shadow></value></block></value><next><block type=\"variables_set\" id=\"|9nmgW=oHC[gtyJB0rM#\"><field name=\"VAR\">trozos2</field><value name=\"VALUE\"><block type=\"text_prompt_ext\" id=\"U-Sn0`iqv*.pA42_jd^E\"><mutation type=\"NUMBER\"></mutation><field name=\"TYPE\">NUMBER</field><value name=\"TEXT\"><shadow type=\"text\" id=\"q[#nG6WAUqIfK(kpwg.@\"><field name=\"TEXT\">Cuántos trozos de pastel planeas comer?</field></shadow></value></block></value><next><block type=\"variables_set\" id=\"|,ss_E;tj?{Cv5|OTd!y\"><field name=\"VAR\">trozos3</field><value name=\"VALUE\"><block type=\"text_prompt_ext\" id=\"l=PMT!njV@9gs+0E/0`.\"><mutation type=\"NUMBER\"></mutation><field name=\"TYPE\">NUMBER</field><value name=\"TEXT\"><shadow type=\"text\" id=\"1CrR^/mo/r{y12iMVa+j\"><field name=\"TEXT\">Cuántos trozos de pastel planeas comer?</field></shadow></value></block></value></block></next></block></next></block><block type=\"text_console\" id=\"Sm6W8c{CXvR6TsMR-_R`\" x=\"-98\" y=\"208\"><value name=\"CONSOLE\"><block type=\"text_join\" id=\"Nf:~sB?1X]ZSN{DqM8bN\"><mutation items=\"2\"></mutation><value name=\"ADD0\"><block type=\"text\" id=\"o~D*[@UV)}F_4V5iv5*m\"><field name=\"TEXT\">Deberás cortar tu pastel en </field></block></value><value name=\"ADD1\"><block type=\"text_join\" id=\"%RXo%evrrP{s76@xX%}%\"><mutation items=\"2\"></mutation><value name=\"ADD0\"><block type=\"math_arithmetic\" id=\"|Bfp+zfXgh;QjIw*a/)J\"><field name=\"OP\">ADD</field><value name=\"A\"><shadow type=\"math_number\" id=\"Ic6s+}#5P!V`~l{AZsG%\"><field name=\"NUM\">1</field></shadow><block type=\"math_arithmetic\" id=\"Ba_.~Mg%BGXikL:.aox}\"><field name=\"OP\">ADD</field><value name=\"A\"><shadow type=\"math_number\" id=\"%fpK09-kR=qgK-DA8#mc\"><field name=\"NUM\">1</field></shadow><block type=\"variables_get\" id=\"HAoEBt%]lmr]C-MxLS7[\"><field name=\"VAR\">trozos1</field></block></value><value name=\"B\"><shadow type=\"math_number\" id=\"[_K,nypS?Q^KxBVgTFf`\"><field name=\"NUM\">1</field></shadow><block type=\"variables_get\" id=\"6rGzL+H0L3pcgvQeZN:z\"><field name=\"VAR\">trozos2</field></block></value></block></value><value name=\"B\"><shadow type=\"math_number\" id=\"ZpcK0SXGcNa@75U+}tc0\"><field name=\"NUM\">2</field></shadow><block type=\"math_arithmetic\" id=\";E_MC.xbJg{G^##uMsiI\"><field name=\"OP\">ADD</field><value name=\"A\"><shadow type=\"math_number\" id=\"~ehoSi5@(X:d{A%g1V)N\"><field name=\"NUM\">2</field></shadow></value><value name=\"B\"><shadow type=\"math_number\" id=\"k2x+`!%amOEcq2)m)@Wi\"><field name=\"NUM\">1</field></shadow><block type=\"variables_get\" id=\"m1`@i+|``_(/J:jIm94G\"><field name=\"VAR\">trozos3</field></block></value></block></value></block></value><value name=\"ADD1\"><block type=\"text\" id=\"u`_~c4be2G6G7W`7fhH5\"><field name=\"TEXT\"> trozos</field></block></value></block></value></block></value></block></xml>', '2018-07-10 19:37:24', '2018-07-10 19:37:24'),
(65, 25, 35, '<xml xmlns=\"http://www.w3.org/1999/xhtml\"><block type=\"variables_set\" id=\"0@f_h7JdcgB_83o#LBT_\" x=\"85\" y=\"36\"><field name=\"VAR\">TrozosPrimerInvitado</field><value name=\"VALUE\"><block type=\"text_prompt_ext\" id=\"naQl[@sb6E,w|^b6LjP0\"><mutation type=\"NUMBER\"></mutation><field name=\"TYPE\">NUMBER</field><value name=\"TEXT\"><shadow type=\"text\" id=\"Fs9N[%nw^9KN;Cor5zDO\"><field name=\"TEXT\">¿Cuantos trozos comera el 1er invitado</field></shadow></value></block></value><next><block type=\"variables_set\" id=\"nxZ?yXW=]jlj}[K7Q/dA\"><field name=\"VAR\">TrozosSegundoInvitado</field><value name=\"VALUE\"><block type=\"text_prompt_ext\" id=\"qof9+Prd#U/q|Z=d4~iS\"><mutation type=\"NUMBER\"></mutation><field name=\"TYPE\">NUMBER</field><value name=\"TEXT\"><shadow type=\"text\" id=\"#9yCqnVd=.1pUvko.D[n\"><field name=\"TEXT\">¿Cuantos trozos comera el 2do invitado</field></shadow></value></block></value><next><block type=\"variables_set\" id=\"W7},4tQCznXJk3pJA*z{\"><field name=\"VAR\">TrozosTercerInvitado</field><value name=\"VALUE\"><block type=\"text_prompt_ext\" id=\"YxnfOKE+4VI[PqU8[FfD\"><mutation type=\"NUMBER\"></mutation><field name=\"TYPE\">NUMBER</field><value name=\"TEXT\"><shadow type=\"text\" id=\"pmj`j-My?|JBm,]Oro%*\"><field name=\"TEXT\">¿Cuantos trozos comera el 3er invitado</field></shadow></value></block></value><next><block type=\"variables_set\" id=\"wmzCh[!tNg.u+w,w+Bo.\"><field name=\"VAR\">TotalDeTrozos</field><value name=\"VALUE\"><block type=\"math_arithmetic\" id=\"ZK2F4;Y/[6!lwf1y!bi2\"><field name=\"OP\">ADD</field><value name=\"A\"><shadow type=\"math_number\" id=\"zsdMNel[r}~EA*n{rIo}\"><field name=\"NUM\">1</field></shadow><block type=\"variables_get\" id=\"oEz9q4j5,vVA~L#uYWb7\"><field name=\"VAR\">TrozosPrimerInvitado</field></block></value><value name=\"B\"><shadow type=\"math_number\" id=\"PjhCGA-{j{U,Fq~UW`}U\"><field name=\"NUM\">1</field></shadow><block type=\"math_arithmetic\" id=\"o2v_l+LCh,NUC{3RvPV`\"><field name=\"OP\">ADD</field><value name=\"A\"><shadow type=\"math_number\" id=\"L@Bi8m_9g-`8acVM_?OB\"><field name=\"NUM\">1</field></shadow><block type=\"variables_get\" id=\"gteZvwW_zZ5RHa+bB*=T\"><field name=\"VAR\">TrozosSegundoInvitado</field></block></value><value name=\"B\"><shadow type=\"math_number\" id=\"%lA[7:iIOKCs[axbXP3|\"><field name=\"NUM\">1</field></shadow><block type=\"variables_get\" id=\"d{u!uGNvd^lDr:thBv#p\"><field name=\"VAR\">TrozosTercerInvitado</field></block></value></block></value></block></value><next><block type=\"text_console\" id=\"yQFb.5/yE5M%eZQi]!ck\"><value name=\"CONSOLE\"><block type=\"variables_get\" id=\"-l@n1[0_nW@jB41m}9-r\"><field name=\"VAR\">TotalDeTrozos</field></block></value></block></next></block></next></block></next></block></next></block></xml>', '2018-07-10 19:41:08', '2018-07-10 19:41:08'),
(66, 23, 34, '<xml xmlns=\"http://www.w3.org/1999/xhtml\"><block type=\"variables_set\" id=\"9k.zbX=;LSMv;WVNUOE+\" x=\"-82\" y=\"26\"><field name=\"VAR\">trozos_comidos</field><value name=\"VALUE\"><block type=\"text_prompt_ext\" id=\"z~zdr|1syyNh%UKj:V~k\"><mutation type=\"NUMBER\"></mutation><field name=\"TYPE\">NUMBER</field><value name=\"TEXT\"><shadow type=\"text\" id=\"i}^OW@(c:_Hz]L7?Q^}X\"><field name=\"TEXT\">Cuántas porciones comimos entre todos?</field></shadow></value></block></value><next><block type=\"variables_set\" id=\"~T)#{[0hkok`(Q8`Q|(t\"><field name=\"VAR\">trozos_restantes</field><value name=\"VALUE\"><block type=\"text_prompt_ext\" id=\"j/1^feG7L:j)H]g``MPN\"><mutation type=\"NUMBER\"></mutation><field name=\"TYPE\">NUMBER</field><value name=\"TEXT\"><shadow type=\"text\" id=\"pHVd7h^}-LB[OUT!n1--\"><field name=\"TEXT\">Cuántas porciones quedaron del pastel?</field></shadow></value></block></value><next><block type=\"variables_set\" id=\"WcVURlD[Zg6cguBt?HZA\"><field name=\"VAR\">trozos_totales</field><value name=\"VALUE\"><block type=\"math_arithmetic\" id=\"2Xr:z#:YP8l0UJx(U/xD\"><field name=\"OP\">ADD</field><value name=\"A\"><shadow type=\"math_number\" id=\"L~jP7t3v[S{9AN%hz,[c\"><field name=\"NUM\">1</field></shadow><block type=\"variables_get\" id=\";g=v.iuM%7j?BFw1_Cy7\"><field name=\"VAR\">trozos_comidos</field></block></value><value name=\"B\"><shadow type=\"math_number\" id=\".RJ4Hq=l1I7y{}@/3^uY\"><field name=\"NUM\">1</field></shadow><block type=\"variables_get\" id=\"^I#}YLfwHj%;iSe,Zs)(\"><field name=\"VAR\">trozos_restantes</field></block></value></block></value><next><block type=\"variables_set\" id=\"i%~%TzWaNRVyjT32eKx}\"><field name=\"VAR\">fraccion_comida</field><value name=\"VALUE\"><block type=\"math_arithmetic\" id=\"/i*#dPO(H6BOlwC`b~Ao\"><field name=\"OP\">DIVIDE</field><value name=\"A\"><shadow type=\"math_number\" id=\"jfZudit`Bw}^0|KU(uGR\"><field name=\"NUM\">1</field></shadow><block type=\"variables_get\" id=\"|!sBq`9H}VEyc.uV3?Kn\"><field name=\"VAR\">trozos_comidos</field></block></value><value name=\"B\"><shadow type=\"math_number\" id=\"+x;c|O8fienw6jT6-8.0\"><field name=\"NUM\">1</field></shadow><block type=\"variables_get\" id=\"*RNBYcAj;8%%=|qVK7h^\"><field name=\"VAR\">trozos_totales</field></block></value></block></value><next><block type=\"text_console\" id=\"wGoip.CcD#6!,rb-!QP{\"><value name=\"CONSOLE\"><block type=\"text_join\" id=\"KKz2EfIJO2sQBU~(:U1T\"><mutation items=\"2\"></mutation><value name=\"ADD0\"><block type=\"text\" id=\"^_O:d2@zD_Wfuw!BB)md\"><field name=\"TEXT\">Nos comimos </field></block></value><value name=\"ADD1\"><block type=\"text_join\" id=\"Ls4};4UclLhkGF3Pv,t#\"><mutation items=\"2\"></mutation><value name=\"ADD0\"><block type=\"variables_get\" id=\"|kxTG!*aIVCbvR%DUplx\"><field name=\"VAR\">fraccion_comida</field></block></value><value name=\"ADD1\"><block type=\"text\" id=\"5|tj*KeaT2//v3yHtFN0\"><field name=\"TEXT\"> del pastel</field></block></value></block></value></block></value><next><block type=\"controls_if\" id=\"#Skg#(87zxDZipG5ph54\"><mutation else=\"1\"></mutation><value name=\"IF0\"><block type=\"logic_compare\" id=\"UOnXR1v{jjeWI1.|__0L\"><field name=\"OP\">GTE</field><value name=\"A\"><block type=\"variables_get\" id=\"B?%pk)E]q?ylpdhEPVW)\"><field name=\"VAR\">fraccion_comida</field></block></value><value name=\"B\"><block type=\"math_number\" id=\"^J:%Oln3!y=imm%H92Ua\"><field name=\"NUM\">1</field></block></value></block></value><statement name=\"DO0\"><block type=\"text_console\" id=\"(Y4~uE](N!:*n(jVK+@`\"><value name=\"CONSOLE\"><block type=\"text\" id=\"eL;Mprp[80]30djc9XfE\"><field name=\"TEXT\">No invitemos al vecino!</field></block></value></block></statement><statement name=\"ELSE\"><block type=\"text_console\" id=\"gEnzVU8.(FH!}AJ:(UvG\"><value name=\"CONSOLE\"><block type=\"text\" id=\"*s%)J5M_g!dH3L^`GlUp\"><field name=\"TEXT\">Invitemos al vecino!</field></block></value></block></statement></block></next></block></next></block></next></block></next></block></next></block></xml>', '2018-07-10 20:00:09', '2018-07-10 20:00:09'),
(67, 23, 35, '<xml xmlns=\"http://www.w3.org/1999/xhtml\"><block type=\"controls_whileUntil\" id=\"G3/:1^s{ffBFkuFmFmNs\" x=\"-111\" y=\"-57\"><field name=\"MODE\">WHILE</field><value name=\"BOOL\"><block type=\"logic_compare\" id=\",9Ecx14=Kz.Dz]x!s=Kl\"><field name=\"OP\">GT</field><value name=\"A\"><block type=\"variables_get\" id=\"y!]MEz?Z8X.HB]0f`P_a\"><field name=\"VAR\">TotalComido</field></block></value><value name=\"B\"><block type=\"variables_get\" id=\"T@[}~QDM~U3{*=Wua_.B\"><field name=\"VAR\">TotalTrozos</field></block></value></block></value><statement name=\"DO\"><block type=\"variables_set\" id=\"A!uez(A[ZKZ|8@|DSth%\"><field name=\"VAR\">TotalTrozos</field><value name=\"VALUE\"><block type=\"text_prompt_ext\" id=\"gjK:Z9tyBbL.NK[2Rc~p\"><mutation type=\"NUMBER\"></mutation><field name=\"TYPE\">NUMBER</field><value name=\"TEXT\"><shadow type=\"text\" id=\"rmgtuwwk=_*[]P{VdA(A\"><field name=\"TEXT\">¿Total de trozos de pasteles?</field></shadow></value></block></value><next><block type=\"variables_set\" id=\"HUk?`a)CPj#`!yMmTS~u\"><field name=\"VAR\">TotalComido</field><value name=\"VALUE\"><block type=\"text_prompt_ext\" id=\"375Nm!yA_+@tL+|FmSux\"><mutation type=\"NUMBER\"></mutation><field name=\"TYPE\">NUMBER</field><value name=\"TEXT\"><shadow type=\"text\" id=\"0Mp|~n64.o]2S+AathR;\"><field name=\"TEXT\">¿Trozos de pasteles  comidos?</field></shadow></value></block></value></block></next></block></statement><next><block type=\"variables_set\" id=\"C75Ob2(im8wQlcnwajK8\"><field name=\"VAR\">Quedan</field><value name=\"VALUE\"><block type=\"math_arithmetic\" id=\"%+c8[{0:G[pZAnD`oS2e\"><field name=\"OP\">MINUS</field><value name=\"A\"><shadow type=\"math_number\" id=\"5cDqKV!,Fz0SZ.Utv,pH\"><field name=\"NUM\">1</field></shadow><block type=\"variables_get\" id=\"v*qrjD3S.-^WgD0[|mEv\"><field name=\"VAR\">TotalTrozos</field></block></value><value name=\"B\"><shadow type=\"math_number\" id=\"GL5RBF)rM{HQ,Cp1ML9m\"><field name=\"NUM\">1</field></shadow><block type=\"variables_get\" id=\"k?rx9Us`aSL?3ug0UW63\"><field name=\"VAR\">TotalComido</field></block></value></block></value><next><block type=\"controls_if\" id=\"k]p17WqO2TfYS5h1dLVd\"><value name=\"IF0\"><block type=\"logic_compare\" id=\";GG==Ex!6Y~D{zSO/uF_\"><field name=\"OP\">GT</field><value name=\"A\"><block type=\"variables_get\" id=\"LJ;ASJSoC5FIIM#BS]7`\"><field name=\"VAR\">TotalTrozos</field></block></value><value name=\"B\"><block type=\"variables_get\" id=\"AM6zKJo8/6M-HyGj^we6\"><field name=\"VAR\">TotalComido</field></block></value></block></value><statement name=\"DO0\"><block type=\"text_console\" id=\"TP_@a)wb@U7va~Id4V%*\"><value name=\"CONSOLE\"><block type=\"text\" id=\"j/jQ5*kugYW-VitNY?1W\"><field name=\"TEXT\">Si quedan trozos</field></block></value><next><block type=\"text_console\" id=\"%LL~-]h1y`a,9Zd9?g{a\"><value name=\"CONSOLE\"><block type=\"variables_get\" id=\"ry8gK#U*/g/5=sIkhD9*\"><field name=\"VAR\">Quedan</field></block></value></block></next></block></statement></block></next></block></next></block></xml>', '2018-07-10 20:03:39', '2018-07-10 20:03:39'),
(68, 52, 34, '<xml xmlns=\"http://www.w3.org/1999/xhtml\"></xml>', '2018-07-25 18:56:13', '2018-07-25 18:56:13'),
(69, 22, 50, '<xml xmlns=\"http://www.w3.org/1999/xhtml\"><block type=\"text_console\" id=\";qs^4Mi[WRJ[5D(jhndu\" x=\"-30\" y=\"25\"><value name=\"CONSOLE\"><block type=\"text\" id=\"dihT%Fr_5+h%8tSxAj;^\"><field name=\"TEXT\">Hola bienvenido, dime tu nombre</field></block></value><next><block type=\"variables_set\" id=\"IMDE8NubJb(B:hpg}sTi\"><field name=\"VAR\">nombre</field><value name=\"VALUE\"><block type=\"text_prompt_ext\" id=\"^OO]+5l^k#I?hIG!35qJ\"><mutation type=\"TEXT\"></mutation><field name=\"TYPE\">TEXT</field><value name=\"TEXT\"><shadow type=\"text\" id=\"HH#VHL|?Hj{4]8]SMAuD\"><field name=\"TEXT\">Escribe aquí tu nombre</field></shadow></value></block></value><next><block type=\"text_console\" id=\"aKZEHI|!p#:|s^cvHK*t\"><value name=\"CONSOLE\"><block type=\"text_join\" id=\"|/q+Tv3yM*6D6(wIlZn-\"><mutation items=\"2\"></mutation><value name=\"ADD0\"><block type=\"variables_get\" id=\"ex]K3o%{u=%0@7qKk,|I\"><field name=\"VAR\">nombre</field></block></value><value name=\"ADD1\"><block type=\"text\" id=\"@lps(??U[LM/F]Pkhs9S\"><field name=\"TEXT\"> ven a mi cumpleaños =)</field></block></value></block></value></block></next></block></next></block></xml>', '2018-12-20 18:05:06', '2018-12-20 18:05:06'),
(70, 22, 42, '<xml xmlns=\"http://www.w3.org/1999/xhtml\"><block type=\"text_console\" id=\"13~;7%_KE3]+GZK4,r8@\" x=\"-26\" y=\"-666\"><value name=\"CONSOLE\"><block type=\"text\" id=\".Oo|Qyj]8PQ|^])4OQ:/\"><field name=\"TEXT\">Hola... te invito a comer chunchules, dime tu nombre</field></block></value><next><block type=\"variables_set\" id=\"t%H^IgxxvAjNR?=|=g@f\"><field name=\"VAR\">nombre</field><value name=\"VALUE\"><block type=\"text_prompt_ext\" id=\"4QKDBnI/KXPD,;6u1sc-\"><mutation type=\"TEXT\"></mutation><field name=\"TYPE\">TEXT</field><value name=\"TEXT\"><shadow type=\"text\" id=\"(-4U969@)KybA-{C*;!.\"><field name=\"TEXT\">nombre?</field></shadow></value></block></value><next><block type=\"text_console\" id=\"A^Ga(7yG17w[53|kc=f2\"><value name=\"CONSOLE\"><block type=\"text_join\" id=\"-xa/s0d+DOs0,/5)*~pM\"><mutation items=\"2\"></mutation><value name=\"ADD0\"><block type=\"variables_get\" id=\"b(^R;},,aN*f1A9YgBm}\"><field name=\"VAR\">nombre</field></block></value><value name=\"ADD1\"><block type=\"text\" id=\"u./P-WEl]y/WBJwsnUC.\"><field name=\"TEXT\">Trae las bebidas</field></block></value></block></value></block></next></block></next></block></xml>', '2018-12-20 18:05:08', '2018-12-20 18:05:08'),
(71, 22, 39, '<xml xmlns=\"http://www.w3.org/1999/xhtml\"><block type=\"text_console\" id=\"Q.Oxm.+SXq56nL-e==hu\" x=\"7\" y=\"46\"></block><block type=\"text_console\" id=\"]I]^9Yg^{q6hYM79(sC[\" x=\"38\" y=\"50\"><value name=\"CONSOLE\"><block type=\"text\" id=\"cdjq})iHVwo}+L~1;l/Y\"><field name=\"TEXT\">¡hola bombóm! ¿cómo te llamas?</field></block></value><next><block type=\"variables_set\" id=\"APZ~5^oyiPb{d!`78=C?\"><field name=\"VAR\">nombre</field><value name=\"VALUE\"><block type=\"text_prompt_ext\" id=\"gwCGV!H;02^_|!@|MVS#\"><mutation type=\"TEXT\"></mutation><field name=\"TYPE\">TEXT</field><value name=\"TEXT\"><shadow type=\"text\" id=\"X}mq1qeBRm~(W%yg~66h\"><field name=\"TEXT\">escribe aquí tu nombre</field></shadow></value></block></value><next><block type=\"text_console\" id=\";dIU]H(0G,.k?4Mt5?o}\"><value name=\"CONSOLE\"><block type=\"text_join\" id=\"NW:SUZll_!Y0.5L4qkKG\"><mutation items=\"2\"></mutation><value name=\"ADD0\"><block type=\"variables_get\" id=\"JDbO(l~lAoIgM7dbos~`\"><field name=\"VAR\">nombre</field></block></value><value name=\"ADD1\"><block type=\"text\" id=\"Ze)~]3l@XUtD^b4bopKJ\"><field name=\"TEXT\">¡Mi fiesta no será la misma sin ti, por eso te invité !</field></block></value></block></value></block></next></block></next></block></xml>', '2018-12-20 18:06:22', '2018-12-20 18:06:22'),
(72, 22, 47, '<xml xmlns=\"http://www.w3.org/1999/xhtml\"><block type=\"text_console\" id=\"^g`/5R,~A[k?iKWSEE)#\" x=\"-327\" y=\"-208\"><value name=\"CONSOLE\"><block type=\"text\" id=\"v_1)`~ir.#+1]q~ue+FX\"><field name=\"TEXT\"> Bienvenido, dime tu nombre y recibirás una linda invitación</field></block></value><next><block type=\"variables_set\" id=\"9g=?!#~:*xiqkQ^MJN#f\"><field name=\"VAR\">Fernando</field><value name=\"VALUE\"><block type=\"text_prompt_ext\" id=\"BgRMlEyN!U*)]K*XvdOw\"><mutation type=\"TEXT\"></mutation><field name=\"TYPE\">TEXT</field><value name=\"TEXT\"><shadow type=\"text\" id=\"2r1[y5!2]a6,|Fq#39zH\"><field name=\"TEXT\">el nombre?</field></shadow></value></block></value><next><block type=\"text_console\" id=\",+cnX:Dw%.A:aF]~cifk\"><value name=\"CONSOLE\"><block type=\"text_join\" id=\"`.~8p0x0}o30kq:23qz:\"><mutation items=\"2\"></mutation><value name=\"ADD0\"><block type=\"variables_get\" id=\"7ylQ=b5T;Vl=WAO|f8J-\"><field name=\"VAR\">Fernando</field></block></value><value name=\"ADD1\"><block type=\"text\" id=\"v}/Sc3zn*Qh5)Zk![:{1\"><field name=\"TEXT\">Te espero en mi casa para celebrar mi cumpleaños</field></block></value></block></value></block></next></block></next></block></xml>', '2018-12-20 18:05:09', '2018-12-20 18:05:09'),
(73, 22, 45, '<xml xmlns=\"http://www.w3.org/1999/xhtml\"><block type=\"text_console\" id=\"|Bg]r6usM:vQiTXbU,@5\" x=\"9\" y=\"180\"><value name=\"CONSOLE\"><block type=\"text\" id=\"C%?Np6C3+[|D.jr%Q{Vt\"><field name=\"TEXT\">Te invito cordialmente a celebrar el cumpleaños de Pedrito.</field></block></value><next><block type=\"variables_set\" id=\"DFP.{)^qh_v=lDf=idX0\"><field name=\"VAR\">nombre</field><value name=\"VALUE\"><block type=\"text_prompt_ext\" id=\"g-bkFXd=Y9GToQI|Aq0X\"><mutation type=\"TEXT\"></mutation><field name=\"TYPE\">TEXT</field><value name=\"TEXT\"><shadow type=\"text\" id=\"_.a:uqAEMl({R95:Xnqk\"><field name=\"TEXT\">¿Por favor dinos tu nombre?</field></shadow></value></block></value><next><block type=\"text_console\" id=\"Xn8hu0ERdEPX)(bGTG/(\"><value name=\"CONSOLE\"><block type=\"text_join\" id=\"LEXQ!,u.Q4A;3RKME@FY\"><mutation items=\"2\"></mutation><value name=\"ADD0\"><block type=\"variables_get\" id=\"a/1Pa~#3,BQuw2Wav_k6\"><field name=\"VAR\">nombre</field></block></value><value name=\"ADD1\"><block type=\"text\" id=\"VWve{Xi/:=Z;VeEjCJ-q\"><field name=\"TEXT\">Te esperamos en nuestra casa a las 16: 00 hrs.</field></block></value></block></value></block></next></block></next></block></xml>', '2018-12-20 18:05:13', '2018-12-20 18:05:13'),
(74, 22, 43, '<xml xmlns=\"http://www.w3.org/1999/xhtml\"><block type=\"text_console\" id=\"%usHipoIQMIDpWI!lww-\" x=\"29\" y=\"72\"><value name=\"CONSOLE\"><block type=\"text\" id=\"hoJ{q,:X|ZU4[`dlq1D#\"><field name=\"TEXT\">hola, bienvenido, dime tu nombre</field></block></value><next><block type=\"variables_set\" id=\"!SMf~mgC!fp`Ww,QyR4e\"><field name=\"VAR\">susana</field><value name=\"VALUE\"><block type=\"text_prompt_ext\" id=\"={TuBpB[V%b0@kxmS-^E\"><mutation type=\"TEXT\"></mutation><field name=\"TYPE\">TEXT</field><value name=\"TEXT\"><shadow type=\"text\" id=\"p)4x??jBPIz1e}%/F=wK\"><field name=\"TEXT\">Susana</field></shadow></value></block></value><next><block type=\"text_console\" id=\"odRd#=xOXgMh`z#s_o!y\"><value name=\"CONSOLE\"><block type=\"text_join\" id=\":`KiV,fUSsjZnj06KI0]\"><mutation items=\"2\"></mutation><value name=\"ADD0\"><block type=\"variables_get\" id=\";^Qo{~Zgp?vYIv=@?,K_\"><field name=\"VAR\">susana</field></block></value><value name=\"ADD1\"><block type=\"text\" id=\"4RV5O5gtNS[SCf0zM%E(\"><field name=\"TEXT\">Ven a mi cumplaños</field></block></value></block></value></block></next></block></next></block></xml>', '2018-12-20 18:05:18', '2018-12-20 18:05:18'),
(75, 22, 44, '<xml xmlns=\"http://www.w3.org/1999/xhtml\"><block type=\"text_console\" id=\"tiP?fgoHwFE(UYE{Zd8T\" x=\"40\" y=\"24\"><value name=\"CONSOLE\"><block type=\"text\" id=\"`a.?ZdMa2c[`*W-+2(qy\"><field name=\"TEXT\">Hola, te  invito a comer a mi casa, me dices tu nombre?</field></block></value><next><block type=\"variables_set\" id=\"%_GG;[w=Z3MP6R`h:i2;\"><field name=\"VAR\">nombre</field><value name=\"VALUE\"><block type=\"text_prompt_ext\" id=\",mR1BsC}`;S7fjV`Xef|\"><mutation type=\"TEXT\"></mutation><field name=\"TYPE\">TEXT</field><value name=\"TEXT\"><shadow type=\"text\" id=\"[Gx)iM-DiYJ+sKc.!n.4\"><field name=\"TEXT\">escribe aquí tu nombre</field></shadow></value></block></value><next><block type=\"text_console\" id=\"o?7N0Rcf*{ul!1[[},{C\"><value name=\"CONSOLE\"><block type=\"text_join\" id=\"uDiY~]};=1PB0j*6sLHj\"><mutation items=\"2\"></mutation><value name=\"ADD0\"><block type=\"variables_get\" id=\"0y;P@{.E_hE07gsoGnKk\"><field name=\"VAR\">nombre</field></block></value><value name=\"ADD1\"><block type=\"text\" id=\"d/^S:bn|se8Prg}3E]1D\"><field name=\"TEXT\">Bienvenido a mi casa</field></block></value></block></value></block></next></block></next></block></xml>', '2018-12-20 18:05:23', '2018-12-20 18:05:23'),
(76, 22, 48, '<xml xmlns=\"http://www.w3.org/1999/xhtml\"><block type=\"text_console\" id=\"a:Va{qmG.X[jvk;7PwM#\" x=\"63\" y=\"88\"><value name=\"CONSOLE\"><block type=\"text\" id=\"*EqM,nKEO3HTHi))NOa.\"><field name=\"TEXT\">hola bienvenidos!!! cual es tu nombre?</field></block></value><next><block type=\"variables_set\" id=\"tHaFiA?1u};MPDQfG@VG\"><field name=\"VAR\">nombre</field><value name=\"VALUE\"><block type=\"text_prompt_ext\" id=\")dAz1XRm2:wW4Z]%7T7n\"><mutation type=\"TEXT\"></mutation><field name=\"TYPE\">TEXT</field><value name=\"TEXT\"><shadow type=\"text\" id=\"8VcKNYzcE}iL=^+/h-U{\"><field name=\"TEXT\">nombre?</field></shadow></value></block></value><next><block type=\"text_console\" id=\"W+ym0]uut[m#:T3+})FV\"><value name=\"CONSOLE\"><block type=\"text_join\" id=\"g)6P[8zRYC-~{W#8,.xu\"><mutation items=\"2\"></mutation><value name=\"ADD0\"><block type=\"variables_get\" id=\"Y5Oy^`pjcg?kgbp,-y*S\"><field name=\"VAR\">nombre</field></block></value><value name=\"ADD1\"><block type=\"text\" id=\"KcPsi41NKm(mymU{|S8z\"><field name=\"TEXT\"> te invito a mi cumpleaños</field></block></value></block></value></block></next></block></next></block></xml>', '2018-12-20 18:05:46', '2018-12-20 18:05:46'),
(77, 22, 40, '<xml xmlns=\"http://www.w3.org/1999/xhtml\"><block type=\"text_console\" id=\"pk6sdu51+*Jm,kzxi^:*\" x=\"18\" y=\"52\"><value name=\"CONSOLE\"><block type=\"text\" id=\"Pls+@Wg{T1g]G@x`@*E#\"><field name=\"TEXT\">Hola te invito a un carrete</field></block></value><next><block type=\"variables_set\" id=\"l?OPaR=EIAIx%_wuU_]-\"><field name=\"VAR\">Nombre</field><value name=\"VALUE\"><block type=\"text_prompt_ext\" id=\"fsGRCL/,[E%_DAT-ODw.\"><mutation type=\"TEXT\"></mutation><field name=\"TYPE\">TEXT</field><value name=\"TEXT\"><shadow type=\"text\" id=\"+}pP2sJ-Z_gRT=(]/{+^\"><field name=\"TEXT\">¿Cual es tu nombre?</field></shadow></value></block></value><next><block type=\"text_console\" id=\"tI7gTgjv1)pu*+ns+rJt\"><value name=\"CONSOLE\"><block type=\"text_join\" id=\"%h7m#KDIK^,j625Ug}9*\"><mutation items=\"2\"></mutation><value name=\"ADD0\"><block type=\"text\" id=\":Ey]IR+_I~R71)Chms!o\"><field name=\"TEXT\">Hola</field></block></value><value name=\"ADD1\"><block type=\"variables_get\" id=\"]VvC`~ql@:XgLtLn1f=G\"><field name=\"VAR\">Nombre</field></block></value></block></value></block></next></block></next></block></xml>', '2018-12-20 18:05:51', '2018-12-20 18:05:51'),
(78, 22, 49, '<xml xmlns=\"http://www.w3.org/1999/xhtml\"><block type=\"text_console\" id=\"}jJUNs9!^siK0h6H9tm3\" x=\"9\" y=\"53\"><value name=\"CONSOLE\"><block type=\"text\" id=\"nk0XxJpi^0?PT.0x*B1p\"><field name=\"TEXT\">Holaaa Bienvenido! ¿Cuàl es tu nombre?</field></block></value><next><block type=\"variables_set\" id=\"*rt1:mN;:u_T:4xDi+*,\"><field name=\"VAR\">nombre</field><value name=\"VALUE\"><block type=\"text_prompt_ext\" id=\"%4CXbO/UwPbVPJTwD,98\"><mutation type=\"TEXT\"></mutation><field name=\"TYPE\">TEXT</field><value name=\"TEXT\"><shadow type=\"text\" id=\"_ZX22ItqUhs]A3:0E=a]\"><field name=\"TEXT\">¿Cuàl es tu nombre?</field></shadow></value></block></value><next><block type=\"text_console\" id=\"N.[aQegF@ruiZIBECyBk\"><value name=\"CONSOLE\"><block type=\"text_join\" id=\"t8;4e+UWM-:-ONZVhek#\"><mutation items=\"2\"></mutation><value name=\"ADD0\"><block type=\"variables_get\" id=\"D!@OJq%*EapG6@0,3skB\"><field name=\"VAR\">nombre</field></block></value><value name=\"ADD1\"><block type=\"text\" id=\"_jpxnM?/`p]O!wZg,`)Z\"><field name=\"TEXT\"> te esperamos a la cena de fin de año</field></block></value></block></value></block></next></block></next></block></xml>', '2018-12-20 18:05:59', '2018-12-20 18:05:59'),
(79, 22, 46, '<xml xmlns=\"http://www.w3.org/1999/xhtml\"><block type=\"text_console\" id=\"S:mU?J*pD*:4MsZQ#sj9\" x=\"-387\" y=\"-255\"><value name=\"CONSOLE\"><block type=\"text\" id=\"jk{lbr:p}cBg7S(8Thw,\"><field name=\"TEXT\">HOla te invito a una velada especial!!! :) ¿Cómo te llamas?</field></block></value><next><block type=\"variables_set\" id=\"XD.%FP+@sY3`1_*~7?d_\"><field name=\"VAR\">Carmen Gloria</field><value name=\"VALUE\"><block type=\"text_prompt_ext\" id=\"DAlZhI=S(ap#Lvh{u_{G\"><mutation type=\"TEXT\"></mutation><field name=\"TYPE\">TEXT</field><value name=\"TEXT\"><shadow type=\"text\" id=\"0Tuc)`vk3s7WOhUAbTKs\"><field name=\"TEXT\">Escribe aquí tu nombre </field></shadow></value></block></value><next><block type=\"text_console\" id=\"2!PER-gG_ng|-DVC0BpL\"><value name=\"CONSOLE\"><block type=\"text_join\" id=\"xjr4ZF~r0/x.?8GYdq}#\"><mutation items=\"2\"></mutation><value name=\"ADD0\"><block type=\"variables_get\" id=\"V]m0BGx]1CEk;QPneNOv\"><field name=\"VAR\">Carmen Gloria</field></block></value><value name=\"ADD1\"><block type=\"text\" id=\"tiH.9l]8HwpCbJL;0G|Q\"><field name=\"TEXT\">Bienvenida un agrado tenerte aquí!!!</field></block></value></block></value></block></next></block></next></block></xml>', '2018-12-20 18:06:03', '2018-12-20 18:06:03');
INSERT INTO `blockly_activity_answers` (`id`, `activity_id`, `student_id`, `value`, `created_at`, `updated_at`) VALUES
(80, 25, 48, '<xml xmlns=\"http://www.w3.org/1999/xhtml\"><block type=\"text_console\" id=\"X8_3c5~ap}^)reu8ki8x\" x=\"9\" y=\"53\"><value name=\"CONSOLE\"><block type=\"text\" id=\"72|[[ML6R(J|7R[ar3)I\"><field name=\"TEXT\">¿cuanto pastel comeran?</field></block></value><next><block type=\"variables_set\" id=\"tXP{Q3GQ5b-|Vo(Fx48,\"><field name=\"VAR\">amigo 1</field><value name=\"VALUE\"><block type=\"text_prompt_ext\" id=\"A3EXv2a+Q%gEPMJM42pb\"><mutation type=\"NUMBER\"></mutation><field name=\"TYPE\">NUMBER</field><value name=\"TEXT\"><shadow type=\"text\" id=\"sx1h-]N.g-?YOgzVk:?r\"><field name=\"TEXT\">amigo 1 ¿cuanto comeras?</field></shadow></value></block></value><next><block type=\"variables_set\" id=\"WBwH3no8di{LjLXVsJ2x\"><field name=\"VAR\">amigo 2</field><value name=\"VALUE\"><block type=\"text_prompt_ext\" id=\"B?sf-_ReuF.=XPQcfWG,\"><mutation type=\"NUMBER\"></mutation><field name=\"TYPE\">NUMBER</field><value name=\"TEXT\"><shadow type=\"text\" id=\"1AvXr8OtSKLkCx,xk5C~\"><field name=\"TEXT\">amigo 2 ¿cuanto comeras?</field></shadow></value></block></value><next><block type=\"variables_set\" id=\"dgp=N+%GDPVT/RuJ%CJr\"><field name=\"VAR\">amigo 3</field><value name=\"VALUE\"><block type=\"text_prompt_ext\" id=\"tE%D?b1zlp-;kw`)6-?W\"><mutation type=\"NUMBER\"></mutation><field name=\"TYPE\">NUMBER</field><value name=\"TEXT\"><shadow type=\"text\" id=\")Em0Psx5Uvxx4aCwGKPR\"><field name=\"TEXT\">amigo 3 ¿cuanto comeras?</field></shadow></value></block></value><next><block type=\"variables_set\" id=\"rtvHyL_?C5t~sQNJ/0Sb\"><field name=\"VAR\">trozos</field><value name=\"VALUE\"><block type=\"math_arithmetic\" id=\"]Dz.*|BDBiHwOH=gctUy\"><field name=\"OP\">ADD</field><value name=\"A\"><shadow type=\"math_number\" id=\"kU.Ol-.TO{HJI=vWB(_=\"><field name=\"NUM\">1</field></shadow><block type=\"math_arithmetic\" id=\"V98gjRGwUvQ)Z^xn]p^p\"><field name=\"OP\">ADD</field><value name=\"A\"><shadow type=\"math_number\" id=\"r+kWfX?WQ!3A?1+^7hVx\"><field name=\"NUM\">1</field></shadow><block type=\"math_arithmetic\" id=\"!10|VJ71(2S^L1/qup?9\"><field name=\"OP\">ADD</field><value name=\"A\"><shadow type=\"math_number\" id=\"Ah)bjPPAphZ{lIC:Itc(\"><field name=\"NUM\">2</field></shadow></value><value name=\"B\"><shadow type=\"math_number\" id=\"b|#=;9XLT;(tb*fZAH/E\"><field name=\"NUM\">1</field></shadow><block type=\"variables_get\" id=\"lMs6Xkl|.z1(X0V`fM_w\"><field name=\"VAR\">amigo 3</field></block></value></block></value><value name=\"B\"><shadow type=\"math_number\" id=\"Ne1M?xMWzGc_*V8#vU0y\"><field name=\"NUM\">1</field></shadow><block type=\"variables_get\" id=\"Uge75Nif^JJ?)x/d?!YD\"><field name=\"VAR\">amigo 2</field></block></value></block></value><value name=\"B\"><shadow type=\"math_number\" id=\"GGI{PK#}S?`wq^;sH7Z2\"><field name=\"NUM\">2</field></shadow><block type=\"variables_get\" id=\"o9C)8/-mk%WKrQCt7rZ4\"><field name=\"VAR\">amigo 1</field></block></value></block></value><next><block type=\"text_console\" id=\"o7V)JO:04+_Y|W?fN4hJ\"><value name=\"CONSOLE\"><block type=\"text_join\" id=\"d;:oqdk?d:%G`~~X=.r8\"><mutation items=\"2\"></mutation><value name=\"ADD0\"><block type=\"text\" id=\"{dPfB[HQC99u*j!c]6*A\"><field name=\"TEXT\">el total de trozos es:</field></block></value><value name=\"ADD1\"><block type=\"variables_get\" id=\"k59MZsnPBrV,a6ay}hWF\"><field name=\"VAR\">trozos</field></block></value></block></value></block></next></block></next></block></next></block></next></block></next></block></xml>', '2018-12-20 18:43:01', '2018-12-20 18:43:01'),
(81, 25, 50, '<xml xmlns=\"http://www.w3.org/1999/xhtml\"><block type=\"text_console\" id=\"R}30OQiEX5AVkc9s1vTV\" x=\"-20\" y=\"21\"><value name=\"CONSOLE\"><block type=\"text\" id=\"RwRMMAOQ*uwII`ofa[Gx\"><field name=\"TEXT\">¿Cuántos trozos van a comer?</field></block></value><next><block type=\"variables_set\" id=\"(`{~:7RI[SfAo,f!!t}6\"><field name=\"VAR\">amigo01</field><value name=\"VALUE\"><block type=\"text_prompt_ext\" id=\"Ib=Ys;Pzh4ybslrhRxeI\"><mutation type=\"NUMBER\"></mutation><field name=\"TYPE\">NUMBER</field><value name=\"TEXT\"><shadow type=\"text\" id=\"*MIXVVCKb-z-l%[W*u`o\"><field name=\"TEXT\">Amigo 1, cuanto comerás?</field></shadow></value></block></value><next><block type=\"variables_set\" id=\"Xu36*RV/r(bxmA;(_+B)\"><field name=\"VAR\">amigo02</field><value name=\"VALUE\"><block type=\"text_prompt_ext\" id=\"?SQC4`?`Kd)5*sc5JYM2\"><mutation type=\"NUMBER\"></mutation><field name=\"TYPE\">NUMBER</field><value name=\"TEXT\"><shadow type=\"text\" id=\"^Nt`m11-]}!%A0+/{2:U\"><field name=\"TEXT\">Amigo 2, cuanto comerás?</field></shadow></value></block></value><next><block type=\"variables_set\" id=\"jmF%4/^2qd5BQu%sO-|d\"><field name=\"VAR\">amigo03</field><value name=\"VALUE\"><block type=\"text_prompt_ext\" id=\";;Esyx2sZ?2CH2N8W_a:\"><mutation type=\"NUMBER\"></mutation><field name=\"TYPE\">NUMBER</field><value name=\"TEXT\"><shadow type=\"text\" id=\"EatN:Z)XnAh{MJS%taYy\"><field name=\"TEXT\">Amigo 3, cuanto comerás?</field></shadow></value></block></value><next><block type=\"variables_set\" id=\"xvX18dIw+qmKI32F?fMv\"><field name=\"VAR\">trozos</field><value name=\"VALUE\"><block type=\"math_arithmetic\" id=\"#uHoK#py]Zn7_+Z#^IwA\"><field name=\"OP\">ADD</field><value name=\"A\"><shadow type=\"math_number\" id=\"+]M?qtGnUmw^,]9MB8s8\"><field name=\"NUM\">1</field></shadow><block type=\"math_arithmetic\" id=\".8D:fP;-/UODDo3}ucE.\"><field name=\"OP\">ADD</field><value name=\"A\"><shadow type=\"math_number\" id=\"p6kM/OsqRoeueyy3wz?6\"><field name=\"NUM\">1</field></shadow><block type=\"variables_get\" id=\"szhSUR{DqrSaFBrGw|1:\"><field name=\"VAR\">amigo01</field></block></value><value name=\"B\"><shadow type=\"math_number\" id=\"-?K~O=;dX(VLL_C5ZE,)\"><field name=\"NUM\">1</field></shadow><block type=\"variables_get\" id=\".8bw/`fz%~tfIaZM_eqe\"><field name=\"VAR\">amigo02</field></block></value></block></value><value name=\"B\"><shadow type=\"math_number\" id=\"dg/]R%ALZR*b1]+v]0#}\"><field name=\"NUM\">1</field></shadow><block type=\"math_arithmetic\" id=\"Lqw+AaE4HatA-nH`c_.P\"><field name=\"OP\">ADD</field><value name=\"A\"><shadow type=\"math_number\" id=\"(gU0ZAhowB2PRW71Iyq8\"><field name=\"NUM\">1</field></shadow><block type=\"variables_get\" id=\"6LpB=Ybps[rcTjecs(;,\"><field name=\"VAR\">amigo03</field></block></value><value name=\"B\"><shadow type=\"math_number\" id=\"Xc`Rchn~9Y%%~W!N|D{q\"><field name=\"NUM\">7</field></shadow></value></block></value></block></value><next><block type=\"text_console\" id=\"d2!JEv)nyAI+iAh:sdmO\"><value name=\"CONSOLE\"><block type=\"text_join\" id=\"lv!_Xr{;,x*IU3a6=)cn\"><mutation items=\"2\"></mutation><value name=\"ADD0\"><block type=\"text\" id=\"reB5NK^@rC)aFatyF+^(\"><field name=\"TEXT\">El total de trozos es:</field></block></value><value name=\"ADD1\"><block type=\"variables_get\" id=\"m=g.~tYZ`Wp@KWH%Vl]7\"><field name=\"VAR\">trozos</field></block></value></block></value></block></next></block></next></block></next></block></next></block></next></block></xml>', '2018-12-20 18:45:42', '2018-12-20 18:45:42'),
(82, 25, 39, '<xml xmlns=\"http://www.w3.org/1999/xhtml\"><block type=\"text_console\" id=\"a83)N~KyW^~Z|d?McpkC\" x=\"120\" y=\"-58\"><value name=\"CONSOLE\"><block type=\"text\" id=\"8S5Oqnw^8alJsxuEZavb\"><field name=\"TEXT\">Necesito que respondas cuántos trozos de  pastel comeras</field></block></value><next><block type=\"variables_set\" id=\"M?KMKwjVD?~{)htRnOoZ\"><field name=\"VAR\">amigo 1</field><value name=\"VALUE\"><block type=\"text_prompt_ext\" id=\"V%H-DR~K=e;:4tZRro2*\"><mutation type=\"NUMBER\"></mutation><field name=\"TYPE\">NUMBER</field><value name=\"TEXT\"><shadow type=\"text\" id=\"{]m;%`S_),29Q|(Z|=T2\"><field name=\"TEXT\">señala el número de trozos que eres capaz de comerte</field></shadow></value></block></value><next><block type=\"variables_set\" id=\"=;m//yE`AVX;g-OlM?o8\"><field name=\"VAR\">amigo 2</field><value name=\"VALUE\"><block type=\"text_prompt_ext\" id=\"`prDNZ}IjgsdVjsA},a1\"><mutation type=\"NUMBER\"></mutation><field name=\"TYPE\">NUMBER</field><value name=\"TEXT\"><shadow type=\"text\" id=\"IUx-V^^eF]u+ii_X4nAk\"><field name=\"TEXT\">señala el número de trozos que eres capaz de comerte</field></shadow></value></block></value><next><block type=\"variables_set\" id=\"Q/qGbe#hgS8Lj5=~Da6p\"><field name=\"VAR\">amigo 3</field><value name=\"VALUE\"><block type=\"text_prompt_ext\" id=\"nO5FdAo4qe#v{+!(GZyA\"><mutation type=\"NUMBER\"></mutation><field name=\"TYPE\">NUMBER</field><value name=\"TEXT\"><shadow type=\"text\" id=\"f!%a{wASt[o9QX5/}IbN\"><field name=\"TEXT\">señala el número de trozos que eres capaz de comerte</field></shadow></value></block></value><next><block type=\"variables_set\" id=\"sipEW(nWP-:kyu{C^F}(\"><field name=\"VAR\">trozos</field><value name=\"VALUE\"><block type=\"math_arithmetic\" id=\"zf6KWwm-5SC=6cL4hbZr\"><field name=\"OP\">ADD</field><value name=\"A\"><shadow type=\"math_number\" id=\"Gj~I54~gIrFeHqi28+c~\"><field name=\"NUM\">1</field></shadow><block type=\"math_arithmetic\" id=\")!3xH[Xqw]Y2.~K_lhMG\"><field name=\"OP\">ADD</field><value name=\"A\"><shadow type=\"math_number\" id=\"7Amrl[vDYp_OmR9hxqRz\"><field name=\"NUM\">1</field></shadow><block type=\"variables_get\" id=\"MJk3jevbSnB]qfUq2Yrg\"><field name=\"VAR\">amigo 1</field></block></value><value name=\"B\"><shadow type=\"math_number\" id=\"1IF:_^Q3{-./b`]18-c[\"><field name=\"NUM\">1</field></shadow><block type=\"variables_get\" id=\"}^D1E-}]at]qq8[kz*bW\"><field name=\"VAR\">amigo 2</field></block></value></block></value><value name=\"B\"><shadow type=\"math_number\" id=\"MVAxb*R8`7=(HfGY1^gx\"><field name=\"NUM\">1</field></shadow><block type=\"math_arithmetic\" id=\"2.=%vGO#Yj4wIgFH722/\"><field name=\"OP\">ADD</field><value name=\"A\"><shadow type=\"math_number\" id=\"IK:n3Gy3O:GtUU({9c2K\"><field name=\"NUM\">1</field></shadow><block type=\"variables_get\" id=\"5Z)w8ekL5Wk#/(Q*UqTF\"><field name=\"VAR\">amigo 3</field></block></value><value name=\"B\"><shadow type=\"math_number\" id=\"-.H@RcH0;Rg_4X5N-uPf\"><field name=\"NUM\">1</field></shadow></value></block></value></block></value><next><block type=\"text_console\" id=\"*dI^W52XVutXpMj.%}k[\"><value name=\"CONSOLE\"><block type=\"text_join\" id=\"8|79m:#0s8J=L)3DH,d~\"><mutation items=\"2\"></mutation><value name=\"ADD0\"><block type=\"text\" id=\"ZOq,d~eHe|gibHoFXM|D\"><field name=\"TEXT\">El total de trozos es </field></block></value><value name=\"ADD1\"><block type=\"variables_get\" id=\"bx[q/i+yz,.f6-inbF-d\"><field name=\"VAR\">trozos</field></block></value></block></value></block></next></block></next></block></next></block></next></block></next></block></xml>', '2018-12-20 18:45:44', '2018-12-20 18:45:44'),
(83, 25, 47, '<xml xmlns=\"http://www.w3.org/1999/xhtml\"><block type=\"text_console\" id=\"y9g_!`Z5KQCZX`aVC4r{\" x=\"-358\" y=\"-220\"><value name=\"CONSOLE\"><block type=\"text\" id=\"p0|;10V~`p1AabNs0PX9\"><field name=\"TEXT\">Tendré una rica torta ¿Cuantos trozos comerás?</field></block></value><next><block type=\"variables_set\" id=\"F*t{`PLzT|%iTfE%hahX\"><field name=\"VAR\">fernando</field><value name=\"VALUE\"><block type=\"text_prompt_ext\" id=\"I%`TcP*h^SVu%C*HHK@O\"><mutation type=\"NUMBER\"></mutation><field name=\"TYPE\">NUMBER</field><value name=\"TEXT\"><shadow type=\"text\" id=\"?R(ffJcJ:`@OwP8-`pXD\"><field name=\"TEXT\">¿Cuantos comerás?</field></shadow></value></block></value><next><block type=\"variables_set\" id=\"!-}J(y3P{C(8HOMEIunl\"><field name=\"VAR\">Fiorella</field><value name=\"VALUE\"><block type=\"text_prompt_ext\" id=\"=ViD9d)0h4@bDiXhB.i{\"><mutation type=\"NUMBER\"></mutation><field name=\"TYPE\">NUMBER</field><value name=\"TEXT\"><shadow type=\"text\" id=\"/VuE~hu^EqRXlzE3_1^=\"><field name=\"TEXT\">¿Cuanros comerás</field></shadow></value></block></value><next><block type=\"variables_set\" id=\"p62;Tn.@/7-{9I}4uIG)\"><field name=\"VAR\">Carmen</field><value name=\"VALUE\"><block type=\"text_prompt_ext\" id=\"cG{tY*8k?Q.G=;;e5WYZ\"><mutation type=\"NUMBER\"></mutation><field name=\"TYPE\">NUMBER</field><value name=\"TEXT\"><shadow type=\"text\" id=\"-r2Y8,aCrC{#fK3jMt4n\"><field name=\"TEXT\">¿Cuantos comerás?</field></shadow></value></block></value><next><block type=\"variables_set\" id=\"7V3j7V~bs~{YP!~S^~PR\"><field name=\"VAR\">trozos</field><value name=\"VALUE\"><block type=\"math_arithmetic\" id=\"YRNnJ!IZEMl#8-b]V]@6\"><field name=\"OP\">ADD</field><value name=\"A\"><shadow type=\"math_number\" id=\"DUi0Tan=EE]wrVl1H:_y\"><field name=\"NUM\">2</field></shadow><block type=\"variables_get\" id=\"41C^-dq!*Brl{=`Yv3p:\"><field name=\"VAR\">fernando</field></block></value><value name=\"B\"><shadow type=\"math_number\" id=\"QOAVz|^JK)D?)JSExLa6\"><field name=\"NUM\">1</field></shadow><block type=\"math_arithmetic\" id=\"H)W|0i==ouUl-#-qZm]]\"><field name=\"OP\">ADD</field><value name=\"A\"><shadow type=\"math_number\" id=\"Kow7{b3Dn1Faluum:+dp\"><field name=\"NUM\">3</field></shadow><block type=\"variables_get\" id=\"Wc`0d1D~NO~EKv1}PPxh\"><field name=\"VAR\">Fiorella</field></block></value><value name=\"B\"><shadow type=\"math_number\" id=\"iC0;x##Z=%^,z`{nPw[i\"><field name=\"NUM\">1</field></shadow><block type=\"math_arithmetic\" id=\":*Ds0Mkv6|JpBwHH;M|w\"><field name=\"OP\">ADD</field><value name=\"A\"><shadow type=\"math_number\" id=\"2@Vr120F?qt3vB##=%,k\"><field name=\"NUM\">1</field></shadow><block type=\"variables_get\" id=\"/48mB9:2%b]q48lgCJ1[\"><field name=\"VAR\">Carmen</field></block></value><value name=\"B\"><shadow type=\"math_number\" id=\"]o:r~2G=e8%A6KKBm;XO\"><field name=\"NUM\">1</field></shadow></value></block></value></block></value></block></value><next><block type=\"text_console\" id=\",1hpn#r@qOuxDjLIQ7~X\"><value name=\"CONSOLE\"><block type=\"text_join\" id=\"-#LE8/(Pc+rL.E21`+Mx\"><mutation items=\"2\"></mutation><value name=\"ADD0\"><block type=\"text\" id=\".7]rHkl/*qLnUPxM)pL{\"><field name=\"TEXT\">El total de trozos es</field></block></value><value name=\"ADD1\"><block type=\"variables_get\" id=\"65TDmjx`EBj0avm9pafG\"><field name=\"VAR\">trozos</field></block></value></block></value></block></next></block></next></block></next></block></next></block></next></block><block type=\"variables_set\" id=\":JH{eBw6!B!vgB!V1P8S\" x=\"-207\" y=\"-124\"><field name=\"VAR\">fernando</field></block></xml>', '2018-12-20 18:45:45', '2018-12-20 18:45:45'),
(84, 51, 50, '<xml xmlns=\"http://www.w3.org/1999/xhtml\"></xml>', '2018-12-20 18:46:10', '2018-12-20 18:46:10'),
(85, 25, 46, '<xml xmlns=\"http://www.w3.org/1999/xhtml\"><block type=\"text_console\" id=\"68Q:wIa|V{u:@jZ46:~w\" x=\"58\" y=\"29\"><value name=\"CONSOLE\"><block type=\"text\" id=\"A:k8`3f,j^pIm+!fXLk)\"><field name=\"TEXT\">¿Cuántos trozos quieres comer?</field></block></value><next><block type=\"variables_set\" id=\"JWMjh=PeNDi7-*!iGCm/\"><field name=\"VAR\">Amiga 1</field><value name=\"VALUE\"><block type=\"text_prompt_ext\" id=\"Qp}?u/kJcU8D@s++c?2R\"><mutation type=\"NUMBER\"></mutation><field name=\"TYPE\">NUMBER</field><value name=\"TEXT\"><shadow type=\"text\" id=\"5gs~ESdj.Rd/#40Pf[v%\"><field name=\"TEXT\">Carmen Gloria cuanto comerás  3</field></shadow></value></block></value><next><block type=\"variables_set\" id=\",?*zS73]2zJ7U1/5}5xo\"><field name=\"VAR\">Amiga 2</field><value name=\"VALUE\"><block type=\"text_prompt_ext\" id=\":3tf/(/C.iYWShRYf!-9\"><mutation type=\"NUMBER\"></mutation><field name=\"TYPE\">NUMBER</field><value name=\"TEXT\"><shadow type=\"text\" id=\"/+TdjiZQQ~o_-D3AMN,M\"><field name=\"TEXT\">Juanita  cuanto comerás  2</field></shadow></value></block></value><next><block type=\"variables_set\" id=\"Ze!itmAzAF39O4Hog06l\"><field name=\"VAR\">Amiga 3</field><value name=\"VALUE\"><block type=\"text_prompt_ext\" id=\";x}MfoaotPZeM`nvTtKe\"><mutation type=\"NUMBER\"></mutation><field name=\"TYPE\">NUMBER</field><value name=\"TEXT\"><shadow type=\"text\" id=\"iPX~dz)(2j3oOKKx.7?p\"><field name=\"TEXT\">Pedrita cuanto comerás 1</field></shadow></value></block></value><next><block type=\"variables_set\" id=\"NPcSdYfO53CG+Fwv=k}y\"><field name=\"VAR\">Trozos</field><value name=\"VALUE\"><block type=\"math_arithmetic\" id=\"GSY5oYNvtA3DpXSvU[6B\"><field name=\"OP\">ADD</field><value name=\"A\"><shadow type=\"math_number\" id=\"zVWL=E}yMn[r}s5OoAXv\"><field name=\"NUM\">1</field></shadow><block type=\"math_arithmetic\" id=\"Tm3L-aN,t?nT`^.|RY3L\"><field name=\"OP\">ADD</field><value name=\"A\"><shadow type=\"math_number\" id=\"[^NDu^h{ux6{RVrYETzk\"><field name=\"NUM\">1</field></shadow><block type=\"variables_get\" id=\"Gtx]^aQ`bm_z7[!)9H@0\"><field name=\"VAR\">Amiga 1</field></block></value><value name=\"B\"><shadow type=\"math_number\" id=\"z_NiLS6x(6k42n=)}-hf\"><field name=\"NUM\">1</field></shadow><block type=\"variables_get\" id=\"?g,30w,tWSl=U1d%wr{5\"><field name=\"VAR\">Amiga 2</field></block></value></block></value><value name=\"B\"><shadow type=\"math_number\" id=\".NDGVfA_!^L-[=7?Wu|k\"><field name=\"NUM\">1</field></shadow><block type=\"math_arithmetic\" id=\"U{L*z{GTw,t[+l|NN}Lx\"><field name=\"OP\">ADD</field><value name=\"A\"><shadow type=\"math_number\" id=\"Hgh2t}bPNxhYF3)sn)E2\"><field name=\"NUM\">1</field></shadow><block type=\"variables_get\" id=\"i6Qjua|9FfqrL]_0jLVW\"><field name=\"VAR\">Amiga 3</field></block></value><value name=\"B\"><shadow type=\"math_number\" id=\"V2*!26YU}I8BGqhr+Wfx\"><field name=\"NUM\">1</field></shadow></value></block></value></block></value><next><block type=\"text_console\" id=\"y;Z63O),7#48a.jxcX#j\"><value name=\"CONSOLE\"><block type=\"text_join\" id=\"xjf:5B|{b){6)ruCfg^i\"><mutation items=\"2\"></mutation><value name=\"ADD0\"><block type=\"text\" id=\"Z4#w~MBG9}rni}K:xCsB\"><field name=\"TEXT\">El total de trozos es </field></block></value><value name=\"ADD1\"><block type=\"variables_get\" id=\"WVP|!=R9)RBQD20@r.;e\"><field name=\"VAR\">Trozos</field></block></value></block></value></block></next></block></next></block></next></block></next></block></next></block></xml>', '2018-12-20 18:47:32', '2018-12-20 18:47:32'),
(86, 23, 50, '<xml xmlns=\"http://www.w3.org/1999/xhtml\"></xml>', '2018-12-20 18:48:33', '2018-12-20 18:48:33'),
(87, 25, 40, '<xml xmlns=\"http://www.w3.org/1999/xhtml\"><block type=\"text_console\" id=\"9QbKiqXe45!j?*q){fM,\" x=\"88\" y=\"34\"><value name=\"CONSOLE\"><block type=\"text\" id=\"o-wyF-AoSf{dQ)JsuV(9\"><field name=\"TEXT\">¿Cuantos trozos vas a comer?</field></block></value><next><block type=\"variables_set\" id=\"f|=OT%90PKcxH)]NW6!?\"><field name=\"VAR\">Amigo 1</field><value name=\"VALUE\"><block type=\"text_prompt_ext\" id=\"IdgT2I2Aiz(+-=M3y8k^\"><mutation type=\"NUMBER\"></mutation><field name=\"TYPE\">NUMBER</field><value name=\"TEXT\"><shadow type=\"text\" id=\"4]%,-C^@ZSy*|:1l/A(y\"><field name=\"TEXT\">¿Cuanto comeras?</field></shadow></value></block></value><next><block type=\"variables_set\" id=\"Wnu}Bg0r--|W3J}3Rhp{\"><field name=\"VAR\">Amigo 2</field><value name=\"VALUE\"><block type=\"text_prompt_ext\" id=\"Z+NcMF|l}#6:8|4Cn8.U\"><mutation type=\"NUMBER\"></mutation><field name=\"TYPE\">NUMBER</field><value name=\"TEXT\"><shadow type=\"text\" id=\"V@Cx-0/gqa6G-pM!W;yn\"><field name=\"TEXT\">¿Cuanto comeras?</field></shadow></value></block></value><next><block type=\"variables_set\" id=\"2[E),H2qnYR,isY^|m9u\"><field name=\"VAR\">Amigo 3</field><value name=\"VALUE\"><block type=\"text_prompt_ext\" id=\"#`#|NR/2?)d%(`({BVNI\"><mutation type=\"NUMBER\"></mutation><field name=\"TYPE\">NUMBER</field><value name=\"TEXT\"><shadow type=\"text\" id=\"e?.D9/y;JGQzb,v.lyBN\"><field name=\"TEXT\">¿Cuanto comeras?</field></shadow></value></block></value><next><block type=\"variables_set\" id=\"ur_F+x8Xkv28v(pmxi6K\"><field name=\"VAR\">trozos</field><value name=\"VALUE\"><block type=\"math_arithmetic\" id=\"8P.RFxGCkRX{`A*@g0G^\"><field name=\"OP\">ADD</field><value name=\"A\"><shadow type=\"math_number\" id=\"fLsr^rhOw@|wdjlwgaa}\"><field name=\"NUM\">1</field></shadow><block type=\"variables_get\" id=\".IWS+,e=e)cy1Se*[GHe\"><field name=\"VAR\">Amigo 1</field></block></value><value name=\"B\"><shadow type=\"math_number\" id=\"|w.g?28Er%xa|~kbGAB`\"><field name=\"NUM\">1</field></shadow><block type=\"math_arithmetic\" id=\"0}3pkNFo/CUr_Tm4BWia\"><field name=\"OP\">ADD</field><value name=\"A\"><shadow type=\"math_number\" id=\"su9eytKoz*O6oFCMeK.,\"><field name=\"NUM\">1</field></shadow><block type=\"variables_get\" id=\":rq.(=vz}sM!7x`s_A?=\"><field name=\"VAR\">Amigo 2</field></block></value><value name=\"B\"><shadow type=\"math_number\" id=\"!MrlTKV!rI2Oo1~U?PYU\"><field name=\"NUM\">1</field></shadow><block type=\"variables_get\" id=\"p8M}Z}!!ecfhi[[kZ3P/\"><field name=\"VAR\">Amigo 3</field></block></value></block></value></block></value><next><block type=\"text_console\" id=\"r]W_h0h-?fYQB3O#N4~W\"><value name=\"CONSOLE\"><block type=\"text_join\" id=\"h}h@rq6^CEV*~[7Hdr30\"><mutation items=\"2\"></mutation><value name=\"ADD0\"><block type=\"text\" id=\"z7]5z,3U@anEc}F4LFH=\"><field name=\"TEXT\">los trozos son</field></block></value><value name=\"ADD1\"><block type=\"variables_get\" id=\"aCJ(N9SlF^zFcRMzGQs7\"><field name=\"VAR\">trozos</field></block></value></block></value></block></next></block></next></block></next></block></next></block></next></block></xml>', '2018-12-20 18:49:09', '2018-12-20 18:49:09'),
(88, 51, 48, '<xml xmlns=\"http://www.w3.org/1999/xhtml\"></xml>', '2018-12-20 18:50:02', '2018-12-20 18:50:02'),
(89, 25, 43, '<xml xmlns=\"http://www.w3.org/1999/xhtml\"><block type=\"text_console\" id=\"2JGL(DpB%{jwWT?)~N^(\" x=\"57\" y=\"103\"><value name=\"CONSOLE\"><block type=\"text\" id=\"1`73~oQuq|1|CVUQr@/z\"><field name=\"TEXT\">¿cuantos trozos van a comer</field></block></value><next><block type=\"variables_set\" id=\"X0ej*wqIjGkgl*YLHdca\"><field name=\"VAR\">amigo2</field><value name=\"VALUE\"><block type=\"text_prompt_ext\" id=\"H*WA,JoY6eZO@X)}d6+V\"><mutation type=\"NUMBER\"></mutation><field name=\"TYPE\">NUMBER</field><value name=\"TEXT\"><shadow type=\"text\" id=\"P}}Vo[CvRRDj.)f^gF4r\"><field name=\"TEXT\">amigo 1, cuantos  trozos comeras</field></shadow></value></block></value><next><block type=\"variables_set\" id=\"T(O{)?D4oESJJ`Mnm~_N\"><field name=\"VAR\">amigo2</field><value name=\"VALUE\"><block type=\"text_prompt_ext\" id=\"rfn!Ai[1v({T7|xut3=}\"><mutation type=\"NUMBER\"></mutation><field name=\"TYPE\">NUMBER</field><value name=\"TEXT\"><shadow type=\"text\" id=\"k|ij6,_i=Y%avtM{~*#u\"><field name=\"TEXT\">amigo2, cuantos trozos comeras</field></shadow></value></block></value><next><block type=\"variables_set\" id=\"?3Ak{JiR%,#I19b)|I]t\"><field name=\"VAR\">amigo 3</field><value name=\"VALUE\"><block type=\"text_prompt_ext\" id=\"KwRLmrNVXifp*1^w[`AG\"><mutation type=\"NUMBER\"></mutation><field name=\"TYPE\">NUMBER</field><value name=\"TEXT\"><shadow type=\"text\" id=\"I7,v1,FKX[ah8S[uCGE:\"><field name=\"TEXT\">amigo 3, cuantoa trozos comeras</field></shadow></value></block></value><next><block type=\"variables_set\" id=\"CgR}j[BQth2o*^)#BWwM\"><field name=\"VAR\">trozos</field><value name=\"VALUE\"><block type=\"math_arithmetic\" id=\"K[|w#o{jn;Z8+dB,|ngD\"><field name=\"OP\">ADD</field><value name=\"A\"><shadow type=\"math_number\" id=\"2r:LWQ0II3p7GqO9]2gl\"><field name=\"NUM\">3</field></shadow><block type=\"variables_get\" id=\";HzN:MGP:o*wLrtMQb~I\"><field name=\"VAR\">amigo1</field></block></value><value name=\"B\"><shadow type=\"math_number\" id=\"O-l{^7!pJE[0|E5B}`{F\"><field name=\"NUM\">1</field></shadow><block type=\"math_arithmetic\" id=\"8+}?b8SfDQVeK^33KNu#\"><field name=\"OP\">ADD</field><value name=\"A\"><shadow type=\"math_number\" id=\"Yi5;~Dj3Iwy.Q92XiDr2\"><field name=\"NUM\">2</field></shadow><block type=\"variables_get\" id=\"DmS@oY%(3u]kQD*}(qe1\"><field name=\"VAR\">amigo2</field></block></value><value name=\"B\"><shadow type=\"math_number\" id=\"%LT?m9Nngl=@r;aHr`X5\"><field name=\"NUM\">1</field></shadow><block type=\"variables_get\" id=\"f8],`)ymRncvPH%zN(f[\"><field name=\"VAR\">amigo 3</field></block></value></block></value></block></value></block></next></block></next></block></next></block></next></block></xml>', '2018-12-20 18:52:14', '2018-12-20 18:52:14'),
(90, 25, 45, '<xml xmlns=\"http://www.w3.org/1999/xhtml\"><block type=\"text_console\" id=\"bR.X4ZcK/zb|ps18Q{|n\" x=\"-70\" y=\"80\"><value name=\"CONSOLE\"><block type=\"text\" id=\"ya=%g8J@Zs|5qR-)zRPL\"><field name=\"TEXT\">¿Cuántos trozos van a comer?</field></block></value><next><block type=\"variables_set\" id=\"%|SbQ@N7,1b*-@i(/W|.\"><field name=\"VAR\">amigo 1</field><value name=\"VALUE\"><block type=\"text_prompt_ext\" id=\"5!vGmD)bn}ct8+l:vlg1\"><mutation type=\"NUMBER\"></mutation><field name=\"TYPE\">NUMBER</field><value name=\"TEXT\"><shadow type=\"text\" id=\"_)5/8u.(/OoUD@wIi+0N\"><field name=\"TEXT\">amigo 1¿cuántos comerás?</field></shadow></value></block></value><next><block type=\"variables_set\" id=\"-(H*/S(Fz7-cGf5u5Z_b\"><field name=\"VAR\">amigo 2</field><value name=\"VALUE\"><block type=\"text_prompt_ext\" id=\"LP_z:*bgeMN)N5:XC0oU\"><mutation type=\"NUMBER\"></mutation><field name=\"TYPE\">NUMBER</field><value name=\"TEXT\"><shadow type=\"text\" id=\"*QP_U~:E8`tO2SDu:xQq\"><field name=\"TEXT\">amigo 2 ¿cuántos comerás?</field></shadow></value></block></value><next><block type=\"variables_set\" id=\"-9,_GD)]^2=Y#vcZ+PxM\"><field name=\"VAR\">amigo 3</field><value name=\"VALUE\"><block type=\"text_prompt_ext\" id=\"1Obm(Q1T#qYrRr1I8W[Y\"><mutation type=\"NUMBER\"></mutation><field name=\"TYPE\">NUMBER</field><value name=\"TEXT\"><shadow type=\"text\" id=\"`BC%Wt@~*(=T:Hs)n}|d\"><field name=\"TEXT\">amigo 3 ¿cuántos comerás?</field></shadow></value></block></value><next><block type=\"variables_set\" id=\"H0.j]6Nk6c5(K1.d%CuO\"><field name=\"VAR\">trozos</field><value name=\"VALUE\"><block type=\"math_arithmetic\" id=\"6}iqW9a|i:zY#sWe.`^K\"><field name=\"OP\">ADD</field><value name=\"A\"><shadow type=\"math_number\" id=\"*%@A`Q[r`R!C|q+7A)4P\"><field name=\"NUM\">1</field></shadow><block type=\"math_arithmetic\" id=\"feqVuFu9Fdcxv!~xCvRl\"><field name=\"OP\">ADD</field><value name=\"A\"><shadow type=\"math_number\" id=\",lDT_53FVM,a1OXi9V#Q\"><field name=\"NUM\">1</field></shadow><block type=\"math_arithmetic\" id=\"]XX1BFGOa2~?Kh=DJK*3\"><field name=\"OP\">ADD</field><value name=\"A\"><shadow type=\"math_number\" id=\"-S.2f-so/:=EFqofP.nO\"><field name=\"NUM\">1</field></shadow></value><value name=\"B\"><shadow type=\"math_number\" id=\"jmlNu@{=HG5lme.JaNt4\"><field name=\"NUM\">1</field></shadow><block type=\"variables_get\" id=\"dVJ%^rAeLwFznc%SRtoA\"><field name=\"VAR\">amigo 3</field></block></value></block></value><value name=\"B\"><shadow type=\"math_number\" id=\"JR{g8x[S}.A|*rV|X5s2\"><field name=\"NUM\">1</field></shadow><block type=\"math_arithmetic\" id=\"T:6*Mjl1O}8,F~jP#a?S\"><field name=\"OP\">ADD</field><value name=\"A\"><shadow type=\"math_number\" id=\"2p11palAiVVgRF(eisWy\"><field name=\"NUM\">0</field></shadow></value><value name=\"B\"><shadow type=\"math_number\" id=\"l=5NEPm`@z,r}PGK+19t\"><field name=\"NUM\">1</field></shadow><block type=\"variables_get\" id=\"Yb}Q^a3lgj1G!3U[{c+S\"><field name=\"VAR\">amigo 2</field></block></value></block></value></block></value><value name=\"B\"><shadow type=\"math_number\" id=\"TGLA7Kp?{WOuH8zMlahA\"><field name=\"NUM\">1</field></shadow><block type=\"variables_get\" id=\"gaF0mB0x-UaUPeP.](b8\"><field name=\"VAR\">amigo 1</field></block></value></block></value><next><block type=\"text_console\" id=\"=wib^[u*.VE:K:jMsDYh\"><value name=\"CONSOLE\"><block type=\"text_join\" id=\"J78d?QgN}+yaVSG^pDUu\"><mutation items=\"2\"></mutation><value name=\"ADD0\"><block type=\"text\" id=\"-voHYJ|7wTQMLCiH5BES\"><field name=\"TEXT\"></field></block></value><value name=\"ADD1\"><block type=\"variables_get\" id=\"-}D+?(D3qD/LFR)+ulGm\"><field name=\"VAR\">trozos</field></block></value></block></value></block></next></block></next></block></next></block></next></block></next></block></xml>', '2018-12-20 18:55:10', '2018-12-20 18:55:10'),
(91, 51, 39, '<xml xmlns=\"http://www.w3.org/1999/xhtml\"></xml>', '2018-12-20 18:55:43', '2018-12-20 18:55:43'),
(92, 51, 46, '<xml xmlns=\"http://www.w3.org/1999/xhtml\"></xml>', '2018-12-20 18:56:20', '2018-12-20 18:56:20'),
(93, 113, 1, '<xml xmlns=\"http://www.w3.org/1999/xhtml\"><block type=\"controls_repeat_ext\" id=\"cRh39SGUavK}}0+DU8/w\" x=\"161\" y=\"22\"><value name=\"TIMES\"><shadow type=\"math_number\" id=\"{/a%,sciRHiIUb{MG:sZ\"><field name=\"NUM\">10</field></shadow></value><statement name=\"DO\"><block type=\"variables_set\" id=\"5lw^:9:4JyyHN{P0C7N.\"><field name=\"VAR\">elemento</field><value name=\"VALUE\"><block type=\"variables_get\" id=\"*yvqX}XO{J~FKt+//#p0\"><field name=\"VAR\">elemento</field></block></value></block></statement></block></xml>', '2020-10-21 23:29:05', '2020-10-21 23:29:05'),
(94, 114, 1, '<xml xmlns=\"http://www.w3.org/1999/xhtml\"><block type=\"controls_repeat_ext\" id=\"jh[(**ZK[@I`U1n|!k|d\" x=\"95\" y=\"47\"><value name=\"TIMES\"><shadow type=\"math_number\" id=\"Z]-j!.TUCj(Pl?,]^0Rd\"><field name=\"NUM\">10</field></shadow></value><statement name=\"DO\"><block type=\"variables_set\" id=\"4)pizK-Ns%/FwyoW@t!o\"><field name=\"VAR\">elemento</field><value name=\"VALUE\"><block type=\"variables_get\" id=\"/5CA0-qIr5a#GATNvUpM\"><field name=\"VAR\">elemento</field></block></value></block></statement></block></xml>', '2020-10-21 23:41:16', '2020-10-21 23:41:16'),
(95, 115, 1, '<xml xmlns=\"http://www.w3.org/1999/xhtml\"><block type=\"controls_repeat_ext\" id=\"2aLdqmD}Cr8J}V7r2i*?\" x=\"161\" y=\"56\"><value name=\"TIMES\"><shadow type=\"math_number\" id=\"9DXC,2`KDiX}%lC_)rjP\"><field name=\"NUM\">10</field></shadow></value><statement name=\"DO\"><block type=\"variables_set\" id=\"}npl4l~dF}glZdqQ~A)0\"><field name=\"VAR\">elemento</field><value name=\"VALUE\"><block type=\"variables_get\" id=\"tvc0b!3[m%H[tGkmmBUe\"><field name=\"VAR\">elemento</field></block></value></block></statement></block></xml>', '2020-10-22 00:42:33', '2020-10-22 00:42:33'),
(96, 116, 1, '<xml xmlns=\"http://www.w3.org/1999/xhtml\"><block type=\"variables_set\" id=\"fHj~SN{h[SbUSJ0s;f@U\" x=\"134\" y=\"57\"><field name=\"VAR\">elemento</field><value name=\"VALUE\"><block type=\"variables_get\" id=\")^3BOLRIwc^-JA{zAsX{\"><field name=\"VAR\">elemento</field></block></value></block></xml>', '2020-10-22 08:36:35', '2020-10-22 08:36:35'),
(97, 113, 2, '<xml xmlns=\"http://www.w3.org/1999/xhtml\"><block type=\"controls_repeat_ext\" id=\"Q,SQkoJ8jcn|+J5,u@)2\" x=\"180\" y=\"108\"><value name=\"TIMES\"><shadow type=\"math_number\" id=\"Nu~ps*%amgmfkRsZ(V5M\"><field name=\"NUM\">10</field></shadow></value></block></xml>', '2020-10-22 17:22:29', '2020-10-22 17:22:29'),
(98, 114, 2, '<xml xmlns=\"http://www.w3.org/1999/xhtml\"><block type=\"controls_repeat_ext\" id=\"@?kw0)VDy(k-S20U?~v4\" x=\"303\" y=\"70\"><value name=\"TIMES\"><shadow type=\"math_number\" id=\"vhix(GP]p#D[RjH-u;ub\"><field name=\"NUM\">10</field></shadow></value><statement name=\"DO\"><block type=\"variables_set\" id=\"l4#x17Nfwp+[`eZxqpST\"><field name=\"VAR\">elemento</field><value name=\"VALUE\"><block type=\"variables_get\" id=\"H|=?[/nUQ[Xl*@%KTVVx\"><field name=\"VAR\">elemento</field></block></value></block></statement></block></xml>', '2020-10-22 14:24:00', '2020-10-22 17:24:00'),
(99, 116, 2, '<xml xmlns=\"http://www.w3.org/1999/xhtml\"><block type=\"variables_set\" id=\"rsGUEn)/PjQARA-Lv/I1\" x=\"155\" y=\"91\"><field name=\"VAR\">elemento</field><value name=\"VALUE\"><block type=\"variables_get\" id=\"yL+w^=;^78}GlksoHo}J\"><field name=\"VAR\">elemento</field></block></value></block></xml>', '2020-10-22 14:24:31', '2020-10-22 17:24:31'),
(100, 117, 2, '<xml xmlns=\"http://www.w3.org/1999/xhtml\"></xml>', '2020-10-22 17:25:42', '2020-10-22 17:25:42'),
(101, 118, 1, '<xml xmlns=\"http://www.w3.org/1999/xhtml\"><block type=\"controls_repeat_ext\" id=\"6svPzjw^nNayK|rsjK=M\" x=\"238\" y=\"74\"><value name=\"TIMES\"><shadow type=\"math_number\" id=\"Z5GB_@]@O!O{ElnxE5M]\"><field name=\"NUM\">10</field></shadow></value></block></xml>', '2020-10-22 17:44:15', '2020-10-22 17:44:15'),
(102, 119, 1, '<xml xmlns=\"http://www.w3.org/1999/xhtml\"><block type=\"controls_repeat_ext\" id=\"~Gzx)VE?d`drQXjvC.G,\" x=\"194\" y=\"49\"><value name=\"TIMES\"><shadow type=\"math_number\" id=\"?p0PfgHw#U[~(+]?cuu:\"><field name=\"NUM\">10</field></shadow></value><statement name=\"DO\"><block type=\"variables_set\" id=\"dmcP3;1dnR18B/iM6fHK\"><field name=\"VAR\">elemento</field><value name=\"VALUE\"><block type=\"variables_get\" id=\"n#}+5WhhraemOMm.L(`x\"><field name=\"VAR\">elemento</field></block></value></block></statement></block></xml>', '2020-10-22 17:44:29', '2020-10-22 17:44:29'),
(103, 120, 1, '<xml xmlns=\"http://www.w3.org/1999/xhtml\"></xml>', '2020-10-22 17:44:37', '2020-10-22 17:44:37'),
(104, 121, 1, '<xml xmlns=\"http://www.w3.org/1999/xhtml\"><block type=\"variables_set\" id=\"5fG[Bidw7IRm/Jmr({-(\" x=\"214\" y=\"113\"><field name=\"VAR\">elemento</field><value name=\"VALUE\"><block type=\"variables_get\" id=\"RM_E~}205pk96Q5jT6sG\"><field name=\"VAR\">elemento</field></block></value></block></xml>', '2020-10-22 17:44:47', '2020-10-22 17:44:47'),
(105, 118, 2, '<xml xmlns=\"http://www.w3.org/1999/xhtml\"><block type=\"controls_whileUntil\" id=\",,I0GEwRZKvzED.fu/#L\" x=\"287\" y=\"83\"><field name=\"MODE\">WHILE</field></block></xml>', '2020-10-22 17:48:51', '2020-10-22 17:48:51'),
(106, 119, 2, '<xml xmlns=\"http://www.w3.org/1999/xhtml\"><block type=\"variables_set\" id=\"t:UkL{HC4]_N?|KU-_@p\" x=\"221\" y=\"125\"><field name=\"VAR\">elemento</field><value name=\"VALUE\"><block type=\"variables_get\" id=\":()-kifSs%KX2I/4~u(F\"><field name=\"VAR\">elemento</field></block></value></block></xml>', '2020-10-22 17:49:04', '2020-10-22 17:49:04'),
(107, 120, 2, '<xml xmlns=\"http://www.w3.org/1999/xhtml\"></xml>', '2020-10-22 17:49:30', '2020-10-22 17:49:30'),
(108, 122, 2, '<xml xmlns=\"http://www.w3.org/1999/xhtml\"><block type=\"variables_set\" id=\"FO)^];(t^I/|]srj7Rjz\" x=\"236\" y=\"76\"><field name=\"VAR\">elemento</field><value name=\"VALUE\"><block type=\"variables_get\" id=\"XgLi1Z}?s0s}PrM6U|l(\"><field name=\"VAR\">elemento</field></block></value></block></xml>', '2020-10-27 03:06:33', '2020-10-27 03:06:33'),
(109, 123, 2, '<xml xmlns=\"http://www.w3.org/1999/xhtml\"><block type=\"controls_whileUntil\" id=\"iig5|mf{9Hb99+qyt|~G\" x=\"321\" y=\"104\"><field name=\"MODE\">WHILE</field><statement name=\"DO\"><block type=\"variables_set\" id=\"y/T:MP4ip}j/nQnUVdMI\"><field name=\"VAR\">elemento</field><value name=\"VALUE\"><block type=\"variables_get\" id=\"X+PJ~p=,(dHBf2*vXN4F\"><field name=\"VAR\">elemento</field></block></value></block></statement></block></xml>', '2020-10-27 00:07:09', '2020-10-27 03:07:09'),
(110, 122, 1, '<xml xmlns=\"http://www.w3.org/1999/xhtml\"><block type=\"variables_set\" id=\".IvqYSCkYXAda[P5ZMz=\" x=\"348\" y=\"112\"><field name=\"VAR\">elemento</field><value name=\"VALUE\"><block type=\"variables_get\" id=\"~Fn]^A*;Sl}9B[;ALlwK\"><field name=\"VAR\">elemento</field></block></value></block></xml>', '2020-10-27 22:12:19', '2020-10-27 22:12:19'),
(111, 123, 1, '<xml xmlns=\"http://www.w3.org/1999/xhtml\"><block type=\"controls_whileUntil\" id=\"DYj%3xw`Lj?-JK*(IfwN\" x=\"230\" y=\"60\"><field name=\"MODE\">WHILE</field><statement name=\"DO\"><block type=\"variables_set\" id=\"mdtR79_tWSt1sQ]F]7A.\"><field name=\"VAR\">elemento</field><value name=\"VALUE\"><block type=\"variables_get\" id=\"P0dVPOny,s.sUbfXU/Z-\"><field name=\"VAR\">elemento</field></block></value></block></statement></block></xml>', '2020-10-27 19:12:57', '2020-10-27 22:12:57'),
(112, 135, 1, '<xml xmlns=\"http://www.w3.org/1999/xhtml\"><block type=\"controls_repeat_ext\" id=\"3UNuaf)b0#sfAg,RRt/]\" x=\"2\" y=\"32\"><value name=\"TIMES\"><shadow type=\"math_number\" id=\"(XD9sfmo?Js[h!p5I|ZH\"><field name=\"NUM\">5</field></shadow></value></block></xml>', '2020-11-11 22:47:11', '2020-11-12 01:47:11'),
(113, 136, 1, '<xml xmlns=\"http://www.w3.org/1999/xhtml\"></xml>', '2020-11-05 03:09:02', '2020-11-05 03:09:02'),
(114, 135, 2, '<xml xmlns=\"http://www.w3.org/1999/xhtml\"><block type=\"controls_repeat_ext\" id=\".z}P4A)dIo[DkV;0?O)0\" x=\"346\" y=\"99\"><value name=\"TIMES\"><shadow type=\"math_number\" id=\"OYiQ0Y~Ig(g:smY(T4w~\"><field name=\"NUM\">10</field></shadow></value></block></xml>', '2020-11-17 23:58:21', '2020-11-18 02:58:21'),
(115, 136, 2, '<xml xmlns=\"http://www.w3.org/1999/xhtml\"></xml>', '2020-11-18 02:59:06', '2020-11-18 02:59:06'),
(116, 139, 2, '<xml xmlns=\"http://www.w3.org/1999/xhtml\"><block type=\"controls_repeat_ext\" id=\"pq}/,hr%FeT5nE3d26el\" x=\"251\" y=\"37\"><value name=\"TIMES\"><shadow type=\"math_number\" id=\"-1gS%a;fN)G/OTc4enUe\"><field name=\"NUM\">10</field></shadow></value></block></xml>', '2020-11-18 00:01:43', '2020-11-18 03:01:43'),
(117, 140, 2, '<xml xmlns=\"http://www.w3.org/1999/xhtml\"><block type=\"controls_repeat_ext\" id=\"hTc84d%yIl(O4#V^|))h\" x=\"317\" y=\"60\"><value name=\"TIMES\"><shadow type=\"math_number\" id=\"l.0p~(gpPr?[K1T-8I)c\"><field name=\"NUM\">10</field></shadow></value></block></xml>', '2020-11-18 00:01:20', '2020-11-18 03:01:20'),
(118, 154, 3, '<xml xmlns=\"http://www.w3.org/1999/xhtml\"><block type=\"controls_repeat_ext\" id=\"d*I)Dt]w8)L.+f[nwhMg\" x=\"480\" y=\"54\"><value name=\"TIMES\"><shadow type=\"math_number\" id=\"R^ZS*.[xO~!LDhP}?4UJ\"><field name=\"NUM\">10</field></shadow></value></block></xml>', '2020-11-18 02:26:22', '2020-11-18 05:26:22'),
(119, 155, 3, '<xml xmlns=\"http://www.w3.org/1999/xhtml\"><block type=\"controls_repeat_ext\" id=\"Dos8=NJ3v;|I.=HtZ=/,\" x=\"165\" y=\"-9\"><value name=\"TIMES\"><shadow type=\"math_number\" id=\"T{^Vn#Xp1UF}|5?*S55f\"><field name=\"NUM\">10</field></shadow></value></block></xml>', '2020-11-18 20:09:43', '2020-11-18 20:09:43'),
(120, 154, 53, '<xml xmlns=\"http://www.w3.org/1999/xhtml\"><block type=\"controls_repeat_ext\" id=\"d*I)Dt]w8)L.+f[nwhMg\" x=\"480\" y=\"54\"><value name=\"TIMES\"><shadow type=\"math_number\" id=\"R^ZS*.[xO~!LDhP}?4UJ\"><field name=\"NUM\">10</field></shadow></value></block></xml>', '2020-11-18 20:29:48', '2020-11-18 20:29:48'),
(121, 154, 1, '<xml xmlns=\"http://www.w3.org/1999/xhtml\"><block type=\"controls_repeat_ext\" id=\"d*I)Dt]w8)L.+f[nwhMg\" x=\"480\" y=\"54\"><value name=\"TIMES\"><shadow type=\"math_number\" id=\"R^ZS*.[xO~!LDhP}?4UJ\"><field name=\"NUM\">10</field></shadow></value></block></xml>', '2020-11-18 20:29:48', '2020-11-18 20:29:48'),
(122, 154, 2, '<xml xmlns=\"http://www.w3.org/1999/xhtml\"><block type=\"controls_repeat_ext\" id=\"d*I)Dt]w8)L.+f[nwhMg\" x=\"480\" y=\"54\"><value name=\"TIMES\"><shadow type=\"math_number\" id=\"R^ZS*.[xO~!LDhP}?4UJ\"><field name=\"NUM\">10</field></shadow></value></block></xml>', '2020-11-18 20:29:48', '2020-11-18 20:29:48'),
(123, 156, 3, '<xml xmlns=\"http://www.w3.org/1999/xhtml\"><block type=\"variables_set\" id=\"uMvj=VSxpi|BdQ!;XtL3\" x=\"128\" y=\"56\"><field name=\"VAR\">elemento</field><value name=\"VALUE\"><block type=\"variables_get\" id=\"A;;j(8Akqcb}~jY2edfX\"><field name=\"VAR\">elemento</field></block></value></block></xml>', '2020-11-18 19:34:52', '2020-11-18 22:34:52'),
(124, 156, 5, '<xml xmlns=\"http://www.w3.org/1999/xhtml\"><block type=\"variables_set\" id=\"uMvj=VSxpi|BdQ!;XtL3\" x=\"128\" y=\"56\"><field name=\"VAR\">elemento</field><value name=\"VALUE\"><block type=\"variables_get\" id=\"A;;j(8Akqcb}~jY2edfX\"><field name=\"VAR\">elemento</field></block></value></block></xml>', '2020-11-18 19:34:52', '2020-11-18 22:34:52'),
(125, 156, 6, '<xml xmlns=\"http://www.w3.org/1999/xhtml\"><block type=\"variables_set\" id=\"uMvj=VSxpi|BdQ!;XtL3\" x=\"128\" y=\"56\"><field name=\"VAR\">elemento</field><value name=\"VALUE\"><block type=\"variables_get\" id=\"A;;j(8Akqcb}~jY2edfX\"><field name=\"VAR\">elemento</field></block></value></block></xml>', '2020-11-18 19:34:52', '2020-11-18 22:34:52'),
(126, 157, 3, '<xml xmlns=\"http://www.w3.org/1999/xhtml\"><block type=\"variables_set\" id=\"[aN]H^#l_.sy.L%d45jh\" x=\"122\" y=\"67\"><field name=\"VAR\">elemento</field><value name=\"VALUE\"><block type=\"variables_get\" id=\"Wt.uXQZ#`=x:R+1gIM(4\"><field name=\"VAR\">elemento</field></block></value></block></xml>', '2020-11-18 19:35:12', '2020-11-18 22:35:12'),
(127, 158, 3, '<xml xmlns=\"http://www.w3.org/1999/xhtml\"><block type=\"controls_repeat_ext\" id=\"~F0UQOLr1.eKrp=S{L/7\" x=\"30\" y=\"20\"><value name=\"TIMES\"><shadow type=\"math_number\" id=\"%D8faZ7uJu]X*Bpn(*b[\"><field name=\"NUM\">10</field></shadow></value><statement name=\"DO\"><block type=\"variables_set\" id=\"t~95(ld|4{9f7VY8l7S-\"><field name=\"VAR\">elemento</field><value name=\"VALUE\"><block type=\"variables_get\" id=\"~AV).SE_r#s(53;=QMaJ\"><field name=\"VAR\">elemento</field></block></value></block></statement></block></xml>', '2020-11-18 22:35:36', '2020-11-18 22:35:36'),
(128, 159, 3, '<xml xmlns=\"http://www.w3.org/1999/xhtml\"><block type=\"controls_repeat_ext\" id=\"E%eekYi7r1gGTkPN#{~T\" x=\"205\" y=\"65\"><value name=\"TIMES\"><shadow type=\"math_number\" id=\"o44L35HVlMi3[D8=(FFE\"><field name=\"NUM\">10</field></shadow></value></block></xml>', '2020-11-18 22:35:54', '2020-11-18 22:35:54'),
(129, 159, 5, '<xml xmlns=\"http://www.w3.org/1999/xhtml\"><block type=\"controls_repeat_ext\" id=\"E%eekYi7r1gGTkPN#{~T\" x=\"205\" y=\"65\"><value name=\"TIMES\"><shadow type=\"math_number\" id=\"o44L35HVlMi3[D8=(FFE\"><field name=\"NUM\">10</field></shadow></value></block></xml>', '2020-11-18 22:35:54', '2020-11-18 22:35:54'),
(130, 159, 6, '<xml xmlns=\"http://www.w3.org/1999/xhtml\"><block type=\"controls_repeat_ext\" id=\"E%eekYi7r1gGTkPN#{~T\" x=\"205\" y=\"65\"><value name=\"TIMES\"><shadow type=\"math_number\" id=\"o44L35HVlMi3[D8=(FFE\"><field name=\"NUM\">10</field></shadow></value></block></xml>', '2020-11-18 22:35:54', '2020-11-18 22:35:54'),
(131, 160, 3, '<xml xmlns=\"http://www.w3.org/1999/xhtml\"><block type=\"controls_repeat_ext\" id=\"sx=p?:IP12vQ%}S-(WxC\" x=\"44\" y=\"7\"><value name=\"TIMES\"><shadow type=\"math_number\" id=\"=w//KUpgqy,7Et:e1j94\"><field name=\"NUM\">10</field></shadow></value><statement name=\"DO\"><block type=\"variables_set\" id=\"Hz{mUTp7zXrFB,p!Y65Q\"><field name=\"VAR\">elemento</field><value name=\"VALUE\"><block type=\"variables_get\" id=\"ch5M`[t2b|s.[7,p@_aW\"><field name=\"VAR\">elemento</field></block></value></block></statement></block></xml>', '2020-11-19 21:53:13', '2020-11-20 00:53:13'),
(132, 160, 1, '<xml xmlns=\"http://www.w3.org/1999/xhtml\"></xml>', '2020-11-19 07:46:20', '2020-11-19 07:46:20'),
(133, 160, 2, '<xml xmlns=\"http://www.w3.org/1999/xhtml\"><block type=\"variables_set\" id=\"x4g;{//YRf=BGPFGG_c~\" x=\"173\" y=\"54\"><field name=\"VAR\">elemento</field><value name=\"VALUE\"><block type=\"variables_get\" id=\"eNM^``WIwF:VW[K]NlKZ\"><field name=\"VAR\">elemento</field></block></value></block></xml>', '2020-11-19 09:24:20', '2020-11-19 09:24:20'),
(134, 162, 2, '<xml xmlns=\"http://www.w3.org/1999/xhtml\"><block type=\"controls_repeat_ext\" id=\";R)Ac0YgKHzE/RQaf_Xe\" x=\"430\" y=\"68\"><value name=\"TIMES\"><shadow type=\"math_number\" id=\"C^fNk`iI)~OTSas8g=2I\"><field name=\"NUM\">10</field></shadow></value></block></xml>', '2020-11-20 03:27:00', '2020-11-20 03:27:00'),
(135, 162, 3, '<xml xmlns=\"http://www.w3.org/1999/xhtml\"><block type=\"controls_repeat_ext\" id=\"MX+T4LP#mv`B2N8O-lF+\" x=\"268\" y=\"63\"><value name=\"TIMES\"><shadow type=\"math_number\" id=\"wuiZ:iojm4,^;nt=5#]s\"><field name=\"NUM\">10</field></shadow></value><statement name=\"DO\"><block type=\"variables_set\" id=\";!w6f#5OY1EH.*z*{5!R\"><field name=\"VAR\">elemento</field><value name=\"VALUE\"><block type=\"variables_get\" id=\"Gs/wEL6fWAB[uWh(DK}W\"><field name=\"VAR\">elemento</field></block></value></block></statement></block></xml>', '2020-11-20 03:27:17', '2020-11-20 03:27:17'),
(136, 162, 1, '<xml xmlns=\"http://www.w3.org/1999/xhtml\"><block type=\"controls_repeat_ext\" id=\"03EdkH9*V;K7p[]#,kwa\" x=\"183\" y=\"70\"><value name=\"TIMES\"><shadow type=\"math_number\" id=\"sdw/kn_!^I_0[Y}sK:cd\"><field name=\"NUM\">10</field></shadow></value><statement name=\"DO\"><block type=\"variables_set\" id=\"p}y`)y2=5h{4G7e?GPOE\"><field name=\"VAR\">elemento</field><value name=\"VALUE\"><block type=\"variables_get\" id=\"g*O:SZ#jHn59,m23wM?Y\"><field name=\"VAR\">elemento</field></block></value></block></statement></block><block type=\"logic_operation\" id=\"OOD!SLA@I#EKW5)b1cm5\" x=\"435\" y=\"183\"><field name=\"OP\">AND</field></block></xml>', '2020-11-20 03:28:10', '2020-11-20 03:28:10'),
(137, 163, 1, '<xml xmlns=\"http://www.w3.org/1999/xhtml\"><block type=\"controls_repeat_ext\" id=\"T=)zXjxJ;CZ[cP.;j@e%\" x=\"117\" y=\"32\"><value name=\"TIMES\"><shadow type=\"math_number\" id=\"lH;{_ccd#7u(F=-|mwvT\"><field name=\"NUM\">10</field></shadow></value><statement name=\"DO\"><block type=\"variables_set\" id=\"{_Epb}^Gm.BF.j!WaY@J\"><field name=\"VAR\">elemento</field><value name=\"VALUE\"><block type=\"variables_get\" id=\"[t3:IY)KuZdJ=x3q[UOq\"><field name=\"VAR\">elemento</field></block></value></block></statement></block></xml>', '2020-11-20 07:04:19', '2020-11-20 07:04:19'),
(138, 163, 2, '<xml xmlns=\"http://www.w3.org/1999/xhtml\"><block type=\"controls_repeat_ext\" id=\"T=)zXjxJ;CZ[cP.;j@e%\" x=\"117\" y=\"32\"><value name=\"TIMES\"><shadow type=\"math_number\" id=\"lH;{_ccd#7u(F=-|mwvT\"><field name=\"NUM\">10</field></shadow></value><statement name=\"DO\"><block type=\"variables_set\" id=\"{_Epb}^Gm.BF.j!WaY@J\"><field name=\"VAR\">elemento</field><value name=\"VALUE\"><block type=\"variables_get\" id=\"[t3:IY)KuZdJ=x3q[UOq\"><field name=\"VAR\">elemento</field></block></value></block></statement></block></xml>', '2020-11-20 07:04:19', '2020-11-20 07:04:19'),
(139, 163, 3, '<xml xmlns=\"http://www.w3.org/1999/xhtml\"><block type=\"controls_repeat_ext\" id=\"T=)zXjxJ;CZ[cP.;j@e%\" x=\"117\" y=\"32\"><value name=\"TIMES\"><shadow type=\"math_number\" id=\"lH;{_ccd#7u(F=-|mwvT\"><field name=\"NUM\">10</field></shadow></value><statement name=\"DO\"><block type=\"variables_set\" id=\"{_Epb}^Gm.BF.j!WaY@J\"><field name=\"VAR\">elemento</field><value name=\"VALUE\"><block type=\"variables_get\" id=\"[t3:IY)KuZdJ=x3q[UOq\"><field name=\"VAR\">elemento</field></block></value></block></statement></block></xml>', '2020-11-20 07:04:19', '2020-11-20 07:04:19'),
(140, 164, 1, '<xml xmlns=\"http://www.w3.org/1999/xhtml\"><block type=\"controls_repeat_ext\" id=\"cW8bIp6_X`T7:b#(ny1b\" x=\"166\" y=\"40\"><value name=\"TIMES\"><shadow type=\"math_number\" id=\"m;[ARrndu/umssGi5K1S\"><field name=\"NUM\">10</field></shadow></value><statement name=\"DO\"><block type=\"variables_set\" id=\"h#hR)?_8ileG^X8EgQ?G\"><field name=\"VAR\">elemento</field><value name=\"VALUE\"><block type=\"variables_get\" id=\"KogC={Fxf5Hrhz@cFM^0\"><field name=\"VAR\">elemento</field></block></value></block></statement></block></xml>', '2020-11-20 07:04:59', '2020-11-20 07:04:59'),
(141, 164, 2, '<xml xmlns=\"http://www.w3.org/1999/xhtml\"><block type=\"controls_repeat_ext\" id=\"cW8bIp6_X`T7:b#(ny1b\" x=\"166\" y=\"40\"><value name=\"TIMES\"><shadow type=\"math_number\" id=\"m;[ARrndu/umssGi5K1S\"><field name=\"NUM\">10</field></shadow></value><statement name=\"DO\"><block type=\"variables_set\" id=\"h#hR)?_8ileG^X8EgQ?G\"><field name=\"VAR\">elemento</field><value name=\"VALUE\"><block type=\"variables_get\" id=\"KogC={Fxf5Hrhz@cFM^0\"><field name=\"VAR\">elemento</field></block></value></block></statement></block></xml>', '2020-11-20 07:04:59', '2020-11-20 07:04:59'),
(142, 164, 3, '<xml xmlns=\"http://www.w3.org/1999/xhtml\"><block type=\"controls_repeat_ext\" id=\"cW8bIp6_X`T7:b#(ny1b\" x=\"166\" y=\"40\"><value name=\"TIMES\"><shadow type=\"math_number\" id=\"m;[ARrndu/umssGi5K1S\"><field name=\"NUM\">10</field></shadow></value><statement name=\"DO\"><block type=\"variables_set\" id=\"h#hR)?_8ileG^X8EgQ?G\"><field name=\"VAR\">elemento</field><value name=\"VALUE\"><block type=\"variables_get\" id=\"KogC={Fxf5Hrhz@cFM^0\"><field name=\"VAR\">elemento</field></block></value></block></statement></block></xml>', '2020-11-20 07:04:59', '2020-11-20 07:04:59'),
(143, 165, 1, '<xml xmlns=\"http://www.w3.org/1999/xhtml\"><block type=\"controls_repeat_ext\" id=\"YJ32Jb[1Frf!*|5c:[~S\" x=\"225\" y=\"81\"><value name=\"TIMES\"><shadow type=\"math_number\" id=\"I/d[TQ5KD1hz!a?S|)tw\"><field name=\"NUM\">10</field></shadow></value><statement name=\"DO\"><block type=\"variables_set\" id=\"j/4@(W=AY!4GriHR;2=3\"><field name=\"VAR\">elemento</field><value name=\"VALUE\"><block type=\"variables_get\" id=\"7sUa8XrtFLvxySC4F)+X\"><field name=\"VAR\">elemento</field></block></value></block></statement></block></xml>', '2020-11-20 07:52:18', '2020-11-20 07:52:18'),
(144, 165, 2, '<xml xmlns=\"http://www.w3.org/1999/xhtml\"><block type=\"controls_repeat_ext\" id=\"YJ32Jb[1Frf!*|5c:[~S\" x=\"225\" y=\"81\"><value name=\"TIMES\"><shadow type=\"math_number\" id=\"I/d[TQ5KD1hz!a?S|)tw\"><field name=\"NUM\">10</field></shadow></value><statement name=\"DO\"><block type=\"variables_set\" id=\"j/4@(W=AY!4GriHR;2=3\"><field name=\"VAR\">elemento</field><value name=\"VALUE\"><block type=\"variables_get\" id=\"7sUa8XrtFLvxySC4F)+X\"><field name=\"VAR\">elemento</field></block></value></block></statement></block></xml>', '2020-11-20 07:52:18', '2020-11-20 07:52:18');
INSERT INTO `blockly_activity_answers` (`id`, `activity_id`, `student_id`, `value`, `created_at`, `updated_at`) VALUES
(145, 165, 3, '<xml xmlns=\"http://www.w3.org/1999/xhtml\"><block type=\"controls_repeat_ext\" id=\"YJ32Jb[1Frf!*|5c:[~S\" x=\"225\" y=\"81\"><value name=\"TIMES\"><shadow type=\"math_number\" id=\"I/d[TQ5KD1hz!a?S|)tw\"><field name=\"NUM\">10</field></shadow></value><statement name=\"DO\"><block type=\"variables_set\" id=\"j/4@(W=AY!4GriHR;2=3\"><field name=\"VAR\">elemento</field><value name=\"VALUE\"><block type=\"variables_get\" id=\"7sUa8XrtFLvxySC4F)+X\"><field name=\"VAR\">elemento</field></block></value></block></statement></block></xml>', '2020-11-20 07:52:18', '2020-11-20 07:52:18'),
(146, 166, 1, '<xml xmlns=\"http://www.w3.org/1999/xhtml\"><block type=\"procedures_defnoreturn\" id=\"w!(0@)f.kX%fK/.[0}K2\" x=\"215\" y=\"15\"><field name=\"NAME\">hacer algo</field><comment pinned=\"false\" h=\"80\" w=\"160\">Describe esta función...</comment><statement name=\"STACK\"><block type=\"controls_repeat_ext\" id=\"Fclk[X2wQtSg4xMBJT=(\"><value name=\"TIMES\"><shadow type=\"math_number\" id=\"-TFVu`/8RdyCk;0_R]Be\"><field name=\"NUM\">10</field></shadow></value><statement name=\"DO\"><block type=\"variables_set\" id=\"ppzqkEn]8mZ*LkV|odo|\"><field name=\"VAR\">elemento</field><value name=\"VALUE\"><block type=\"variables_get\" id=\"F84e0a06q!^TfdNY/[5T\"><field name=\"VAR\">elemento</field></block></value></block></statement></block></statement></block></xml>', '2020-11-20 08:23:34', '2020-11-20 08:23:34'),
(147, 166, 2, '<xml xmlns=\"http://www.w3.org/1999/xhtml\"><block type=\"procedures_defnoreturn\" id=\"w!(0@)f.kX%fK/.[0}K2\" x=\"215\" y=\"15\"><field name=\"NAME\">hacer algo</field><comment pinned=\"false\" h=\"80\" w=\"160\">Describe esta función...</comment><statement name=\"STACK\"><block type=\"controls_repeat_ext\" id=\"Fclk[X2wQtSg4xMBJT=(\"><value name=\"TIMES\"><shadow type=\"math_number\" id=\"-TFVu`/8RdyCk;0_R]Be\"><field name=\"NUM\">10</field></shadow></value><statement name=\"DO\"><block type=\"variables_set\" id=\"ppzqkEn]8mZ*LkV|odo|\"><field name=\"VAR\">elemento</field><value name=\"VALUE\"><block type=\"variables_get\" id=\"F84e0a06q!^TfdNY/[5T\"><field name=\"VAR\">elemento</field></block></value></block></statement></block></statement></block></xml>', '2020-11-20 08:23:34', '2020-11-20 08:23:34'),
(148, 166, 3, '<xml xmlns=\"http://www.w3.org/1999/xhtml\"><block type=\"procedures_defnoreturn\" id=\"w!(0@)f.kX%fK/.[0}K2\" x=\"215\" y=\"15\"><field name=\"NAME\">hacer algo</field><comment pinned=\"false\" h=\"80\" w=\"160\">Describe esta función...</comment><statement name=\"STACK\"><block type=\"controls_repeat_ext\" id=\"Fclk[X2wQtSg4xMBJT=(\"><value name=\"TIMES\"><shadow type=\"math_number\" id=\"-TFVu`/8RdyCk;0_R]Be\"><field name=\"NUM\">10</field></shadow></value><statement name=\"DO\"><block type=\"variables_set\" id=\"ppzqkEn]8mZ*LkV|odo|\"><field name=\"VAR\">elemento</field><value name=\"VALUE\"><block type=\"variables_get\" id=\"F84e0a06q!^TfdNY/[5T\"><field name=\"VAR\">elemento</field></block></value></block></statement></block></statement></block></xml>', '2020-11-20 08:23:34', '2020-11-20 08:23:34'),
(149, 167, 1, '<xml xmlns=\"http://www.w3.org/1999/xhtml\"><block type=\"controls_repeat_ext\" id=\"I?QX#w?v4=7bm|DxLBZ^\" x=\"70\" y=\"50\"><value name=\"TIMES\"><shadow type=\"math_number\" id=\"nSohRAo[U]9=jpfLq#K7\"><field name=\"NUM\">10</field></shadow></value><statement name=\"DO\"><block type=\"variables_set\" id=\"n.Rv(g/%rJbhb[_:LqX`\"><field name=\"VAR\">elemento</field><value name=\"VALUE\"><block type=\"variables_get\" id=\"XWOvFR#seNd^Hx(hvo/;\"><field name=\"VAR\">elemento</field></block></value></block></statement></block></xml>', '2020-11-20 06:14:40', '2020-11-20 09:14:40'),
(150, 167, 2, '<xml xmlns=\"http://www.w3.org/1999/xhtml\"><block type=\"controls_repeat_ext\" id=\"I?QX#w?v4=7bm|DxLBZ^\" x=\"70\" y=\"50\"><value name=\"TIMES\"><shadow type=\"math_number\" id=\"nSohRAo[U]9=jpfLq#K7\"><field name=\"NUM\">10</field></shadow></value><statement name=\"DO\"><block type=\"variables_set\" id=\"n.Rv(g/%rJbhb[_:LqX`\"><field name=\"VAR\">elemento</field><value name=\"VALUE\"><block type=\"variables_get\" id=\"XWOvFR#seNd^Hx(hvo/;\"><field name=\"VAR\">elemento</field></block></value></block></statement></block></xml>', '2020-11-20 06:14:40', '2020-11-20 09:14:40'),
(151, 167, 3, '<xml xmlns=\"http://www.w3.org/1999/xhtml\"><block type=\"controls_repeat_ext\" id=\"I?QX#w?v4=7bm|DxLBZ^\" x=\"70\" y=\"50\"><value name=\"TIMES\"><shadow type=\"math_number\" id=\"nSohRAo[U]9=jpfLq#K7\"><field name=\"NUM\">10</field></shadow></value><statement name=\"DO\"><block type=\"variables_set\" id=\"n.Rv(g/%rJbhb[_:LqX`\"><field name=\"VAR\">elemento</field><value name=\"VALUE\"><block type=\"variables_get\" id=\"XWOvFR#seNd^Hx(hvo/;\"><field name=\"VAR\">elemento</field></block></value></block></statement></block></xml>', '2020-11-20 06:14:40', '2020-11-20 09:14:40'),
(152, 168, 2, '<xml xmlns=\"http://www.w3.org/1999/xhtml\"><block type=\"variables_set\" id=\"[AVZBFGvbf;g.82#E4uj\" x=\"151\" y=\"74\"><field name=\"VAR\">elemento</field><value name=\"VALUE\"><block type=\"variables_get\" id=\"5|QO7gZu6g1xNy]w/KEo\"><field name=\"VAR\">elemento</field></block></value></block></xml>', '2020-11-20 08:57:02', '2020-11-20 08:57:02'),
(153, 168, 1, '<xml xmlns=\"http://www.w3.org/1999/xhtml\"><block type=\"variables_set\" id=\"UGi}dLO^EkAqBI=gB)s,\" x=\"67\" y=\"72\"><field name=\"VAR\">elemento</field><value name=\"VALUE\"><block type=\"variables_get\" id=\"5b:andb~GHob(y(L.hcj\"><field name=\"VAR\">elemento</field></block></value></block></xml>', '2020-11-20 06:44:26', '2020-11-20 09:44:26'),
(154, 169, 2, '<xml xmlns=\"http://www.w3.org/1999/xhtml\"><block type=\"variables_set\" id=\"yL(S.XF7Ze=bX#V+F@CP\" x=\"121\" y=\"53\"><field name=\"VAR\">elemento</field><value name=\"VALUE\"><block type=\"variables_get\" id=\"oebp?Ck103]%?f#l/NhF\"><field name=\"VAR\">elemento</field></block></value></block></xml>', '2020-11-20 09:44:35', '2020-11-20 09:44:35'),
(155, 169, 1, '<xml xmlns=\"http://www.w3.org/1999/xhtml\"><block type=\"variables_set\" id=\"/1crz{1Z]Ua}37`YvuTZ\" x=\"115\" y=\"62\"><field name=\"VAR\">elemento</field><value name=\"VALUE\"><block type=\"variables_get\" id=\"T0mr9gTWh{D~qtwXjH3i\"><field name=\"VAR\">elemento</field></block></value></block></xml>', '2020-11-20 09:45:18', '2020-11-20 09:45:18'),
(156, 170, 1, '<xml xmlns=\"http://www.w3.org/1999/xhtml\"><block type=\"procedures_defreturn\" id=\"KF)e,`6N^2upLm];QSC2\" x=\"181\" y=\"-2\"><field name=\"NAME\">hacer algo</field><comment pinned=\"false\" h=\"80\" w=\"160\">Describe esta función...</comment><statement name=\"STACK\"><block type=\"controls_repeat_ext\" id=\"*K#B~vV`v7uwBURf1g~M\"><value name=\"TIMES\"><shadow type=\"math_number\" id=\"~WKO|[c3*5J@jwrVzB.8\"><field name=\"NUM\">10</field></shadow></value><statement name=\"DO\"><block type=\"variables_set\" id=\"#7WxhbjrF.8_;9r;Gj8X\"><field name=\"VAR\">elemento</field><value name=\"VALUE\"><block type=\"variables_get\" id=\"i,3;3y{ZkI)dcbSL(}s5\"><field name=\"VAR\">elemento</field></block></value></block></statement></block></statement></block></xml>', '2020-11-20 09:45:50', '2020-11-20 09:45:50'),
(157, 170, 2, '<xml xmlns=\"http://www.w3.org/1999/xhtml\"><block type=\"procedures_defreturn\" id=\"KF)e,`6N^2upLm];QSC2\" x=\"181\" y=\"-2\"><field name=\"NAME\">hacer algo</field><comment pinned=\"false\" h=\"80\" w=\"160\">Describe esta función...</comment><statement name=\"STACK\"><block type=\"controls_repeat_ext\" id=\"*K#B~vV`v7uwBURf1g~M\"><value name=\"TIMES\"><shadow type=\"math_number\" id=\"~WKO|[c3*5J@jwrVzB.8\"><field name=\"NUM\">10</field></shadow></value><statement name=\"DO\"><block type=\"variables_set\" id=\"#7WxhbjrF.8_;9r;Gj8X\"><field name=\"VAR\">elemento</field><value name=\"VALUE\"><block type=\"variables_get\" id=\"i,3;3y{ZkI)dcbSL(}s5\"><field name=\"VAR\">elemento</field></block></value></block></statement></block></statement></block></xml>', '2020-11-20 09:45:50', '2020-11-20 09:45:50'),
(158, 170, 3, '<xml xmlns=\"http://www.w3.org/1999/xhtml\"><block type=\"procedures_defreturn\" id=\"KF)e,`6N^2upLm];QSC2\" x=\"181\" y=\"-2\"><field name=\"NAME\">hacer algo</field><comment pinned=\"false\" h=\"80\" w=\"160\">Describe esta función...</comment><statement name=\"STACK\"><block type=\"controls_repeat_ext\" id=\"*K#B~vV`v7uwBURf1g~M\"><value name=\"TIMES\"><shadow type=\"math_number\" id=\"~WKO|[c3*5J@jwrVzB.8\"><field name=\"NUM\">10</field></shadow></value><statement name=\"DO\"><block type=\"variables_set\" id=\"#7WxhbjrF.8_;9r;Gj8X\"><field name=\"VAR\">elemento</field><value name=\"VALUE\"><block type=\"variables_get\" id=\"i,3;3y{ZkI)dcbSL(}s5\"><field name=\"VAR\">elemento</field></block></value></block></statement></block></statement></block></xml>', '2020-11-20 09:45:50', '2020-11-20 09:45:50'),
(159, 171, 1, '<xml xmlns=\"http://www.w3.org/1999/xhtml\"><block type=\"variables_set\" id=\"d!P.fRtP,`ASKiAh+2vC\" x=\"143\" y=\"103\"><field name=\"VAR\">elemento</field><value name=\"VALUE\"><block type=\"variables_get\" id=\"a_S]+##6(w,5zHFQM-w}\"><field name=\"VAR\">elemento</field></block></value></block></xml>', '2020-11-20 16:08:47', '2020-11-20 16:08:47'),
(160, 171, 2, '<xml xmlns=\"http://www.w3.org/1999/xhtml\"><block type=\"variables_set\" id=\"Wy%~CIJ_8DZ%`A/0HOz+\" x=\"151\" y=\"85\"><field name=\"VAR\">elemento</field><value name=\"VALUE\"><block type=\"variables_get\" id=\":l^{[89.[3m`DVdaP+d7\"><field name=\"VAR\">elemento</field></block></value></block></xml>', '2020-11-20 16:08:50', '2020-11-20 16:08:50'),
(161, 171, 3, '<xml xmlns=\"http://www.w3.org/1999/xhtml\"><block type=\"variables_set\" id=\"XvC!(W}QlNq58f1%EQ4?\" x=\"60\" y=\"102\"><field name=\"VAR\">elemento</field><value name=\"VALUE\"><block type=\"variables_get\" id=\"u:8x;,.z?V?F+!X*Zz5l\"><field name=\"VAR\">elemento</field></block></value></block></xml>', '2020-11-20 16:08:58', '2020-11-20 16:08:58'),
(162, 172, 1, '<xml xmlns=\"http://www.w3.org/1999/xhtml\"><block type=\"variables_set\" id=\"i]XkBHFVc)(jU5fATyx,\" x=\"59\" y=\"66\"><field name=\"VAR\">elemento</field><value name=\"VALUE\"><block type=\"variables_get\" id=\"#@wwN.KB:bAt[*g:+T]e\"><field name=\"VAR\">elemento</field></block></value></block></xml>', '2020-11-20 16:09:15', '2020-11-20 16:09:15'),
(163, 172, 2, '<xml xmlns=\"http://www.w3.org/1999/xhtml\"><block type=\"variables_set\" id=\":MJu6rr4x[bN/Nc3;XsI\" x=\"105\" y=\"65\"><field name=\"VAR\">elemento</field><value name=\"VALUE\"><block type=\"variables_get\" id=\"w%%B+di*=e9|OKxwfGPp\"><field name=\"VAR\">elemento</field></block></value></block></xml>', '2020-11-20 16:09:19', '2020-11-20 16:09:19'),
(164, 172, 3, '<xml xmlns=\"http://www.w3.org/1999/xhtml\"><block type=\"variables_set\" id=\"io(wZEm`HjVRehU^KWL!\" x=\"123\" y=\"58\"><field name=\"VAR\">elemento</field><value name=\"VALUE\"><block type=\"variables_get\" id=\"nRLxJ?3~5a]Si5^ggYpe\"><field name=\"VAR\">elemento</field></block></value></block></xml>', '2020-11-20 16:09:27', '2020-11-20 16:09:27'),
(165, 173, 1, '<xml xmlns=\"http://www.w3.org/1999/xhtml\"><block type=\"controls_whileUntil\" id=\"gh[mah{CtW(vxC}3Wjcl\" x=\"83\" y=\"43\"><field name=\"MODE\">WHILE</field><statement name=\"DO\"><block type=\"variables_set\" id=\"/ii`kIoIQY?o-3q~VUq}\"><field name=\"VAR\">elemento</field><value name=\"VALUE\"><block type=\"variables_get\" id=\"_Wc}YrAmBSjxern@Y=)S\"><field name=\"VAR\">elemento</field></block></value></block></statement></block></xml>', '2020-11-20 16:10:37', '2020-11-20 16:10:37'),
(166, 173, 2, '<xml xmlns=\"http://www.w3.org/1999/xhtml\"><block type=\"controls_whileUntil\" id=\"gh[mah{CtW(vxC}3Wjcl\" x=\"83\" y=\"43\"><field name=\"MODE\">WHILE</field><statement name=\"DO\"><block type=\"variables_set\" id=\"/ii`kIoIQY?o-3q~VUq}\"><field name=\"VAR\">elemento</field><value name=\"VALUE\"><block type=\"variables_get\" id=\"_Wc}YrAmBSjxern@Y=)S\"><field name=\"VAR\">elemento</field></block></value></block></statement></block></xml>', '2020-11-20 16:10:37', '2020-11-20 16:10:37'),
(167, 173, 3, '<xml xmlns=\"http://www.w3.org/1999/xhtml\"><block type=\"controls_whileUntil\" id=\"gh[mah{CtW(vxC}3Wjcl\" x=\"83\" y=\"43\"><field name=\"MODE\">WHILE</field><statement name=\"DO\"><block type=\"variables_set\" id=\"/ii`kIoIQY?o-3q~VUq}\"><field name=\"VAR\">elemento</field><value name=\"VALUE\"><block type=\"variables_get\" id=\"_Wc}YrAmBSjxern@Y=)S\"><field name=\"VAR\">elemento</field></block></value></block></statement></block></xml>', '2020-11-20 16:10:37', '2020-11-20 16:10:37'),
(168, 174, 1, '<xml xmlns=\"http://www.w3.org/1999/xhtml\"><block type=\"variables_set\" id=\"tYfImew2jH,U:FI(nzaS\" x=\"110\" y=\"105\"><field name=\"VAR\">elemento</field><value name=\"VALUE\"><block type=\"variables_get\" id=\"+V6Hj.SURhpY3U=+1+_;\"><field name=\"VAR\">elemento</field></block></value></block></xml>', '2020-11-20 16:12:15', '2020-11-20 16:12:15'),
(169, 174, 2, '<xml xmlns=\"http://www.w3.org/1999/xhtml\"><block type=\"variables_set\" id=\"tYfImew2jH,U:FI(nzaS\" x=\"110\" y=\"105\"><field name=\"VAR\">elemento</field><value name=\"VALUE\"><block type=\"variables_get\" id=\"+V6Hj.SURhpY3U=+1+_;\"><field name=\"VAR\">elemento</field></block></value></block></xml>', '2020-11-20 16:12:15', '2020-11-20 16:12:15'),
(170, 174, 3, '<xml xmlns=\"http://www.w3.org/1999/xhtml\"><block type=\"variables_set\" id=\"tYfImew2jH,U:FI(nzaS\" x=\"110\" y=\"105\"><field name=\"VAR\">elemento</field><value name=\"VALUE\"><block type=\"variables_get\" id=\"+V6Hj.SURhpY3U=+1+_;\"><field name=\"VAR\">elemento</field></block></value></block></xml>', '2020-11-20 16:12:15', '2020-11-20 16:12:15'),
(171, 175, 1, '<xml xmlns=\"http://www.w3.org/1999/xhtml\"><block type=\"variables_set\" id=\"xgojh86(|NVved%PEeIR\" x=\"220\" y=\"89\"><field name=\"VAR\">elemento</field><value name=\"VALUE\"><block type=\"variables_get\" id=\"xOCqeS=JXJjRiqO?_fkW\"><field name=\"VAR\">elemento</field></block></value></block></xml>', '2020-11-20 16:19:13', '2020-11-20 16:19:13'),
(172, 175, 3, '<xml xmlns=\"http://www.w3.org/1999/xhtml\"><block type=\"variables_set\" id=\"uGVaj0h!*9czW}]5^h]!\" x=\"41\" y=\"63\"><field name=\"VAR\">elemento</field><value name=\"VALUE\"><block type=\"variables_get\" id=\"[i2.6i;^1aFj-]3Abfr0\"><field name=\"VAR\">elemento</field></block></value></block></xml>', '2020-11-20 16:19:35', '2020-11-20 16:19:35'),
(178, 175, 2, '<xml xmlns=\"http://www.w3.org/1999/xhtml\"><block type=\"controls_whileUntil\" id=\"R7JEA}7Vm[2@z|V/(7C1\" x=\"288\" y=\"84\"><field name=\"MODE\">WHILE</field></block></xml>', '2020-12-01 07:17:57', '2020-12-01 07:17:57'),
(182, 176, 1, '<xml xmlns=\"http://www.w3.org/1999/xhtml\"><block type=\"variables_set\" id=\",BoZdIpafFwESV}KcHJp\" x=\"73\" y=\"96\"><field name=\"VAR\">elemento</field><value name=\"VALUE\"><block type=\"variables_get\" id=\"_Qx5NR-IgK/amn}8IVs}\"><field name=\"VAR\">elemento</field></block></value></block></xml>', '2020-12-01 22:28:03', '2020-12-02 01:28:03'),
(183, 176, 2, '<xml xmlns=\"http://www.w3.org/1999/xhtml\"><block type=\"variables_set\" id=\",BoZdIpafFwESV}KcHJp\" x=\"73\" y=\"96\"><field name=\"VAR\">elemento</field><value name=\"VALUE\"><block type=\"variables_get\" id=\"_Qx5NR-IgK/amn}8IVs}\"><field name=\"VAR\">elemento</field></block></value></block></xml>', '2020-12-01 22:28:03', '2020-12-02 01:28:03'),
(184, 176, 3, '<xml xmlns=\"http://www.w3.org/1999/xhtml\"><block type=\"variables_set\" id=\",BoZdIpafFwESV}KcHJp\" x=\"73\" y=\"96\"><field name=\"VAR\">elemento</field><value name=\"VALUE\"><block type=\"variables_get\" id=\"_Qx5NR-IgK/amn}8IVs}\"><field name=\"VAR\">elemento</field></block></value></block></xml>', '2020-12-01 22:28:03', '2020-12-02 01:28:03'),
(185, 178, 1, '<xml xmlns=\"http://www.w3.org/1999/xhtml\"><block type=\"controls_repeat_ext\" id=\"u^_wO[38R(5m7JDLZ-Q4\" x=\"205\" y=\"85\"><value name=\"TIMES\"><shadow type=\"math_number\" id=\"`r3YS+Bc.M/@Rx)?pS5k\"><field name=\"NUM\">10</field></shadow></value><statement name=\"DO\"><block type=\"variables_set\" id=\"EA=iongBomiWOFxWuV0%\"><field name=\"VAR\">elemento</field><value name=\"VALUE\"><block type=\"variables_get\" id=\"O)/gnOW=ZD,{]%QR_w9|\"><field name=\"VAR\">elemento</field></block></value></block></statement></block></xml>', '2020-12-02 01:48:23', '2020-12-02 01:48:23'),
(188, 179, 1, '<xml xmlns=\"http://www.w3.org/1999/xhtml\"><block type=\"controls_repeat_ext\" id=\"O2py9c#ebo|IXJ7mt/?c\" x=\"99\" y=\"44\"><value name=\"TIMES\"><shadow type=\"math_number\" id=\"HgJ4:s)[LZ4#=J+6c4Y%\"><field name=\"NUM\">10</field></shadow></value><statement name=\"DO\"><block type=\"variables_set\" id=\"J-nWkx%[8Q^*ALdgnaF4\"><field name=\"VAR\">elemento</field><value name=\"VALUE\"><block type=\"variables_get\" id=\"Ow9X4kP0L6RgAtWu|S_S\"><field name=\"VAR\">elemento</field></block></value></block></statement></block></xml>', '2020-12-02 02:07:12', '2020-12-02 02:07:12'),
(189, 178, 3, '<xml xmlns=\"http://www.w3.org/1999/xhtml\"><block type=\"variables_get\" id=\"nY1Bp4:Y`v8ZSd_{(mOA\" x=\"355\" y=\"80\"><field name=\"VAR\">elemento</field></block></xml>', '2020-12-02 02:55:07', '2020-12-02 02:55:07'),
(190, 179, 3, '<xml xmlns=\"http://www.w3.org/1999/xhtml\"><block type=\"variables_set\" id=\"LmO*6(K?I1eVvvSE^^LP\" x=\"76\" y=\"103\"><field name=\"VAR\">elemento</field><value name=\"VALUE\"><block type=\"variables_get\" id=\"~2O3KP!)n[^4n:bNpqh*\"><field name=\"VAR\">elemento</field></block></value></block></xml>', '2020-12-02 02:55:18', '2020-12-02 02:55:18'),
(191, 178, 2, '<xml xmlns=\"http://www.w3.org/1999/xhtml\"><block type=\"controls_whileUntil\" id=\"ivB|AZOI1i-tAzeN}?e_\" x=\"124\" y=\"46\"><field name=\"MODE\">WHILE</field><statement name=\"DO\"><block type=\"variables_set\" id=\"JIx%R:gV[AyVTAjG}Wsd\"><field name=\"VAR\">elemento</field><value name=\"VALUE\"><block type=\"variables_get\" id=\"z`V30~#1-fs2N:ff:]I]\"><field name=\"VAR\">elemento</field></block></value></block></statement></block></xml>', '2020-12-02 03:11:13', '2020-12-02 03:11:13'),
(192, 179, 2, '<xml xmlns=\"http://www.w3.org/1999/xhtml\"><block type=\"variables_set\" id=\"OZkxm7le;g*E6JU(DfM9\" x=\"80\" y=\"58\"><field name=\"VAR\">elemento</field><value name=\"VALUE\"><block type=\"variables_get\" id=\"_E:p.tuzAu54?IIw7qXE\"><field name=\"VAR\">elemento</field></block></value></block></xml>', '2020-12-02 03:11:42', '2020-12-02 03:11:42'),
(193, 180, 1, '<xml xmlns=\"http://www.w3.org/1999/xhtml\"><block type=\"variables_set\" id=\"%:`66.|I=942%u9mk~JF\" x=\"309\" y=\"33\"><field name=\"VAR\">elemento</field><value name=\"VALUE\"><block type=\"variables_get\" id=\"YfhM^65lT:^%6?[nk*I,\"><field name=\"VAR\">elemento</field></block></value></block><block type=\"controls_repeat_ext\" id=\"lfcz0QeBb2%#,86fQ,;s\" x=\"225\" y=\"111\"><value name=\"TIMES\"><shadow type=\"math_number\" id=\"Gw=xZnI|)!^SfAm%YRt;\"><field name=\"NUM\">10</field></shadow></value></block></xml>', '2020-12-03 08:01:15', '2020-12-03 11:01:15'),
(194, 180, 2, '<xml xmlns=\"http://www.w3.org/1999/xhtml\"><block type=\"variables_set\" id=\"%:`66.|I=942%u9mk~JF\" x=\"309\" y=\"33\"><field name=\"VAR\">elemento</field><value name=\"VALUE\"><block type=\"variables_get\" id=\"YfhM^65lT:^%6?[nk*I,\"><field name=\"VAR\">elemento</field></block></value></block><block type=\"controls_repeat_ext\" id=\"lfcz0QeBb2%#,86fQ,;s\" x=\"225\" y=\"111\"><value name=\"TIMES\"><shadow type=\"math_number\" id=\"Gw=xZnI|)!^SfAm%YRt;\"><field name=\"NUM\">10</field></shadow></value></block></xml>', '2020-12-03 08:01:15', '2020-12-03 11:01:15'),
(195, 180, 3, '<xml xmlns=\"http://www.w3.org/1999/xhtml\"><block type=\"variables_set\" id=\"%:`66.|I=942%u9mk~JF\" x=\"309\" y=\"33\"><field name=\"VAR\">elemento</field><value name=\"VALUE\"><block type=\"variables_get\" id=\"YfhM^65lT:^%6?[nk*I,\"><field name=\"VAR\">elemento</field></block></value></block><block type=\"controls_repeat_ext\" id=\"lfcz0QeBb2%#,86fQ,;s\" x=\"225\" y=\"111\"><value name=\"TIMES\"><shadow type=\"math_number\" id=\"Gw=xZnI|)!^SfAm%YRt;\"><field name=\"NUM\">10</field></shadow></value></block></xml>', '2020-12-03 08:01:15', '2020-12-03 11:01:15'),
(196, 182, 1, '<xml xmlns=\"http://www.w3.org/1999/xhtml\"><block type=\"controls_whileUntil\" id=\"s{3+o*yyW3HD=0g]5d`u\" x=\"175\" y=\"95\"><field name=\"MODE\">WHILE</field></block></xml>', '2020-12-04 18:59:10', '2020-12-04 18:59:10'),
(197, 182, 3, '<xml xmlns=\"http://www.w3.org/1999/xhtml\"><block type=\"variables_set\" id=\"madM4m4YuR5[YZ~;L@Tt\" x=\"72\" y=\"39\"><field name=\"VAR\">elemento</field><value name=\"VALUE\"><block type=\"variables_get\" id=\"i9~`P4Ll3q47Rj`MxkLZ\"><field name=\"VAR\">elemento</field></block></value></block></xml>', '2020-12-04 18:59:18', '2020-12-04 18:59:18'),
(198, 182, 2, '<xml xmlns=\"http://www.w3.org/1999/xhtml\"><block type=\"variables_set\" id=\"(+CyU,(8oZ]Z^%t7*M}`\" x=\"53\" y=\"89\"><field name=\"VAR\">elemento</field><value name=\"VALUE\"><block type=\"variables_get\" id=\"pTgLlmq.4`]=mDbQe*p[\"><field name=\"VAR\">elemento</field></block></value></block></xml>', '2020-12-04 19:00:15', '2020-12-04 19:00:15'),
(199, 183, 1, '<xml xmlns=\"http://www.w3.org/1999/xhtml\"><block type=\"controls_repeat_ext\" id=\"PY5.*Do0lipUcfiDo5R=\" x=\"143\" y=\"72\"><value name=\"TIMES\"><shadow type=\"math_number\" id=\"mdflPahnbt7N-NhSL1(x\"><field name=\"NUM\">10</field></shadow></value><statement name=\"DO\"><block type=\"variables_set\" id=\"8nrmO|!#e)%};BtItuIs\"><field name=\"VAR\">elemento</field><value name=\"VALUE\"><block type=\"variables_get\" id=\"V6Y*UT%.E@1([M~/0,Zw\"><field name=\"VAR\">elemento</field></block></value></block></statement></block></xml>', '2020-12-04 18:51:33', '2020-12-04 21:51:33'),
(200, 183, 2, '<xml xmlns=\"http://www.w3.org/1999/xhtml\"><block type=\"controls_repeat_ext\" id=\"PY5.*Do0lipUcfiDo5R=\" x=\"143\" y=\"72\"><value name=\"TIMES\"><shadow type=\"math_number\" id=\"mdflPahnbt7N-NhSL1(x\"><field name=\"NUM\">10</field></shadow></value><statement name=\"DO\"><block type=\"variables_set\" id=\"8nrmO|!#e)%};BtItuIs\"><field name=\"VAR\">elemento</field><value name=\"VALUE\"><block type=\"variables_get\" id=\"V6Y*UT%.E@1([M~/0,Zw\"><field name=\"VAR\">elemento</field></block></value></block></statement></block></xml>', '2020-12-04 18:51:33', '2020-12-04 21:51:33'),
(201, 183, 3, '<xml xmlns=\"http://www.w3.org/1999/xhtml\"><block type=\"controls_repeat_ext\" id=\"PY5.*Do0lipUcfiDo5R=\" x=\"143\" y=\"72\"><value name=\"TIMES\"><shadow type=\"math_number\" id=\"mdflPahnbt7N-NhSL1(x\"><field name=\"NUM\">10</field></shadow></value><statement name=\"DO\"><block type=\"variables_set\" id=\"8nrmO|!#e)%};BtItuIs\"><field name=\"VAR\">elemento</field><value name=\"VALUE\"><block type=\"variables_get\" id=\"V6Y*UT%.E@1([M~/0,Zw\"><field name=\"VAR\">elemento</field></block></value></block></statement></block></xml>', '2020-12-04 18:51:33', '2020-12-04 21:51:33'),
(202, 184, 1, '<xml xmlns=\"http://www.w3.org/1999/xhtml\"><block type=\"controls_repeat_ext\" id=\"|~;TzKLQ4[/%L(0fX_Kp\" x=\"104\" y=\"48\"><value name=\"TIMES\"><shadow type=\"math_number\" id=\"fm4=3=2!ZXFi!IJpB0Ku\"><field name=\"NUM\">10</field></shadow></value><statement name=\"DO\"><block type=\"variables_set\" id=\"eBugT{zMuP(9kxL;e++I\"><field name=\"VAR\">elemento</field><value name=\"VALUE\"><block type=\"variables_get\" id=\"fO#JH|a9BeaoE1gsJ~j#\"><field name=\"VAR\">elemento</field></block></value></block></statement></block></xml>', '2020-12-08 04:27:47', '2020-12-08 04:27:47'),
(203, 185, 1, '<xml xmlns=\"http://www.w3.org/1999/xhtml\"><block type=\"variables_set\" id=\"}1U7@W[-sk_a_v2dIw4p\" x=\"51\" y=\"91\"><field name=\"VAR\">elemento</field><value name=\"VALUE\"><block type=\"variables_get\" id=\"(!A/3s%WAx]eC0p;?2i.\"><field name=\"VAR\">elemento</field></block></value></block></xml>', '2020-12-08 04:28:01', '2020-12-08 04:28:01'),
(204, 184, 2, '<xml xmlns=\"http://www.w3.org/1999/xhtml\"><block type=\"variables_set\" id=\"[rRX=@e1Hmw;7J:WBg`s\" x=\"168\" y=\"91\"><field name=\"VAR\">elemento</field><value name=\"VALUE\"><block type=\"variables_get\" id=\"n6!#`XW_)2g/627BwZ~v\"><field name=\"VAR\">elemento</field></block></value></block></xml>', '2020-12-08 05:11:33', '2020-12-08 05:11:33'),
(243, 184, 3, '<xml xmlns=\"http://www.w3.org/1999/xhtml\"><block type=\"variables_set\" id=\"pm1]s-++^B_wVu7S_p;k\" x=\"56\" y=\"55\"><field name=\"VAR\">elemento</field><value name=\"VALUE\"><block type=\"variables_get\" id=\"BOrZ.LLRGFA3%-=ZNb06\"><field name=\"VAR\">elemento</field></block></value></block></xml>', '2020-12-08 19:30:41', '2020-12-08 19:30:41'),
(244, 185, 3, '<xml xmlns=\"http://www.w3.org/1999/xhtml\"><block type=\"variables_set\" id=\"PD5Z1}dJL{7L61pZ@fvP\" x=\"49\" y=\"71\"><field name=\"VAR\">elemento</field><value name=\"VALUE\"><block type=\"variables_get\" id=\"z`eKw]MO6r6^#5,eY7E)\"><field name=\"VAR\">elemento</field></block></value></block></xml>', '2020-12-08 19:30:55', '2020-12-08 19:30:55'),
(245, 185, 2, '<xml xmlns=\"http://www.w3.org/1999/xhtml\"><block type=\"variables_set\" id=\"1^P-nZ/a;!0Gj.W^w]pD\" x=\"26\" y=\"77\"><field name=\"VAR\">elemento</field><value name=\"VALUE\"><block type=\"variables_get\" id=\"U3*hdvNj~~T@,(`^JY9e\"><field name=\"VAR\">elemento</field></block></value></block></xml>', '2020-12-08 19:41:16', '2020-12-08 19:41:16'),
(291, 186, 1, '<xml xmlns=\"http://www.w3.org/1999/xhtml\"><block type=\"variables_set\" id=\"(9d5LawkE{r8[oog)rOW\" x=\"97\" y=\"56\"><field name=\"VAR\">elemento</field><value name=\"VALUE\"><block type=\"variables_get\" id=\"XXZIPO(Lp9;VQweDHfAJ\"><field name=\"VAR\">elemento</field></block></value></block></xml>', '2020-12-08 23:22:08', '2020-12-08 23:22:08'),
(292, 186, 2, '<xml xmlns=\"http://www.w3.org/1999/xhtml\"><block type=\"variables_set\" id=\"(9d5LawkE{r8[oog)rOW\" x=\"97\" y=\"56\"><field name=\"VAR\">elemento</field><value name=\"VALUE\"><block type=\"variables_get\" id=\"XXZIPO(Lp9;VQweDHfAJ\"><field name=\"VAR\">elemento</field></block></value></block></xml>', '2020-12-08 23:22:08', '2020-12-08 23:22:08'),
(293, 186, 3, '<xml xmlns=\"http://www.w3.org/1999/xhtml\"><block type=\"variables_set\" id=\"(9d5LawkE{r8[oog)rOW\" x=\"97\" y=\"56\"><field name=\"VAR\">elemento</field><value name=\"VALUE\"><block type=\"variables_get\" id=\"XXZIPO(Lp9;VQweDHfAJ\"><field name=\"VAR\">elemento</field></block></value></block></xml>', '2020-12-08 23:22:08', '2020-12-08 23:22:08'),
(294, 187, 1, '<xml xmlns=\"http://www.w3.org/1999/xhtml\"><block type=\"variables_set\" id=\"bf9ruiSs6!rc/hi[a681\" x=\"45\" y=\"80\"><field name=\"VAR\">elemento</field><value name=\"VALUE\"><block type=\"variables_get\" id=\"*lSh.CbKC:r+l6]/;)rg\"><field name=\"VAR\">elemento</field></block></value></block></xml>', '2020-12-08 23:33:36', '2020-12-08 23:33:36'),
(295, 187, 2, '<xml xmlns=\"http://www.w3.org/1999/xhtml\"><block type=\"variables_set\" id=\"bf9ruiSs6!rc/hi[a681\" x=\"45\" y=\"80\"><field name=\"VAR\">elemento</field><value name=\"VALUE\"><block type=\"variables_get\" id=\"*lSh.CbKC:r+l6]/;)rg\"><field name=\"VAR\">elemento</field></block></value></block></xml>', '2020-12-08 23:33:36', '2020-12-08 23:33:36'),
(296, 187, 3, '<xml xmlns=\"http://www.w3.org/1999/xhtml\"><block type=\"variables_set\" id=\"bf9ruiSs6!rc/hi[a681\" x=\"45\" y=\"80\"><field name=\"VAR\">elemento</field><value name=\"VALUE\"><block type=\"variables_get\" id=\"*lSh.CbKC:r+l6]/;)rg\"><field name=\"VAR\">elemento</field></block></value></block></xml>', '2020-12-08 23:33:36', '2020-12-08 23:33:36'),
(297, 188, 1, '<xml xmlns=\"http://www.w3.org/1999/xhtml\"><block type=\"variables_set\" id=\"!2])1Ng+i~+#!:XBjOa}\" x=\"39\" y=\"74\"><field name=\"VAR\">elemento</field><value name=\"VALUE\"><block type=\"variables_get\" id=\"#e7c1(fK52^aS1BRC}9J\"><field name=\"VAR\">elemento</field></block></value></block></xml>', '2020-12-08 23:36:44', '2020-12-08 23:36:44'),
(298, 189, 1, '<xml xmlns=\"http://www.w3.org/1999/xhtml\"><block type=\"variables_set\" id=\"(a7T(_@7cX0~e[sPIu9E\" x=\"27\" y=\"60\"><field name=\"VAR\">elemento</field><value name=\"VALUE\"><block type=\"variables_get\" id=\"{XLrC}uxGEi+|7sK|vJN\"><field name=\"VAR\">elemento</field></block></value></block></xml>', '2020-12-08 23:36:59', '2020-12-08 23:36:59'),
(299, 188, 3, '<xml xmlns=\"http://www.w3.org/1999/xhtml\"><block type=\"controls_if\" id=\"6NOb||[_OyY!]F(P:qo|\" x=\"20\" y=\"67\"><statement name=\"DO0\"><block type=\"variables_set\" id=\"cK;3dhL|q@5kn]TKZ8N4\"><field name=\"VAR\">elemento</field><value name=\"VALUE\"><block type=\"variables_get\" id=\"*T)I=b0ITrkU[}yT+av3\"><field name=\"VAR\">elemento</field></block></value></block></statement></block></xml>', '2020-12-08 23:37:18', '2020-12-08 23:37:18'),
(300, 188, 2, '<xml xmlns=\"http://www.w3.org/1999/xhtml\"><block type=\"controls_if\" id=\"oZxNWV-fLp^(E-k;9ql`\" x=\"116\" y=\"77\"><statement name=\"DO0\"><block type=\"variables_set\" id=\"hPk5EM!clBl6rZ,Y!^;/\"><field name=\"VAR\">elemento</field><value name=\"VALUE\"><block type=\"variables_get\" id=\"~h[%vr|ymD:V4)niIeZ@\"><field name=\"VAR\">elemento</field></block></value></block></statement></block></xml>', '2020-12-08 23:37:31', '2020-12-08 23:37:31'),
(301, 189, 2, '<xml xmlns=\"http://www.w3.org/1999/xhtml\"><block type=\"variables_set\" id=\"W{I!g_Bm4clx:%6.+^1B\" x=\"106\" y=\"111\"><field name=\"VAR\">elemento</field><value name=\"VALUE\"><block type=\"variables_get\" id=\"UQzty!qa,*503!MQ=CBP\"><field name=\"VAR\">elemento</field></block></value></block></xml>', '2020-12-08 23:37:39', '2020-12-08 23:37:39'),
(302, 189, 3, '<xml xmlns=\"http://www.w3.org/1999/xhtml\"><block type=\"controls_if\" id=\"VkR/qFS@t50ZPdv3TD9P\" x=\"-10\" y=\"-2\"><statement name=\"DO0\"><block type=\"controls_repeat_ext\" id=\"!?uf[a,t,B,N3A4)}|li\"><value name=\"TIMES\"><shadow type=\"math_number\" id=\"WJpT!Zx/}|O;V_wabG/R\"><field name=\"NUM\">10</field></shadow></value><statement name=\"DO\"><block type=\"variables_set\" id=\"Gw(mS8zHgAp:F*Ia=ph_\"><field name=\"VAR\">elemento</field><value name=\"VALUE\"><block type=\"variables_get\" id=\"leY-vN)#cF{Q1]tB)Ov+\"><field name=\"VAR\">elemento</field></block></value></block></statement></block></statement></block></xml>', '2020-12-08 23:38:08', '2020-12-08 23:38:08'),
(303, 190, 1, '<xml xmlns=\"http://www.w3.org/1999/xhtml\"><block type=\"variables_set\" id=\"d~Thpqs:Pq_P+:ud~{QJ\" x=\"46\" y=\"82\"><field name=\"VAR\">elemento</field><value name=\"VALUE\"><block type=\"variables_get\" id=\"qF2W,U!S#Gyg{#MBU3(F\"><field name=\"VAR\">elemento</field></block></value></block></xml>', '2020-12-08 23:38:40', '2020-12-08 23:38:40'),
(304, 190, 2, '<xml xmlns=\"http://www.w3.org/1999/xhtml\"><block type=\"variables_set\" id=\"d~Thpqs:Pq_P+:ud~{QJ\" x=\"46\" y=\"82\"><field name=\"VAR\">elemento</field><value name=\"VALUE\"><block type=\"variables_get\" id=\"qF2W,U!S#Gyg{#MBU3(F\"><field name=\"VAR\">elemento</field></block></value></block></xml>', '2020-12-08 23:38:40', '2020-12-08 23:38:40'),
(305, 190, 3, '<xml xmlns=\"http://www.w3.org/1999/xhtml\"><block type=\"variables_set\" id=\"d~Thpqs:Pq_P+:ud~{QJ\" x=\"46\" y=\"82\"><field name=\"VAR\">elemento</field><value name=\"VALUE\"><block type=\"variables_get\" id=\"qF2W,U!S#Gyg{#MBU3(F\"><field name=\"VAR\">elemento</field></block></value></block></xml>', '2020-12-08 23:38:40', '2020-12-08 23:38:40'),
(306, 192, 1, '<xml xmlns=\"http://www.w3.org/1999/xhtml\"><block type=\"variables_set\" id=\"K47cVQ2hdIN:wr`}vvhu\" x=\"38\" y=\"74\"><field name=\"VAR\">elemento</field><value name=\"VALUE\"><block type=\"variables_get\" id=\"y?vR2L:Lwp[f)!M*.l~8\"><field name=\"VAR\">elemento</field></block></value></block></xml>', '2020-12-08 23:39:58', '2020-12-08 23:39:58'),
(307, 192, 2, '<xml xmlns=\"http://www.w3.org/1999/xhtml\"><block type=\"variables_set\" id=\"K47cVQ2hdIN:wr`}vvhu\" x=\"38\" y=\"74\"><field name=\"VAR\">elemento</field><value name=\"VALUE\"><block type=\"variables_get\" id=\"y?vR2L:Lwp[f)!M*.l~8\"><field name=\"VAR\">elemento</field></block></value></block></xml>', '2020-12-08 23:39:58', '2020-12-08 23:39:58'),
(308, 192, 3, '<xml xmlns=\"http://www.w3.org/1999/xhtml\"><block type=\"variables_set\" id=\"K47cVQ2hdIN:wr`}vvhu\" x=\"38\" y=\"74\"><field name=\"VAR\">elemento</field><value name=\"VALUE\"><block type=\"variables_get\" id=\"y?vR2L:Lwp[f)!M*.l~8\"><field name=\"VAR\">elemento</field></block></value></block></xml>', '2020-12-08 23:39:58', '2020-12-08 23:39:58'),
(309, 191, 1, '<xml xmlns=\"http://www.w3.org/1999/xhtml\"><block type=\"variables_set\" id=\"52RmsN=r,2::F*e~Qzp4\" x=\"38\" y=\"78\"><field name=\"VAR\">elemento</field><value name=\"VALUE\"><block type=\"variables_get\" id=\"eVc=JJ,YQFk{MudO9y,B\"><field name=\"VAR\">elemento</field></block></value></block></xml>', '2020-12-08 23:41:21', '2020-12-08 23:41:21'),
(310, 191, 2, '<xml xmlns=\"http://www.w3.org/1999/xhtml\"><block type=\"variables_set\" id=\"52RmsN=r,2::F*e~Qzp4\" x=\"38\" y=\"78\"><field name=\"VAR\">elemento</field><value name=\"VALUE\"><block type=\"variables_get\" id=\"eVc=JJ,YQFk{MudO9y,B\"><field name=\"VAR\">elemento</field></block></value></block></xml>', '2020-12-08 23:41:21', '2020-12-08 23:41:21'),
(311, 191, 3, '<xml xmlns=\"http://www.w3.org/1999/xhtml\"><block type=\"variables_set\" id=\"52RmsN=r,2::F*e~Qzp4\" x=\"38\" y=\"78\"><field name=\"VAR\">elemento</field><value name=\"VALUE\"><block type=\"variables_get\" id=\"eVc=JJ,YQFk{MudO9y,B\"><field name=\"VAR\">elemento</field></block></value></block></xml>', '2020-12-08 23:41:21', '2020-12-08 23:41:21'),
(312, 193, 1, '<xml xmlns=\"http://www.w3.org/1999/xhtml\"><block type=\"controls_repeat_ext\" id=\"7N97I)S9,ABv0|-!?#|d\" x=\"1\" y=\"86\"><value name=\"TIMES\"><shadow type=\"math_number\" id=\"Jz=DKwy9+NX#PEX7+#ZB\"><field name=\"NUM\">10</field></shadow></value><statement name=\"DO\"><block type=\"variables_set\" id=\"cL1p=L[hb#oDH^CG=wqE\"><field name=\"VAR\">elemento</field><value name=\"VALUE\"><block type=\"variables_get\" id=\"h;)Q-cMZq)@;+/gDy*/I\"><field name=\"VAR\">elemento</field></block></value></block></statement></block></xml>', '2020-12-08 23:42:13', '2020-12-08 23:42:13'),
(313, 193, 2, '<xml xmlns=\"http://www.w3.org/1999/xhtml\"><block type=\"controls_repeat_ext\" id=\"7N97I)S9,ABv0|-!?#|d\" x=\"1\" y=\"86\"><value name=\"TIMES\"><shadow type=\"math_number\" id=\"Jz=DKwy9+NX#PEX7+#ZB\"><field name=\"NUM\">10</field></shadow></value><statement name=\"DO\"><block type=\"variables_set\" id=\"cL1p=L[hb#oDH^CG=wqE\"><field name=\"VAR\">elemento</field><value name=\"VALUE\"><block type=\"variables_get\" id=\"h;)Q-cMZq)@;+/gDy*/I\"><field name=\"VAR\">elemento</field></block></value></block></statement></block></xml>', '2020-12-08 23:42:13', '2020-12-08 23:42:13'),
(314, 193, 3, '<xml xmlns=\"http://www.w3.org/1999/xhtml\"><block type=\"controls_repeat_ext\" id=\"7N97I)S9,ABv0|-!?#|d\" x=\"1\" y=\"86\"><value name=\"TIMES\"><shadow type=\"math_number\" id=\"Jz=DKwy9+NX#PEX7+#ZB\"><field name=\"NUM\">10</field></shadow></value><statement name=\"DO\"><block type=\"variables_set\" id=\"cL1p=L[hb#oDH^CG=wqE\"><field name=\"VAR\">elemento</field><value name=\"VALUE\"><block type=\"variables_get\" id=\"h;)Q-cMZq)@;+/gDy*/I\"><field name=\"VAR\">elemento</field></block></value></block></statement></block></xml>', '2020-12-08 23:42:13', '2020-12-08 23:42:13'),
(315, 194, 1, '<xml xmlns=\"http://www.w3.org/1999/xhtml\"><block type=\"variables_set\" id=\"JR_H,y8Em3SI1^LC5m/a\" x=\"25\" y=\"98\"><field name=\"VAR\">elemento</field><value name=\"VALUE\"><block type=\"variables_get\" id=\"coMV?,6VC,a^21_+}aig\"><field name=\"VAR\">elemento</field></block></value></block></xml>', '2020-12-08 23:42:53', '2020-12-08 23:42:53'),
(316, 194, 3, '<xml xmlns=\"http://www.w3.org/1999/xhtml\"><block type=\"variables_set\" id=\"F|Z}u`(UsS{X^Pzb@nEF\" x=\"15\" y=\"82\"><field name=\"VAR\">elemento</field><value name=\"VALUE\"><block type=\"variables_get\" id=\".*~ych)S~48HvL.A.0M2\"><field name=\"VAR\">elemento</field></block></value></block></xml>', '2020-12-08 23:43:02', '2020-12-08 23:43:02'),
(317, 194, 2, '<xml xmlns=\"http://www.w3.org/1999/xhtml\"><block type=\"variables_set\" id=\"Tr/Z8Gd}CQ%OmM`@}NpP\" x=\"43\" y=\"112\"><field name=\"VAR\">elemento</field><value name=\"VALUE\"><block type=\"variables_get\" id=\"t.m(1tuD[vEszgc1^q?^\"><field name=\"VAR\">elemento</field></block></value></block></xml>', '2020-12-08 23:43:06', '2020-12-08 23:43:06'),
(318, 195, 1, '<xml xmlns=\"http://www.w3.org/1999/xhtml\"><block type=\"controls_if\" id=\"vA3c56:1+LBZX#t{[.hx\" x=\"77\" y=\"66\"><statement name=\"DO0\"><block type=\"variables_set\" id=\"HA6fE{OW#QJsngEsp}nu\"><field name=\"VAR\">elemento</field><value name=\"VALUE\"><block type=\"variables_get\" id=\"Px}*rp*./-ST-d~uYBb8\"><field name=\"VAR\">elemento</field></block></value></block></statement></block></xml>', '2020-12-09 04:09:10', '2020-12-09 04:09:10'),
(319, 195, 2, '<xml xmlns=\"http://www.w3.org/1999/xhtml\"><block type=\"controls_if\" id=\"vA3c56:1+LBZX#t{[.hx\" x=\"77\" y=\"66\"><statement name=\"DO0\"><block type=\"variables_set\" id=\"HA6fE{OW#QJsngEsp}nu\"><field name=\"VAR\">elemento</field><value name=\"VALUE\"><block type=\"variables_get\" id=\"Px}*rp*./-ST-d~uYBb8\"><field name=\"VAR\">elemento</field></block></value></block></statement></block></xml>', '2020-12-09 04:09:10', '2020-12-09 04:09:10'),
(320, 195, 3, '<xml xmlns=\"http://www.w3.org/1999/xhtml\"><block type=\"controls_if\" id=\"vA3c56:1+LBZX#t{[.hx\" x=\"77\" y=\"66\"><statement name=\"DO0\"><block type=\"variables_set\" id=\"HA6fE{OW#QJsngEsp}nu\"><field name=\"VAR\">elemento</field><value name=\"VALUE\"><block type=\"variables_get\" id=\"Px}*rp*./-ST-d~uYBb8\"><field name=\"VAR\">elemento</field></block></value></block></statement></block></xml>', '2020-12-09 04:09:10', '2020-12-09 04:09:10'),
(321, 196, 3, '<xml xmlns=\"http://www.w3.org/1999/xhtml\"><block type=\"controls_repeat_ext\" id=\"OOy_1eZ0ymXom?A#Qc-m\" x=\"97\" y=\"60\"><value name=\"TIMES\"><shadow type=\"math_number\" id=\"_^#E3r*Fn5%_21(KaKLr\"><field name=\"NUM\">10</field></shadow></value></block></xml>', '2020-12-09 04:09:48', '2020-12-09 04:09:48'),
(322, 197, 3, '<xml xmlns=\"http://www.w3.org/1999/xhtml\"><block type=\"controls_if\" id=\"Y-2oqB9bc3Ek^G9kpi+*\" x=\"31\" y=\"31\"><statement name=\"DO0\"><block type=\"variables_set\" id=\":TI|+gGO5A/p|O#f-wQC\"><field name=\"VAR\">elemento</field><value name=\"VALUE\"><block type=\"variables_get\" id=\"eP8.})cT-M3y{9GS#V(V\"><field name=\"VAR\">elemento</field></block></value></block></statement></block></xml>', '2020-12-09 04:10:07', '2020-12-09 04:10:07'),
(323, 196, 2, '<xml xmlns=\"http://www.w3.org/1999/xhtml\"><block type=\"variables_set\" id=\"b6xFN[nKX%W!@B(}UBqj\" x=\"125\" y=\"82\"><field name=\"VAR\">elemento</field><value name=\"VALUE\"><block type=\"variables_get\" id=\"brAEt6-y=wB]aF_;Y{YG\"><field name=\"VAR\">elemento</field></block></value></block></xml>', '2020-12-09 04:12:05', '2020-12-09 04:12:05'),
(324, 197, 2, '<xml xmlns=\"http://www.w3.org/1999/xhtml\"><block type=\"variables_set\" id=\"cbuUg9V(t7m/*R1-q(S;\" x=\"94\" y=\"71\"><field name=\"VAR\">elemento</field><value name=\"VALUE\"><block type=\"variables_get\" id=\",*NqCd~Qs/%Oy,HZ%{Od\"><field name=\"VAR\">elemento</field></block></value></block></xml>', '2020-12-09 04:12:18', '2020-12-09 04:12:18'),
(325, 205, 1, '<xml xmlns=\"http://www.w3.org/1999/xhtml\"><block type=\"variables_set\" id=\"`,,x?JXwF2`RBvKV?~EG\" x=\"77\" y=\"36\"><field name=\"VAR\">elemento</field><value name=\"VALUE\"><block type=\"variables_get\" id=\"5DvClq_wR^}bxBw]0wrp\"><field name=\"VAR\">elemento</field></block></value></block></xml>', '2020-12-09 04:20:41', '2020-12-09 04:20:41'),
(326, 205, 3, '<xml xmlns=\"http://www.w3.org/1999/xhtml\"><block type=\"controls_if\" id=\"#e0SefAgupRt7MqTxoX@\" x=\"-2\" y=\"16\"><statement name=\"DO0\"><block type=\"variables_set\" id=\"ZgPe~lR.bp!vSTX)vb[5\"><field name=\"VAR\">elemento</field><value name=\"VALUE\"><block type=\"variables_get\" id=\"5AyH!rQ~6=d?^*)hl?t`\"><field name=\"VAR\">elemento</field></block></value></block></statement></block></xml>', '2020-12-09 04:20:59', '2020-12-09 04:20:59'),
(327, 205, 2, '<xml xmlns=\"http://www.w3.org/1999/xhtml\"><block type=\"controls_if\" id=\"KOT0qE9/~kq~*iz*UOvC\" x=\"95\" y=\"64\"></block></xml>', '2020-12-09 04:21:46', '2020-12-09 04:21:46'),
(328, 207, 1, '<xml xmlns=\"http://www.w3.org/1999/xhtml\"><block type=\"controls_if\" id=\"|{H:%TA6w4JtG|4B9eHV\" x=\"96\" y=\"73\"><statement name=\"DO0\"><block type=\"controls_repeat_ext\" id=\"(W+R}~xS3@QD6yHtOtb^\"><value name=\"TIMES\"><shadow type=\"math_number\" id=\",B%C)L{kA3iv:QUm(Q-?\"><field name=\"NUM\">10</field></shadow></value><statement name=\"DO\"><block type=\"variables_set\" id=\"#Pr0jmh6fbiT;JoaiAA(\"><field name=\"VAR\">elemento</field><value name=\"VALUE\"><block type=\"variables_get\" id=\"XsUF:+:h:biUoBBlu89P\"><field name=\"VAR\">elemento</field></block></value></block></statement><next><block type=\"text_console\" id=\"0PY/dUJAWP9q=JMLr@gd\"><value name=\"CONSOLE\"><block type=\"text\" id=\"nU.D:hBnkMh/vKRt^wOB\"><field name=\"TEXT\">Hola</field></block></value></block></next></block></statement></block></xml>', '2020-12-09 04:23:39', '2020-12-09 04:23:39'),
(329, 207, 2, '<xml xmlns=\"http://www.w3.org/1999/xhtml\"><block type=\"controls_if\" id=\"|{H:%TA6w4JtG|4B9eHV\" x=\"96\" y=\"73\"><statement name=\"DO0\"><block type=\"controls_repeat_ext\" id=\"(W+R}~xS3@QD6yHtOtb^\"><value name=\"TIMES\"><shadow type=\"math_number\" id=\",B%C)L{kA3iv:QUm(Q-?\"><field name=\"NUM\">10</field></shadow></value><statement name=\"DO\"><block type=\"variables_set\" id=\"#Pr0jmh6fbiT;JoaiAA(\"><field name=\"VAR\">elemento</field><value name=\"VALUE\"><block type=\"variables_get\" id=\"XsUF:+:h:biUoBBlu89P\"><field name=\"VAR\">elemento</field></block></value></block></statement><next><block type=\"text_console\" id=\"0PY/dUJAWP9q=JMLr@gd\"><value name=\"CONSOLE\"><block type=\"text\" id=\"nU.D:hBnkMh/vKRt^wOB\"><field name=\"TEXT\">Hola</field></block></value></block></next></block></statement></block></xml>', '2020-12-09 04:23:39', '2020-12-09 04:23:39'),
(330, 207, 3, '<xml xmlns=\"http://www.w3.org/1999/xhtml\"><block type=\"controls_if\" id=\"|{H:%TA6w4JtG|4B9eHV\" x=\"96\" y=\"73\"><statement name=\"DO0\"><block type=\"controls_repeat_ext\" id=\"(W+R}~xS3@QD6yHtOtb^\"><value name=\"TIMES\"><shadow type=\"math_number\" id=\",B%C)L{kA3iv:QUm(Q-?\"><field name=\"NUM\">10</field></shadow></value><statement name=\"DO\"><block type=\"variables_set\" id=\"#Pr0jmh6fbiT;JoaiAA(\"><field name=\"VAR\">elemento</field><value name=\"VALUE\"><block type=\"variables_get\" id=\"XsUF:+:h:biUoBBlu89P\"><field name=\"VAR\">elemento</field></block></value></block></statement><next><block type=\"text_console\" id=\"0PY/dUJAWP9q=JMLr@gd\"><value name=\"CONSOLE\"><block type=\"text\" id=\"nU.D:hBnkMh/vKRt^wOB\"><field name=\"TEXT\">Hola</field></block></value></block></next></block></statement></block></xml>', '2020-12-09 04:23:39', '2020-12-09 04:23:39'),
(331, 209, 1, '<xml xmlns=\"http://www.w3.org/1999/xhtml\"><block type=\"variables_set\" id=\"KcI=Jc[VRR:2Ff1y%.7Z\" x=\"73\" y=\"105\"><field name=\"VAR\">elemento</field><value name=\"VALUE\"><block type=\"variables_get\" id=\"U.}eDT|?/1FL;Ca@Yv_;\"><field name=\"VAR\">elemento</field></block></value></block></xml>', '2020-12-09 04:25:23', '2020-12-09 04:25:23'),
(332, 209, 2, '<xml xmlns=\"http://www.w3.org/1999/xhtml\"><block type=\"variables_set\" id=\"KcI=Jc[VRR:2Ff1y%.7Z\" x=\"73\" y=\"105\"><field name=\"VAR\">elemento</field><value name=\"VALUE\"><block type=\"variables_get\" id=\"U.}eDT|?/1FL;Ca@Yv_;\"><field name=\"VAR\">elemento</field></block></value></block></xml>', '2020-12-09 04:25:23', '2020-12-09 04:25:23'),
(333, 209, 3, '<xml xmlns=\"http://www.w3.org/1999/xhtml\"><block type=\"variables_set\" id=\"KcI=Jc[VRR:2Ff1y%.7Z\" x=\"73\" y=\"105\"><field name=\"VAR\">elemento</field><value name=\"VALUE\"><block type=\"variables_get\" id=\"U.}eDT|?/1FL;Ca@Yv_;\"><field name=\"VAR\">elemento</field></block></value></block></xml>', '2020-12-09 04:25:23', '2020-12-09 04:25:23'),
(334, 210, 2, '<xml xmlns=\"http://www.w3.org/1999/xhtml\"><block type=\"variables_set\" id=\"v/{*l6c%o.`C-D,yot5A\" x=\"-74\" y=\"94\"><field name=\"VAR\">elemento</field><value name=\"VALUE\"><block type=\"variables_get\" id=\"M6axar{:FH6|lVgn7RPo\"><field name=\"VAR\">elemento</field></block></value></block></xml>', '2020-12-09 04:27:01', '2020-12-09 04:27:01'),
(335, 210, 1, '<xml xmlns=\"http://www.w3.org/1999/xhtml\"><block type=\"variables_set\" id=\"6zm)%}fQ`S9l2_n^0*}8\" x=\"91\" y=\"53\"><field name=\"VAR\">elemento</field><value name=\"VALUE\"><block type=\"variables_get\" id=\"~=|t/i{r5sna~m2rafID\"><field name=\"VAR\">elemento</field></block></value></block></xml>', '2020-12-09 04:27:15', '2020-12-09 04:27:15'),
(336, 210, 3, '<xml xmlns=\"http://www.w3.org/1999/xhtml\"><block type=\"variables_set\" id=\"bp#Rhfn=UJwO)9ch!HRQ\" x=\"38\" y=\"67\"><field name=\"VAR\">elemento</field><value name=\"VALUE\"><block type=\"variables_get\" id=\"o`01yjOR!zQuSXQW7`/V\"><field name=\"VAR\">elemento</field></block></value></block></xml>', '2020-12-09 04:27:26', '2020-12-09 04:27:26'),
(337, 212, 1, '<xml xmlns=\"http://www.w3.org/1999/xhtml\"><block type=\"variables_set\" id=\"n@iIOSA(@:*q62y90ERO\" x=\"64\" y=\"52\"><field name=\"VAR\">elemento</field><value name=\"VALUE\"><block type=\"variables_get\" id=\"8~b*0M:5R;)Srbeor;h3\"><field name=\"VAR\">elemento</field></block></value></block></xml>', '2020-12-09 04:27:57', '2020-12-09 04:27:57'),
(338, 212, 2, '<xml xmlns=\"http://www.w3.org/1999/xhtml\"><block type=\"variables_set\" id=\"n@iIOSA(@:*q62y90ERO\" x=\"64\" y=\"52\"><field name=\"VAR\">elemento</field><value name=\"VALUE\"><block type=\"variables_get\" id=\"8~b*0M:5R;)Srbeor;h3\"><field name=\"VAR\">elemento</field></block></value></block></xml>', '2020-12-09 04:27:58', '2020-12-09 04:27:58'),
(339, 212, 3, '<xml xmlns=\"http://www.w3.org/1999/xhtml\"><block type=\"variables_set\" id=\"n@iIOSA(@:*q62y90ERO\" x=\"64\" y=\"52\"><field name=\"VAR\">elemento</field><value name=\"VALUE\"><block type=\"variables_get\" id=\"8~b*0M:5R;)Srbeor;h3\"><field name=\"VAR\">elemento</field></block></value></block></xml>', '2020-12-09 04:27:58', '2020-12-09 04:27:58'),
(345, 213, 1, '<xml xmlns=\"http://www.w3.org/1999/xhtml\"><block type=\"variables_set\" id=\"ba!]^L]qfwLbNer|3o]q\" x=\"49\" y=\"41\"><field name=\"VAR\">elemento</field><value name=\"VALUE\"><block type=\"variables_get\" id=\"J6`O1umq1Cai1?Z@.Zh9\"><field name=\"VAR\">elemento</field></block></value></block></xml>', '2020-12-10 02:23:49', '2020-12-10 02:23:49'),
(347, 213, 3, '<xml xmlns=\"http://www.w3.org/1999/xhtml\"><block type=\"variables_set\" id=\"~_L+k=fTnq{n=S_C;yFo\" x=\"66\" y=\"46\"><field name=\"VAR\">elemento</field><value name=\"VALUE\"><block type=\"variables_get\" id=\"(iTH:o^8?bbNJG7:EZT_\"><field name=\"VAR\">elemento</field></block></value></block></xml>', '2020-12-10 02:25:52', '2020-12-10 02:25:52'),
(348, 213, 2, '<xml xmlns=\"http://www.w3.org/1999/xhtml\"><block type=\"variables_set\" id=\"So%;U7FIPw@ZB@h]%2_O\" x=\"44\" y=\"68\"><field name=\"VAR\">elemento</field><value name=\"VALUE\"><block type=\"variables_get\" id=\"ErCn9Er#UPl`KEDioYCl\"><field name=\"VAR\">elemento</field></block></value></block></xml>', '2020-12-10 02:29:02', '2020-12-10 02:29:02'),
(349, 214, 1, '<xml xmlns=\"http://www.w3.org/1999/xhtml\"><block type=\"variables_set\" id=\"gi]ykQi`}ToV{lCQ`A}s\" x=\"-57\" y=\"84\"><field name=\"VAR\">elemento</field><value name=\"VALUE\"><block type=\"variables_get\" id=\"}_R[+9Io_JV9TLI:{ttp\"><field name=\"VAR\">elemento</field></block></value></block></xml>', '2020-12-09 23:30:04', '2020-12-10 02:30:04'),
(350, 214, 2, '<xml xmlns=\"http://www.w3.org/1999/xhtml\"><block type=\"variables_set\" id=\"gi]ykQi`}ToV{lCQ`A}s\" x=\"-57\" y=\"84\"><field name=\"VAR\">elemento</field><value name=\"VALUE\"><block type=\"variables_get\" id=\"}_R[+9Io_JV9TLI:{ttp\"><field name=\"VAR\">elemento</field></block></value></block></xml>', '2020-12-09 23:30:04', '2020-12-10 02:30:04'),
(351, 214, 3, '<xml xmlns=\"http://www.w3.org/1999/xhtml\"><block type=\"variables_set\" id=\"gi]ykQi`}ToV{lCQ`A}s\" x=\"-57\" y=\"84\"><field name=\"VAR\">elemento</field><value name=\"VALUE\"><block type=\"variables_get\" id=\"}_R[+9Io_JV9TLI:{ttp\"><field name=\"VAR\">elemento</field></block></value></block></xml>', '2020-12-09 23:30:04', '2020-12-10 02:30:04'),
(352, 215, 1, '<xml xmlns=\"http://www.w3.org/1999/xhtml\"><block type=\"variables_set\" id=\"L3,-6%Ply,Gc[.jYh!_O\" x=\"57\" y=\"39\"><field name=\"VAR\">elemento</field><value name=\"VALUE\"><block type=\"variables_get\" id=\"{Rb4?PNQ[!i9%Z0vP}NK\"><field name=\"VAR\">elemento</field></block></value></block></xml>', '2020-12-10 02:35:37', '2020-12-10 02:35:37'),
(353, 215, 2, '<xml xmlns=\"http://www.w3.org/1999/xhtml\"><block type=\"variables_set\" id=\"{Q-Y^l{_CFJYF]6fVsSI\" x=\"71\" y=\"57\"><field name=\"VAR\">elemento</field><value name=\"VALUE\"><block type=\"variables_get\" id=\"l+8s_3C{N(j!o,pVp~d|\"><field name=\"VAR\">elemento</field></block></value></block></xml>', '2020-12-10 02:35:53', '2020-12-10 02:35:53'),
(354, 215, 3, '<xml xmlns=\"http://www.w3.org/1999/xhtml\"><block type=\"logic_compare\" id=\"PGyd*7SY8%GEO]wSr;H:\" x=\"9\" y=\"4\"><field name=\"OP\">EQ</field></block><block type=\"controls_if\" id=\"wBm}j1Vh0*aK~!.oiHhu\" x=\"68\" y=\"75\"></block></xml>', '2020-12-10 02:36:19', '2020-12-10 02:36:19');
INSERT INTO `blockly_activity_answers` (`id`, `activity_id`, `student_id`, `value`, `created_at`, `updated_at`) VALUES
(557, 218, 2, '<xml xmlns=\"http://www.w3.org/1999/xhtml\"><block type=\"controls_if\" id=\"rCUas3gM_7A297G[.9up\" x=\"64\" y=\"44\"><statement name=\"DO0\"><block type=\"variables_set\" id=\".v[o_HodylO;G~%q~uBv\"><field name=\"VAR\">elemento</field><value name=\"VALUE\"><block type=\"variables_get\" id=\"ld.Z1svm=bkZ.{Ej%:dw\"><field name=\"VAR\">elemento</field></block></value></block></statement></block></xml>', '2021-07-19 17:52:55', '2021-07-19 17:52:55'),
(558, 218, 1, '<xml xmlns=\"http://www.w3.org/1999/xhtml\"><block type=\"controls_if\" id=\"+4AB~(_^gBNg3Bg#o7)2\" x=\"156\" y=\"38\"></block></xml>', '2021-07-19 17:54:40', '2021-07-19 17:54:40');

-- --------------------------------------------------------

--
-- Estructura de tabla para la tabla `califications`
--

CREATE TABLE `califications` (
  `id` int(10) UNSIGNED NOT NULL,
  `student_id` int(10) UNSIGNED NOT NULL,
  `answere_id` int(10) UNSIGNED NOT NULL,
  `activity_id` int(10) UNSIGNED NOT NULL,
  `score` int(5) UNSIGNED NOT NULL,
  `created_at` timestamp NOT NULL DEFAULT current_timestamp() ON UPDATE current_timestamp(),
  `updated_at` timestamp NOT NULL DEFAULT '0000-00-00 00:00:00'
) ENGINE=InnoDB DEFAULT CHARSET=latin1;

--
-- Volcado de datos para la tabla `califications`
--

INSERT INTO `califications` (`id`, `student_id`, `answere_id`, `activity_id`, `score`, `created_at`, `updated_at`) VALUES
(8, 2, 13, 1, 100, '2016-11-11 02:48:51', '2016-10-20 06:58:19'),
(9, 2, 14, 2, 100, '2016-11-11 02:48:55', '2016-10-20 06:58:35'),
(10, 2, 15, 3, 0, '2016-11-11 02:49:00', '2016-10-20 07:00:02'),
(11, 2, 16, 7, 100, '2016-11-11 02:49:05', '2016-10-20 07:28:53'),
(12, 2, 17, 9, 100, '2016-11-11 02:49:09', '2016-10-20 07:35:01'),
(13, 2, 18, 10, 60, '2016-11-11 02:48:32', '2016-10-20 07:35:23'),
(14, 2, 19, 11, 100, '2016-11-11 02:48:26', '2016-10-20 07:35:33'),
(15, 1, 10, 9, 100, '2016-11-11 02:48:20', '2016-10-25 03:17:46'),
(16, 1, 6, 1, 100, '2016-11-11 02:48:15', '2016-10-25 09:16:59'),
(17, 1, 2, 2, 100, '2016-11-11 02:48:05', '2016-10-25 09:17:38'),
(18, 1, 7, 3, 77, '2016-11-29 02:19:41', '2016-11-29 05:19:41'),
(19, 1, 1, 4, 100, '2016-11-29 01:53:58', '2016-11-29 04:53:58'),
(20, 1, 20, 5, 100, '2016-11-11 02:47:36', '2016-10-25 09:23:33'),
(21, 3, 21, 1, 100, '2016-11-11 09:26:58', '2016-11-11 09:26:58'),
(22, 1, 22, 6, 100, '2016-11-29 02:21:20', '2016-11-29 05:21:20'),
(23, 1, 8, 7, 0, '2016-11-29 05:21:30', '2016-11-29 05:21:30');

-- --------------------------------------------------------

--
-- Estructura de tabla para la tabla `courses`
--

CREATE TABLE `courses` (
  `id` int(10) UNSIGNED NOT NULL,
  `code` varchar(30) NOT NULL,
  `name` varchar(60) NOT NULL,
  `created_at` timestamp NOT NULL DEFAULT current_timestamp() ON UPDATE current_timestamp(),
  `updated_at` timestamp NOT NULL DEFAULT current_timestamp(),
  `n_student` int(10) DEFAULT NULL
) ENGINE=InnoDB DEFAULT CHARSET=latin1;

--
-- Volcado de datos para la tabla `courses`
--

INSERT INTO `courses` (`id`, `code`, `name`, `created_at`, `updated_at`, `n_student`) VALUES
(1, 'StDominic', 'Colegio Saint Dominic', '2020-11-20 00:22:18', '2020-11-20 03:22:18', 10),
(2, 'QUM212', 'Química', '2016-11-11 05:13:01', '0000-00-00 00:00:00', NULL),
(6, 'FMF125', 'Física', '2020-10-19 21:33:06', '2020-10-20 00:33:06', 6),
(7, 'MTM25', 'Estadistica', '2020-10-15 03:24:46', '2016-12-28 22:07:01', 2),
(8, 'TIR001', 'Clases TIR', '2017-05-25 01:13:30', '2017-05-25 01:13:30', NULL);

-- --------------------------------------------------------

--
-- Estructura de tabla para la tabla `course_inscriptions`
--

CREATE TABLE `course_inscriptions` (
  `id` int(10) UNSIGNED NOT NULL,
  `course_id` int(10) UNSIGNED NOT NULL,
  `user_id` int(10) UNSIGNED NOT NULL,
  `created_at` timestamp NOT NULL DEFAULT current_timestamp() ON UPDATE current_timestamp(),
  `updated_at` timestamp NOT NULL DEFAULT '0000-00-00 00:00:00'
) ENGINE=InnoDB DEFAULT CHARSET=latin1;

--
-- Volcado de datos para la tabla `course_inscriptions`
--

INSERT INTO `course_inscriptions` (`id`, `course_id`, `user_id`, `created_at`, `updated_at`) VALUES
(10, 1, 5, '2016-12-14 09:28:56', '2016-12-14 09:28:56'),
(11, 2, 14, '2016-12-14 10:06:53', '2016-12-14 10:06:53'),
(12, 6, 15, '2016-12-14 10:06:55', '2016-12-14 10:06:55'),
(14, 6, 5, '2016-12-14 10:25:13', '2016-12-14 10:25:13'),
(18, 6, 4, '2016-12-15 06:31:20', '2016-12-15 06:31:20'),
(24, 6, 16, '2016-12-19 02:43:29', '2016-12-19 02:43:29'),
(25, 7, 5, '2016-12-28 22:07:15', '2016-12-28 22:07:15'),
(26, 7, 10, '2016-12-28 22:09:08', '2016-12-28 22:09:08'),
(27, 7, 4, '2016-12-28 22:09:09', '2016-12-28 22:09:09'),
(50, 8, 42, '2017-05-25 01:22:56', '2017-05-25 01:22:56'),
(51, 8, 41, '2017-05-25 01:22:57', '2017-05-25 01:22:57'),
(52, 8, 43, '2017-05-26 00:39:47', '2017-05-26 00:39:47'),
(53, 8, 44, '2017-05-26 00:42:17', '2017-05-26 00:42:17'),
(54, 8, 45, '2017-05-26 02:03:21', '2017-05-26 02:03:21'),
(55, 8, 46, '2017-05-26 02:03:22', '2017-05-26 02:03:22'),
(60, 1, 54, '2018-12-20 00:01:30', '2018-12-20 00:01:30'),
(61, 1, 55, '2018-12-20 00:01:31', '2018-12-20 00:01:31'),
(62, 1, 56, '2018-12-20 00:01:32', '2018-12-20 00:01:32'),
(63, 1, 57, '2018-12-20 00:03:11', '2018-12-20 00:03:11'),
(91, 6, 1, '2020-10-06 20:11:30', '2020-10-06 20:11:30'),
(92, 6, 10, '2020-10-07 04:57:58', '2020-10-07 04:57:58'),
(93, 6, 17, '2020-10-07 04:58:34', '2020-10-07 04:58:34'),
(127, 6, 9, '2020-10-20 00:33:06', '2020-10-20 00:33:06'),
(313, 1, 4, '2020-11-19 05:31:48', '2020-11-19 05:31:48'),
(315, 1, 10, '2020-11-19 05:32:04', '2020-11-19 05:32:04'),
(317, 1, 17, '2020-11-19 05:32:06', '2020-11-19 05:32:06'),
(318, 1, 18, '2020-11-19 05:32:07', '2020-11-19 05:32:07'),
(319, 1, 40, '2020-11-19 05:32:07', '2020-11-19 05:32:07'),
(320, 1, 43, '2020-11-19 05:32:10', '2020-11-19 05:32:10'),
(321, 1, 44, '2020-11-19 05:32:11', '2020-11-19 05:32:11'),
(322, 1, 16, '2020-11-20 01:24:09', '2020-11-20 01:24:09'),
(323, 1, 9, '2020-11-20 01:24:10', '2020-11-20 01:24:10');

-- --------------------------------------------------------

--
-- Estructura de tabla para la tabla `group_activity_link`
--

CREATE TABLE `group_activity_link` (
  `id` int(10) UNSIGNED NOT NULL,
  `group_id` int(10) UNSIGNED NOT NULL,
  `activity_id` int(10) UNSIGNED NOT NULL,
  `created_at` timestamp NOT NULL DEFAULT current_timestamp() ON UPDATE current_timestamp(),
  `updated_at` timestamp NULL DEFAULT current_timestamp(),
  `user_lider` int(10) DEFAULT NULL
) ENGINE=InnoDB DEFAULT CHARSET=latin1;

--
-- Volcado de datos para la tabla `group_activity_link`
--

INSERT INTO `group_activity_link` (`id`, `group_id`, `activity_id`, `created_at`, `updated_at`, `user_lider`) VALUES
(5, 1, 1, '2016-10-25 05:08:26', '0000-00-00 00:00:00', NULL),
(6, 1, 2, '2016-10-25 05:08:26', '0000-00-00 00:00:00', NULL),
(7, 1, 3, '2016-10-25 05:08:26', '0000-00-00 00:00:00', NULL),
(8, 1, 4, '2016-10-25 05:08:26', '0000-00-00 00:00:00', NULL),
(9, 1, 5, '2016-10-25 05:08:26', '0000-00-00 00:00:00', NULL),
(10, 2, 6, '2016-10-25 05:08:26', '0000-00-00 00:00:00', NULL),
(11, 2, 7, '2016-10-25 05:08:26', '0000-00-00 00:00:00', NULL),
(12, 2, 8, '2016-10-25 05:08:26', '0000-00-00 00:00:00', NULL),
(13, 2, 9, '2016-10-25 05:08:26', '0000-00-00 00:00:00', NULL),
(14, 3, 10, '2016-10-25 05:08:26', '0000-00-00 00:00:00', NULL),
(15, 4, 11, '2016-10-25 05:08:35', '0000-00-00 00:00:00', NULL),
(16, 5, 12, '2016-11-11 09:23:51', '2016-11-11 09:23:51', NULL),
(17, 6, 13, '2016-11-11 17:16:31', '2016-11-11 17:16:31', NULL),
(18, 21, 14, '2016-12-19 03:13:38', '2016-12-19 03:13:38', NULL),
(19, 23, 15, '2016-12-19 03:57:58', '2016-12-19 03:57:58', NULL),
(21, 25, 17, '2017-04-10 17:48:50', '2017-04-10 17:48:50', NULL),
(22, 26, 18, '2017-04-10 17:54:25', '2017-04-10 17:54:25', NULL),
(23, 27, 19, '2017-04-10 17:54:32', '2017-04-10 17:54:32', NULL),
(24, 28, 20, '2017-04-10 17:54:35', '2017-04-10 17:54:35', NULL),
(25, 28, 21, '2017-04-10 17:54:59', '2017-04-10 17:54:59', NULL),
(26, 29, 22, '2017-04-25 17:45:36', '2017-04-25 17:45:36', NULL),
(27, 31, 23, '2017-04-25 17:49:39', '2017-04-25 17:49:39', NULL),
(29, 30, 25, '2017-04-25 17:50:47', '2017-04-25 17:50:47', NULL),
(30, 32, 26, '2017-04-25 17:54:47', '2017-04-25 17:54:47', NULL),
(37, 33, 33, '2017-05-25 01:27:36', '2017-05-25 01:27:36', NULL),
(39, 37, 35, '2017-05-25 01:28:20', '2017-05-25 01:28:20', NULL),
(40, 34, 36, '2017-05-25 01:42:53', '2017-05-25 01:42:53', NULL),
(43, 41, 39, '2017-05-30 22:44:59', '2017-05-30 22:44:59', NULL),
(48, 45, 44, '2017-05-30 22:52:49', '2017-05-30 22:52:49', NULL),
(49, 35, 45, '2017-07-03 23:56:18', '2017-07-03 23:56:18', NULL),
(51, 49, 47, '2017-07-06 19:00:37', '2017-07-06 19:00:37', NULL),
(52, 50, 48, '2017-07-06 19:10:06', '2017-07-06 19:10:06', NULL),
(53, 53, 49, '2020-09-22 02:49:44', '2020-09-22 02:49:44', NULL),
(56, 61, 52, '2020-09-22 22:38:09', '2020-09-22 22:38:09', NULL),
(57, 121, 53, '2020-09-23 02:20:25', '2020-09-23 02:20:25', NULL),
(58, 125, 54, '2020-09-23 05:29:33', '2020-09-23 05:29:33', NULL),
(59, 145, 55, '2020-09-23 05:50:16', '2020-09-23 05:50:16', NULL),
(60, 161, 56, '2020-09-23 06:47:12', '2020-09-23 06:47:12', NULL),
(61, 162, 57, '2020-09-23 06:47:13', '2020-09-23 06:47:13', NULL),
(62, 163, 58, '2020-09-23 06:47:13', '2020-09-23 06:47:13', NULL),
(63, 164, 59, '2020-09-23 06:47:14', '2020-09-23 06:47:14', NULL),
(64, 613, 60, '2020-10-06 23:31:54', '2020-10-06 23:31:54', NULL),
(65, 697, 61, '2020-10-08 21:09:08', '2020-10-08 21:09:08', NULL),
(83, 949, 79, '2020-10-13 00:51:30', '2020-10-13 00:51:30', NULL),
(94, 953, 90, '2020-10-14 22:02:59', '2020-10-14 22:02:59', NULL),
(100, 953, 96, '2020-10-14 23:03:08', '2020-10-14 23:03:08', NULL),
(101, 953, 97, '2020-10-14 23:03:11', '2020-10-14 23:03:11', NULL),
(102, 1037, 98, '2020-10-15 16:19:31', '2020-10-15 16:19:31', NULL),
(103, 1037, 99, '2020-10-15 16:19:35', '2020-10-15 16:19:35', NULL),
(104, 1109, 100, '2020-10-21 00:08:00', '2020-10-21 00:08:00', NULL),
(105, 1109, 101, '2020-10-21 00:08:17', '2020-10-21 00:08:17', NULL),
(113, 1117, 109, '2020-10-21 08:49:35', '2020-10-21 08:49:35', NULL),
(114, 1117, 110, '2020-10-21 08:49:49', '2020-10-21 08:49:49', NULL),
(115, 1118, 111, '2020-10-21 20:17:40', '2020-10-21 20:17:40', NULL),
(116, 1118, 112, '2020-10-21 20:17:59', '2020-10-21 20:17:59', NULL),
(117, 1121, 113, '2020-10-21 23:23:35', '2020-10-21 23:23:35', NULL),
(118, 1121, 114, '2020-10-21 23:39:32', '2020-10-21 23:39:32', NULL),
(119, 1125, 115, '2020-10-22 00:41:29', '2020-10-22 00:41:29', NULL),
(120, 1122, 116, '2020-10-22 08:35:39', '2020-10-22 08:35:39', NULL),
(121, 1122, 117, '2020-10-22 14:52:07', '2020-10-22 14:52:07', NULL),
(122, 1129, 118, '2020-10-22 17:42:15', '2020-10-22 17:42:15', NULL),
(123, 1129, 119, '2020-10-22 17:42:17', '2020-10-22 17:42:17', NULL),
(124, 1130, 120, '2020-10-22 17:42:19', '2020-10-22 17:42:19', NULL),
(125, 1130, 121, '2020-10-22 17:42:22', '2020-10-22 17:42:22', NULL),
(126, 1133, 122, '2020-10-27 03:03:55', '2020-10-27 03:03:55', NULL),
(127, 1134, 123, '2020-10-27 03:04:03', '2020-10-27 03:04:03', NULL),
(130, 1133, 126, '2020-10-28 16:10:58', '2020-10-28 16:10:58', NULL),
(131, 1133, 127, '2020-10-28 16:11:59', '2020-10-28 16:11:59', NULL),
(134, 1134, 130, '2020-11-03 23:22:45', '2020-11-03 23:22:45', NULL),
(139, 1145, 135, '2020-11-04 01:16:28', '2020-11-04 01:16:28', NULL),
(140, 1146, 136, '2020-11-04 01:16:30', '2020-11-04 01:16:30', NULL),
(141, 1197, 137, '2020-11-11 22:40:16', '2020-11-11 22:40:16', NULL),
(143, 1221, 139, '2020-11-12 04:35:35', '2020-11-12 04:35:35', NULL),
(144, 1221, 140, '2020-11-12 04:35:37', '2020-11-12 04:35:37', NULL),
(145, 1147, 141, '2020-11-18 03:10:31', '2020-11-18 03:10:31', NULL),
(146, 1147, 142, '2020-11-18 03:12:24', '2020-11-18 03:12:24', NULL),
(147, 1147, 143, '2020-11-18 03:13:36', '2020-11-18 03:13:36', NULL),
(148, 1147, 144, '2020-11-18 03:15:10', '2020-11-18 03:15:10', NULL),
(149, 1146, 145, '2020-11-18 03:16:33', '2020-11-18 03:16:33', NULL),
(150, 1145, 146, '2020-11-18 03:19:01', '2020-11-18 03:19:01', NULL),
(151, 1145, 147, '2020-11-18 03:20:33', '2020-11-18 03:20:33', NULL),
(152, 1145, 148, '2020-11-18 03:25:54', '2020-11-18 03:25:54', NULL),
(153, 1145, 149, '2020-11-18 03:26:31', '2020-11-18 03:26:31', NULL),
(154, 1145, 150, '2020-11-18 03:29:13', '2020-11-18 03:29:13', NULL),
(155, 1145, 151, '2020-11-18 03:29:30', '2020-11-18 03:29:30', NULL),
(158, 1233, 154, '2020-11-18 04:41:09', '2020-11-18 04:41:09', NULL),
(159, 1233, 155, '2020-11-18 04:41:41', '2020-11-18 04:41:41', NULL),
(160, 1237, 156, '2020-11-18 20:57:37', '2020-11-18 20:57:37', NULL),
(161, 1237, 157, '2020-11-18 20:57:39', '2020-11-18 20:57:39', NULL),
(162, 1238, 158, '2020-11-18 22:32:08', '2020-11-18 22:32:08', NULL),
(163, 1238, 159, '2020-11-18 22:33:36', '2020-11-18 22:33:36', NULL),
(164, 1241, 160, '2020-11-19 05:55:48', '2020-11-19 05:55:48', NULL),
(165, 1241, 161, '2020-11-19 05:55:55', '2020-11-19 05:55:55', NULL),
(166, 1249, 162, '2020-11-20 03:25:07', '2020-11-20 03:25:07', NULL),
(167, 1249, 163, '2020-11-20 03:25:19', '2020-11-20 03:25:19', NULL),
(168, 1250, 164, '2020-11-20 03:25:28', '2020-11-20 03:25:28', NULL),
(169, 1250, 165, '2020-11-20 07:46:44', '2020-11-20 07:46:44', NULL),
(170, 1250, 166, '2020-11-20 07:46:46', '2020-11-20 07:46:46', NULL),
(171, 1250, 167, '2020-11-20 07:46:47', '2020-11-20 07:46:47', NULL),
(172, 1250, 168, '2020-11-20 07:46:50', '2020-11-20 07:46:50', NULL),
(173, 1250, 169, '2020-11-20 07:46:52', '2020-11-20 07:46:52', NULL),
(174, 1250, 170, '2020-11-20 07:47:45', '2020-11-20 07:47:45', NULL),
(175, 1253, 171, '2020-11-20 10:36:12', '2020-11-20 10:36:12', NULL),
(176, 1253, 172, '2020-11-20 10:36:38', '2020-11-20 10:36:38', NULL),
(177, 1253, 173, '2020-11-20 10:37:11', '2020-11-20 10:37:11', NULL),
(178, 1254, 174, '2020-11-20 10:37:43', '2020-11-20 10:37:43', NULL),
(179, 1254, 175, '2020-11-20 10:38:04', '2020-11-20 10:38:04', NULL),
(180, 1255, 176, '2020-11-20 10:38:34', '2020-11-20 10:38:34', NULL),
(182, 1255, 178, '2020-12-01 07:30:58', '2020-12-01 07:30:58', NULL),
(183, 1255, 179, '2020-12-01 07:31:00', '2020-12-01 07:31:00', NULL),
(184, 1256, 180, '2020-12-01 07:31:59', '2020-12-01 07:31:59', NULL),
(185, 1257, 181, '2020-12-03 11:05:23', '2020-12-03 11:05:23', NULL),
(186, 1261, 182, '2020-12-04 18:56:39', '2020-12-04 18:56:39', NULL),
(187, 1261, 183, '2020-12-04 18:56:56', '2020-12-04 18:56:56', NULL),
(188, 1262, 184, '2020-12-04 18:57:11', '2020-12-04 18:57:11', NULL),
(189, 1263, 185, '2020-12-04 18:57:13', '2020-12-04 18:57:13', NULL),
(190, 1264, 186, '2020-12-04 18:57:15', '2020-12-04 18:57:15', NULL),
(191, 1265, 187, '2020-12-08 23:30:01', '2020-12-08 23:30:01', NULL),
(192, 1265, 188, '2020-12-08 23:30:16', '2020-12-08 23:30:16', NULL),
(193, 1266, 189, '2020-12-08 23:30:29', '2020-12-08 23:30:29', NULL),
(194, 1266, 190, '2020-12-08 23:30:58', '2020-12-08 23:30:58', NULL),
(195, 1267, 191, '2020-12-08 23:31:19', '2020-12-08 23:31:19', NULL),
(196, 1266, 192, '2020-12-08 23:31:21', '2020-12-08 23:31:21', NULL),
(197, 1268, 193, '2020-12-08 23:32:00', '2020-12-08 23:32:00', NULL),
(198, 1268, 194, '2020-12-08 23:32:03', '2020-12-08 23:32:03', NULL),
(199, 1269, 195, '2020-12-09 03:58:00', '2020-12-09 03:58:00', NULL),
(200, 1269, 196, '2020-12-09 03:58:15', '2020-12-09 03:58:15', NULL),
(201, 1270, 197, '2020-12-09 03:58:29', '2020-12-09 03:58:29', NULL),
(202, 1270, 198, '2020-12-09 03:58:32', '2020-12-09 03:58:32', NULL),
(203, 1271, 199, '2020-12-09 03:59:04', '2020-12-09 03:59:04', NULL),
(209, 1273, 205, '2020-12-09 04:15:47', '2020-12-09 04:15:47', NULL),
(211, 1273, 207, '2020-12-09 04:16:28', '2020-12-09 04:16:28', NULL),
(213, 1274, 209, '2020-12-09 04:17:03', '2020-12-09 04:17:03', NULL),
(214, 1275, 210, '2020-12-09 04:17:32', '2020-12-09 04:17:32', NULL),
(216, 1276, 212, '2020-12-09 04:18:26', '2020-12-09 04:18:26', NULL),
(217, 1277, 213, '2020-12-10 01:46:08', '2020-12-10 01:46:08', NULL),
(218, 1277, 214, '2020-12-10 01:46:11', '2020-12-10 01:46:11', NULL),
(219, 1278, 215, '2020-12-10 01:46:38', '2020-12-10 01:46:38', NULL),
(220, 1279, 216, '2020-12-10 01:47:01', '2020-12-10 01:47:01', NULL),
(221, 1280, 217, '2020-12-10 01:47:52', '2020-12-10 01:47:52', NULL),
(222, 1281, 218, '2020-12-10 04:39:40', '2020-12-10 04:39:40', NULL),
(225, 1282, 221, '2020-12-10 04:41:42', '2020-12-10 04:41:42', NULL),
(226, 1283, 222, '2020-12-10 04:42:19', '2020-12-10 04:42:19', NULL),
(229, 1284, 225, '2020-12-10 15:47:26', '2020-12-10 15:47:26', NULL),
(230, 1285, 226, '2020-12-10 16:49:08', '2020-12-10 16:49:08', NULL),
(231, 1293, 227, '2021-04-01 00:17:08', '2021-04-01 00:17:08', NULL),
(232, 1293, 228, '2021-04-01 02:16:45', '2021-04-01 02:16:45', NULL),
(233, 1293, 229, '2021-04-01 02:19:06', '2021-04-01 02:19:06', NULL),
(234, 1297, 230, '2021-04-23 23:46:12', '2021-04-23 23:46:12', NULL),
(242, 1298, 238, '2021-05-10 07:47:55', '2021-05-10 07:47:55', NULL),
(243, 1299, 239, '2021-05-10 07:48:38', '2021-05-10 07:48:38', NULL),
(244, 1300, 240, '2021-05-10 07:49:21', '2021-05-10 07:49:21', NULL),
(256, 1301, 265, '2021-05-16 00:05:59', '2021-05-16 00:05:59', NULL),
(257, 1302, 266, '2021-05-16 00:06:54', '2021-05-16 00:06:54', NULL),
(258, 1303, 267, '2021-05-16 00:07:40', '2021-05-16 00:07:40', NULL),
(259, 1304, 268, '2021-05-16 00:08:17', '2021-05-16 00:08:17', NULL),
(260, 1309, 269, '2021-08-18 02:56:26', '2021-08-18 02:56:26', NULL);

-- --------------------------------------------------------

--
-- Estructura de tabla para la tabla `interactions`
--

CREATE TABLE `interactions` (
  `id` int(10) NOT NULL,
  `problem_id` int(10) NOT NULL,
  `activity_id` int(10) NOT NULL,
  `teamwork_id` int(10) DEFAULT NULL,
  `data` varchar(999) NOT NULL,
  `type` varchar(255) NOT NULL,
  `user_id` int(10) NOT NULL,
  `created_at` timestamp NOT NULL DEFAULT current_timestamp(),
  `updated_at` timestamp NOT NULL DEFAULT current_timestamp()
) ENGINE=InnoDB DEFAULT CHARSET=utf8mb4;

--
-- Volcado de datos para la tabla `interactions`
--

INSERT INTO `interactions` (`id`, `problem_id`, `activity_id`, `teamwork_id`, `data`, `type`, `user_id`, `created_at`, `updated_at`) VALUES
(1, 362, 221, 1788, '', 'Nuevo acceso', 4, '2021-08-22 21:29:37', '2021-08-22 21:29:37'),
(2, 1, 9, NULL, '', 'Nuevo acceso', 4, '2021-08-22 21:30:34', '2021-08-22 21:30:34'),
(3, 1, 9, NULL, '', 'Guarda la actividad', 4, '2021-08-22 21:32:38', '2021-08-22 21:32:38'),
(4, 1, 8, NULL, '', 'Nuevo acceso', 4, '2021-08-22 21:33:07', '2021-08-22 21:33:07'),
(5, 1, 9, NULL, '', 'Cambio de actividad', 4, '2021-08-22 21:33:26', '2021-08-22 21:33:26'),
(6, 1, 9, NULL, '', 'Nuevo acceso a actividad', 4, '2021-08-22 23:30:54', '2021-08-22 23:30:54'),
(7, 1, 9, NULL, '', 'Nuevo acceso a actividad', 4, '2021-08-22 23:31:11', '2021-08-22 23:31:11'),
(8, 1, 9, NULL, '', 'Nuevo acceso a actividad', 4, '2021-08-22 23:31:52', '2021-08-22 23:31:52'),
(9, 1, 9, NULL, '', 'Nuevo acceso a actividad', 4, '2021-08-22 23:33:06', '2021-08-22 23:33:06'),
(10, 1, 9, NULL, '', 'Nuevo acceso a actividad', 4, '2021-08-22 23:33:57', '2021-08-22 23:33:57'),
(11, 1, 9, NULL, '', 'Nuevo acceso a actividad', 4, '2021-08-22 23:34:32', '2021-08-22 23:34:32'),
(12, 1, 9, NULL, '', 'Nuevo acceso a actividad', 4, '2021-08-22 23:34:53', '2021-08-22 23:34:53'),
(13, 1, 8, NULL, '', 'Nuevo acceso a actividad', 4, '2021-08-22 23:35:08', '2021-08-22 23:35:08'),
(14, 1, 9, NULL, '', 'Cambio de actividad', 4, '2021-08-22 23:35:14', '2021-08-22 23:35:14'),
(15, 1, 8, NULL, '', 'Cambio de actividad', 4, '2021-08-22 23:35:28', '2021-08-22 23:35:28'),
(16, 1, 8, NULL, '', 'Finaliza actividad', 4, '2021-08-22 23:35:34', '2021-08-22 23:35:34'),
(17, 1, 9, NULL, '', 'Cambio de actividad', 4, '2021-08-22 23:37:09', '2021-08-22 23:37:09'),
(18, 1, 9, NULL, '', 'Cambia su estado ausente', 4, '2021-08-22 23:37:09', '2021-08-22 23:37:09'),
(19, 1, 9, NULL, '', 'Nuevo acceso a actividad', 4, '2021-08-22 23:37:43', '2021-08-22 23:37:43'),
(20, 1, 9, NULL, '', 'Nuevo acceso a actividad', 4, '2021-08-22 23:37:50', '2021-08-22 23:37:50');

-- --------------------------------------------------------

--
-- Estructura de tabla para la tabla `link_teamwork_inscriptions`
--

CREATE TABLE `link_teamwork_inscriptions` (
  `id` int(11) NOT NULL,
  `teamwork_id` int(10) DEFAULT NULL,
  `activities_group_id` int(10) UNSIGNED NOT NULL,
  `created_at` timestamp NOT NULL DEFAULT current_timestamp() ON UPDATE current_timestamp(),
  `updated_at` timestamp NULL DEFAULT current_timestamp()
) ENGINE=InnoDB DEFAULT CHARSET=utf8mb4;

--
-- Volcado de datos para la tabla `link_teamwork_inscriptions`
--

INSERT INTO `link_teamwork_inscriptions` (`id`, `teamwork_id`, `activities_group_id`, `created_at`, `updated_at`) VALUES
(1205, 1571, 1073, '2020-10-20 01:43:10', '2020-10-20 01:43:10'),
(1206, 1571, 1074, '2020-10-20 01:43:10', '2020-10-20 01:43:10'),
(1207, 1571, 1075, '2020-10-20 01:43:10', '2020-10-20 01:43:10'),
(1208, 1571, 1076, '2020-10-20 01:43:10', '2020-10-20 01:43:10'),
(1217, 1574, 1073, '2020-10-20 01:43:11', '2020-10-20 01:43:11'),
(1218, 1574, 1074, '2020-10-20 01:43:11', '2020-10-20 01:43:11'),
(1219, 1574, 1075, '2020-10-20 01:43:11', '2020-10-20 01:43:11'),
(1220, 1574, 1076, '2020-10-20 01:43:11', '2020-10-20 01:43:11'),
(1221, 1575, 1073, '2020-10-20 01:43:11', '2020-10-20 01:43:11'),
(1222, 1575, 1074, '2020-10-20 01:43:11', '2020-10-20 01:43:11'),
(1223, 1575, 1075, '2020-10-20 01:43:11', '2020-10-20 01:43:11'),
(1224, 1575, 1076, '2020-10-20 01:43:11', '2020-10-20 01:43:11'),
(1225, 1576, 1073, '2020-10-20 01:43:11', '2020-10-20 01:43:11'),
(1226, 1576, 1074, '2020-10-20 01:43:11', '2020-10-20 01:43:11'),
(1227, 1576, 1075, '2020-10-20 01:43:11', '2020-10-20 01:43:11'),
(1228, 1576, 1076, '2020-10-20 01:43:12', '2020-10-20 01:43:12'),
(1229, 1577, 1073, '2020-10-20 01:43:12', '2020-10-20 01:43:12'),
(1230, 1577, 1074, '2020-10-20 01:43:12', '2020-10-20 01:43:12'),
(1231, 1577, 1075, '2020-10-20 01:43:12', '2020-10-20 01:43:12'),
(1232, 1577, 1076, '2020-10-20 01:43:12', '2020-10-20 01:43:12'),
(1233, 1578, 1073, '2020-10-20 01:43:12', '2020-10-20 01:43:12'),
(1234, 1578, 1074, '2020-10-20 01:43:12', '2020-10-20 01:43:12'),
(1235, 1578, 1075, '2020-10-20 01:43:12', '2020-10-20 01:43:12'),
(1236, 1578, 1076, '2020-10-20 01:43:12', '2020-10-20 01:43:12'),
(1237, 1579, 1073, '2020-10-20 01:43:12', '2020-10-20 01:43:12'),
(1238, 1579, 1074, '2020-10-20 01:43:12', '2020-10-20 01:43:12'),
(1239, 1579, 1075, '2020-10-20 01:43:12', '2020-10-20 01:43:12'),
(1240, 1579, 1076, '2020-10-20 01:43:12', '2020-10-20 01:43:12'),
(1241, 1580, 1077, '2020-10-20 04:03:49', '2020-10-20 04:03:49'),
(1242, 1580, 1078, '2020-10-20 04:03:49', '2020-10-20 04:03:49'),
(1243, 1580, 1079, '2020-10-20 04:03:49', '2020-10-20 04:03:49'),
(1244, 1580, 1080, '2020-10-20 04:03:49', '2020-10-20 04:03:49'),
(1245, 1581, 1077, '2020-10-20 04:03:50', '2020-10-20 04:03:50'),
(1246, 1581, 1078, '2020-10-20 04:03:50', '2020-10-20 04:03:50'),
(1247, 1581, 1079, '2020-10-20 04:03:50', '2020-10-20 04:03:50'),
(1248, 1581, 1080, '2020-10-20 04:03:50', '2020-10-20 04:03:50'),
(1249, 1582, 1077, '2020-10-20 04:03:50', '2020-10-20 04:03:50'),
(1250, 1582, 1078, '2020-10-20 04:03:50', '2020-10-20 04:03:50'),
(1251, 1582, 1079, '2020-10-20 04:03:50', '2020-10-20 04:03:50'),
(1252, 1582, 1080, '2020-10-20 04:03:50', '2020-10-20 04:03:50'),
(1253, 1583, 1081, '2020-10-20 04:07:10', '2020-10-20 04:07:10'),
(1254, 1583, 1082, '2020-10-20 04:07:10', '2020-10-20 04:07:10'),
(1255, 1583, 1083, '2020-10-20 04:07:10', '2020-10-20 04:07:10'),
(1256, 1583, 1084, '2020-10-20 04:07:10', '2020-10-20 04:07:10'),
(1257, 1584, 1081, '2020-10-20 04:07:10', '2020-10-20 04:07:10'),
(1258, 1584, 1082, '2020-10-20 04:07:10', '2020-10-20 04:07:10'),
(1259, 1584, 1083, '2020-10-20 04:07:10', '2020-10-20 04:07:10'),
(1260, 1584, 1084, '2020-10-20 04:07:10', '2020-10-20 04:07:10'),
(1261, 1585, 1081, '2020-10-20 04:07:10', '2020-10-20 04:07:10'),
(1262, 1585, 1082, '2020-10-20 04:07:10', '2020-10-20 04:07:10'),
(1263, 1585, 1083, '2020-10-20 04:07:11', '2020-10-20 04:07:11'),
(1264, 1585, 1084, '2020-10-20 04:07:11', '2020-10-20 04:07:11'),
(1265, 1586, 1081, '2020-10-20 04:07:11', '2020-10-20 04:07:11'),
(1266, 1586, 1082, '2020-10-20 04:07:11', '2020-10-20 04:07:11'),
(1267, 1586, 1083, '2020-10-20 04:07:11', '2020-10-20 04:07:11'),
(1268, 1586, 1084, '2020-10-20 04:07:11', '2020-10-20 04:07:11'),
(1269, 1587, 1085, '2020-10-20 05:32:25', '2020-10-20 05:32:25'),
(1270, 1587, 1086, '2020-10-20 05:32:25', '2020-10-20 05:32:25'),
(1271, 1587, 1087, '2020-10-20 05:32:25', '2020-10-20 05:32:25'),
(1272, 1587, 1088, '2020-10-20 05:32:25', '2020-10-20 05:32:25'),
(1273, 1588, 1085, '2020-10-20 05:32:26', '2020-10-20 05:32:26'),
(1274, 1588, 1086, '2020-10-20 05:32:26', '2020-10-20 05:32:26'),
(1275, 1588, 1087, '2020-10-20 05:32:26', '2020-10-20 05:32:26'),
(1276, 1588, 1088, '2020-10-20 05:32:26', '2020-10-20 05:32:26'),
(1277, 1589, 1085, '2020-10-20 05:32:26', '2020-10-20 05:32:26'),
(1278, 1589, 1086, '2020-10-20 05:32:26', '2020-10-20 05:32:26'),
(1279, 1589, 1087, '2020-10-20 05:32:26', '2020-10-20 05:32:26'),
(1280, 1589, 1088, '2020-10-20 05:32:26', '2020-10-20 05:32:26'),
(1281, 1590, 1085, '2020-10-20 05:32:26', '2020-10-20 05:32:26'),
(1282, 1590, 1086, '2020-10-20 05:32:26', '2020-10-20 05:32:26'),
(1283, 1590, 1087, '2020-10-20 05:32:26', '2020-10-20 05:32:26'),
(1284, 1590, 1088, '2020-10-20 05:32:26', '2020-10-20 05:32:26'),
(1285, 1591, 1089, '2020-10-20 06:33:04', '2020-10-20 06:33:04'),
(1286, 1591, 1090, '2020-10-20 06:33:04', '2020-10-20 06:33:04'),
(1287, 1591, 1091, '2020-10-20 06:33:04', '2020-10-20 06:33:04'),
(1288, 1591, 1092, '2020-10-20 06:33:04', '2020-10-20 06:33:04'),
(1289, 1592, 1089, '2020-10-20 06:33:04', '2020-10-20 06:33:04'),
(1290, 1592, 1090, '2020-10-20 06:33:04', '2020-10-20 06:33:04'),
(1291, 1592, 1091, '2020-10-20 06:33:04', '2020-10-20 06:33:04'),
(1292, 1592, 1092, '2020-10-20 06:33:04', '2020-10-20 06:33:04'),
(1293, 1593, 1089, '2020-10-20 06:33:05', '2020-10-20 06:33:05'),
(1294, 1593, 1090, '2020-10-20 06:33:05', '2020-10-20 06:33:05'),
(1295, 1593, 1091, '2020-10-20 06:33:05', '2020-10-20 06:33:05'),
(1296, 1593, 1092, '2020-10-20 06:33:05', '2020-10-20 06:33:05'),
(1297, 1594, 1089, '2020-10-20 06:33:05', '2020-10-20 06:33:05'),
(1298, 1594, 1090, '2020-10-20 06:33:05', '2020-10-20 06:33:05'),
(1299, 1594, 1091, '2020-10-20 06:33:05', '2020-10-20 06:33:05'),
(1300, 1594, 1092, '2020-10-20 06:33:05', '2020-10-20 06:33:05'),
(1301, 1595, 1089, '2020-10-20 06:33:05', '2020-10-20 06:33:05'),
(1302, 1595, 1090, '2020-10-20 06:33:05', '2020-10-20 06:33:05'),
(1303, 1595, 1091, '2020-10-20 06:33:05', '2020-10-20 06:33:05'),
(1304, 1595, 1092, '2020-10-20 06:33:05', '2020-10-20 06:33:05'),
(1305, 1596, 1093, '2020-10-20 22:13:14', '2020-10-20 22:13:14'),
(1306, 1596, 1094, '2020-10-20 22:13:14', '2020-10-20 22:13:14'),
(1307, 1596, 1095, '2020-10-20 22:13:14', '2020-10-20 22:13:14'),
(1308, 1596, 1096, '2020-10-20 22:13:14', '2020-10-20 22:13:14'),
(1309, 1597, 1093, '2020-10-20 22:13:15', '2020-10-20 22:13:15'),
(1310, 1597, 1094, '2020-10-20 22:13:15', '2020-10-20 22:13:15'),
(1311, 1597, 1095, '2020-10-20 22:13:15', '2020-10-20 22:13:15'),
(1312, 1597, 1096, '2020-10-20 22:13:15', '2020-10-20 22:13:15'),
(1313, 1598, 1093, '2020-10-20 22:13:15', '2020-10-20 22:13:15'),
(1314, 1598, 1094, '2020-10-20 22:13:15', '2020-10-20 22:13:15'),
(1315, 1598, 1095, '2020-10-20 22:13:15', '2020-10-20 22:13:15'),
(1316, 1598, 1096, '2020-10-20 22:13:15', '2020-10-20 22:13:15'),
(1317, 1599, 1093, '2020-10-20 22:13:15', '2020-10-20 22:13:15'),
(1318, 1599, 1094, '2020-10-20 22:13:15', '2020-10-20 22:13:15'),
(1319, 1599, 1095, '2020-10-20 22:13:15', '2020-10-20 22:13:15'),
(1320, 1599, 1096, '2020-10-20 22:13:15', '2020-10-20 22:13:15'),
(1321, 1606, 1097, '2020-10-20 22:44:19', '2020-10-20 22:44:19'),
(1322, 1606, 1098, '2020-10-20 22:44:19', '2020-10-20 22:44:19'),
(1323, 1606, 1099, '2020-10-20 22:44:19', '2020-10-20 22:44:19'),
(1324, 1606, 1100, '2020-10-20 22:44:19', '2020-10-20 22:44:19'),
(1325, 1607, 1097, '2020-10-20 22:44:20', '2020-10-20 22:44:20'),
(1326, 1607, 1098, '2020-10-20 22:44:20', '2020-10-20 22:44:20'),
(1327, 1607, 1099, '2020-10-20 22:44:20', '2020-10-20 22:44:20'),
(1328, 1607, 1100, '2020-10-20 22:44:20', '2020-10-20 22:44:20'),
(1329, 1608, 1097, '2020-10-20 22:44:20', '2020-10-20 22:44:20'),
(1330, 1608, 1098, '2020-10-20 22:44:20', '2020-10-20 22:44:20'),
(1331, 1608, 1099, '2020-10-20 22:44:20', '2020-10-20 22:44:20'),
(1332, 1608, 1100, '2020-10-20 22:44:20', '2020-10-20 22:44:20'),
(1333, 1609, 1097, '2020-10-20 22:44:20', '2020-10-20 22:44:20'),
(1334, 1609, 1098, '2020-10-20 22:44:20', '2020-10-20 22:44:20'),
(1335, 1609, 1099, '2020-10-20 22:44:20', '2020-10-20 22:44:20'),
(1336, 1609, 1100, '2020-10-20 22:44:20', '2020-10-20 22:44:20'),
(1337, 1610, 1097, '2020-10-20 22:44:21', '2020-10-20 22:44:21'),
(1338, 1610, 1098, '2020-10-20 22:44:21', '2020-10-20 22:44:21'),
(1339, 1610, 1099, '2020-10-20 22:44:21', '2020-10-20 22:44:21'),
(1340, 1610, 1100, '2020-10-20 22:44:21', '2020-10-20 22:44:21'),
(1341, 1612, 1101, '2020-10-20 22:47:31', '2020-10-20 22:47:31'),
(1342, 1612, 1102, '2020-10-20 22:47:31', '2020-10-20 22:47:31'),
(1343, 1612, 1103, '2020-10-20 22:47:31', '2020-10-20 22:47:31'),
(1344, 1612, 1104, '2020-10-20 22:47:31', '2020-10-20 22:47:31'),
(1345, 1613, 1101, '2020-10-20 22:47:32', '2020-10-20 22:47:32'),
(1346, 1613, 1102, '2020-10-20 22:47:32', '2020-10-20 22:47:32'),
(1347, 1613, 1103, '2020-10-20 22:47:32', '2020-10-20 22:47:32'),
(1348, 1613, 1104, '2020-10-20 22:47:32', '2020-10-20 22:47:32'),
(1349, 1614, 1101, '2020-10-20 22:47:32', '2020-10-20 22:47:32'),
(1350, 1614, 1102, '2020-10-20 22:47:32', '2020-10-20 22:47:32'),
(1351, 1614, 1103, '2020-10-20 22:47:32', '2020-10-20 22:47:32'),
(1352, 1614, 1104, '2020-10-20 22:47:32', '2020-10-20 22:47:32'),
(1353, 1615, 1101, '2020-10-20 22:47:32', '2020-10-20 22:47:32'),
(1354, 1615, 1102, '2020-10-20 22:47:32', '2020-10-20 22:47:32'),
(1355, 1615, 1103, '2020-10-20 22:47:32', '2020-10-20 22:47:32'),
(1356, 1615, 1104, '2020-10-20 22:47:32', '2020-10-20 22:47:32'),
(1357, 1618, 1105, '2020-10-20 23:41:38', '2020-10-20 23:41:38'),
(1358, 1618, 1106, '2020-10-20 23:41:38', '2020-10-20 23:41:38'),
(1359, 1618, 1107, '2020-10-20 23:41:38', '2020-10-20 23:41:38'),
(1360, 1618, 1108, '2020-10-20 23:41:38', '2020-10-20 23:41:38'),
(1361, 1619, 1105, '2020-10-20 23:41:38', '2020-10-20 23:41:38'),
(1362, 1619, 1106, '2020-10-20 23:41:38', '2020-10-20 23:41:38'),
(1363, 1619, 1107, '2020-10-20 23:41:38', '2020-10-20 23:41:38'),
(1364, 1619, 1108, '2020-10-20 23:41:38', '2020-10-20 23:41:38'),
(1365, 1620, 1105, '2020-10-20 23:41:39', '2020-10-20 23:41:39'),
(1366, 1620, 1106, '2020-10-20 23:41:39', '2020-10-20 23:41:39'),
(1367, 1620, 1107, '2020-10-20 23:41:39', '2020-10-20 23:41:39'),
(1368, 1620, 1108, '2020-10-20 23:41:39', '2020-10-20 23:41:39'),
(1369, 1621, 1105, '2020-10-20 23:41:39', '2020-10-20 23:41:39'),
(1370, 1621, 1106, '2020-10-20 23:41:39', '2020-10-20 23:41:39'),
(1371, 1621, 1107, '2020-10-20 23:41:39', '2020-10-20 23:41:39'),
(1372, 1621, 1108, '2020-10-20 23:41:39', '2020-10-20 23:41:39'),
(1373, 1622, 1105, '2020-10-20 23:41:39', '2020-10-20 23:41:39'),
(1374, 1622, 1106, '2020-10-20 23:41:39', '2020-10-20 23:41:39'),
(1375, 1622, 1107, '2020-10-20 23:41:39', '2020-10-20 23:41:39'),
(1376, 1622, 1108, '2020-10-20 23:41:39', '2020-10-20 23:41:39'),
(1377, 1623, 1105, '2020-10-20 23:41:40', '2020-10-20 23:41:40'),
(1378, 1623, 1106, '2020-10-20 23:41:40', '2020-10-20 23:41:40'),
(1379, 1623, 1107, '2020-10-20 23:41:40', '2020-10-20 23:41:40'),
(1380, 1623, 1108, '2020-10-20 23:41:40', '2020-10-20 23:41:40'),
(1381, 1624, 1109, '2020-10-21 00:03:38', '2020-10-21 00:03:38'),
(1382, 1624, 1110, '2020-10-21 00:03:38', '2020-10-21 00:03:38'),
(1383, 1624, 1111, '2020-10-21 00:03:38', '2020-10-21 00:03:38'),
(1384, 1624, 1112, '2020-10-21 00:03:38', '2020-10-21 00:03:38'),
(1385, 1625, 1109, '2020-10-21 00:03:38', '2020-10-21 00:03:38'),
(1386, 1625, 1110, '2020-10-21 00:03:38', '2020-10-21 00:03:38'),
(1387, 1625, 1111, '2020-10-21 00:03:38', '2020-10-21 00:03:38'),
(1388, 1625, 1112, '2020-10-21 00:03:38', '2020-10-21 00:03:38'),
(1389, 1626, 1109, '2020-10-21 00:03:38', '2020-10-21 00:03:38'),
(1390, 1626, 1110, '2020-10-21 00:03:39', '2020-10-21 00:03:39'),
(1391, 1626, 1111, '2020-10-21 00:03:39', '2020-10-21 00:03:39'),
(1392, 1626, 1112, '2020-10-21 00:03:39', '2020-10-21 00:03:39'),
(1393, 1627, 1109, '2020-10-21 00:03:39', '2020-10-21 00:03:39'),
(1394, 1627, 1110, '2020-10-21 00:03:39', '2020-10-21 00:03:39'),
(1395, 1627, 1111, '2020-10-21 00:03:39', '2020-10-21 00:03:39'),
(1396, 1627, 1112, '2020-10-21 00:03:39', '2020-10-21 00:03:39'),
(1397, 1628, 1109, '2020-10-21 00:03:39', '2020-10-21 00:03:39'),
(1398, 1628, 1110, '2020-10-21 00:03:39', '2020-10-21 00:03:39'),
(1399, 1628, 1111, '2020-10-21 00:03:39', '2020-10-21 00:03:39'),
(1400, 1628, 1112, '2020-10-21 00:03:39', '2020-10-21 00:03:39'),
(1401, 1630, 1109, '2020-10-21 03:23:06', '2020-10-21 03:23:06'),
(1402, 1630, 1110, '2020-10-21 03:23:06', '2020-10-21 03:23:06'),
(1403, 1630, 1111, '2020-10-21 03:23:06', '2020-10-21 03:23:06'),
(1404, 1630, 1112, '2020-10-21 03:23:06', '2020-10-21 03:23:06'),
(1405, 1631, 1109, '2020-10-21 03:23:28', '2020-10-21 03:23:28'),
(1406, 1631, 1110, '2020-10-21 03:23:28', '2020-10-21 03:23:28'),
(1407, 1631, 1111, '2020-10-21 03:23:28', '2020-10-21 03:23:28'),
(1408, 1631, 1112, '2020-10-21 03:23:28', '2020-10-21 03:23:28'),
(1409, 1632, 1109, '2020-10-21 04:08:31', '2020-10-21 04:08:31'),
(1410, 1632, 1110, '2020-10-21 04:08:31', '2020-10-21 04:08:31'),
(1411, 1632, 1111, '2020-10-21 04:08:31', '2020-10-21 04:08:31'),
(1412, 1632, 1112, '2020-10-21 04:08:31', '2020-10-21 04:08:31'),
(1413, 1633, 1109, '2020-10-21 04:10:20', '2020-10-21 04:10:20'),
(1414, 1633, 1110, '2020-10-21 04:10:20', '2020-10-21 04:10:20'),
(1415, 1633, 1111, '2020-10-21 04:10:20', '2020-10-21 04:10:20'),
(1416, 1633, 1112, '2020-10-21 04:10:20', '2020-10-21 04:10:20'),
(1417, 1634, 1109, '2020-10-21 04:11:45', '2020-10-21 04:11:45'),
(1418, 1634, 1110, '2020-10-21 04:11:45', '2020-10-21 04:11:45'),
(1419, 1634, 1111, '2020-10-21 04:11:45', '2020-10-21 04:11:45'),
(1420, 1634, 1112, '2020-10-21 04:11:46', '2020-10-21 04:11:46'),
(1421, 1635, 1113, '2020-10-21 05:41:34', '2020-10-21 05:41:34'),
(1422, 1635, 1114, '2020-10-21 05:41:34', '2020-10-21 05:41:34'),
(1423, 1635, 1115, '2020-10-21 05:41:34', '2020-10-21 05:41:34'),
(1424, 1635, 1116, '2020-10-21 05:41:34', '2020-10-21 05:41:34'),
(1425, 1636, 1113, '2020-10-21 05:41:34', '2020-10-21 05:41:34'),
(1426, 1636, 1114, '2020-10-21 05:41:34', '2020-10-21 05:41:34'),
(1427, 1636, 1115, '2020-10-21 05:41:34', '2020-10-21 05:41:34'),
(1428, 1636, 1116, '2020-10-21 05:41:34', '2020-10-21 05:41:34'),
(1429, 1637, 1113, '2020-10-21 05:41:34', '2020-10-21 05:41:34'),
(1430, 1637, 1114, '2020-10-21 05:41:34', '2020-10-21 05:41:34'),
(1431, 1637, 1115, '2020-10-21 05:41:34', '2020-10-21 05:41:34'),
(1432, 1637, 1116, '2020-10-21 05:41:34', '2020-10-21 05:41:34'),
(1433, 1638, 1113, '2020-10-21 05:41:35', '2020-10-21 05:41:35'),
(1434, 1638, 1114, '2020-10-21 05:41:35', '2020-10-21 05:41:35'),
(1435, 1638, 1115, '2020-10-21 05:41:35', '2020-10-21 05:41:35'),
(1436, 1638, 1116, '2020-10-21 05:41:35', '2020-10-21 05:41:35'),
(1437, 1639, 1113, '2020-10-21 05:41:35', '2020-10-21 05:41:35'),
(1438, 1639, 1114, '2020-10-21 05:41:35', '2020-10-21 05:41:35'),
(1439, 1639, 1115, '2020-10-21 05:41:35', '2020-10-21 05:41:35'),
(1440, 1639, 1116, '2020-10-21 05:41:35', '2020-10-21 05:41:35'),
(1441, 1640, 1113, '2020-10-21 05:41:35', '2020-10-21 05:41:35'),
(1442, 1640, 1114, '2020-10-21 05:41:35', '2020-10-21 05:41:35'),
(1443, 1640, 1115, '2020-10-21 05:41:35', '2020-10-21 05:41:35'),
(1444, 1640, 1116, '2020-10-21 05:41:35', '2020-10-21 05:41:35'),
(1445, 1641, 1113, '2020-10-21 05:41:35', '2020-10-21 05:41:35'),
(1446, 1641, 1114, '2020-10-21 05:41:35', '2020-10-21 05:41:35'),
(1447, 1641, 1115, '2020-10-21 05:41:36', '2020-10-21 05:41:36'),
(1448, 1641, 1116, '2020-10-21 05:41:36', '2020-10-21 05:41:36'),
(1449, 1642, 1117, '2020-10-21 08:48:42', '2020-10-21 08:48:42'),
(1450, 1642, 1118, '2020-10-21 08:48:42', '2020-10-21 08:48:42'),
(1451, 1642, 1119, '2020-10-21 08:48:42', '2020-10-21 08:48:42'),
(1452, 1642, 1120, '2020-10-21 08:48:42', '2020-10-21 08:48:42'),
(1453, 1643, 1117, '2020-10-21 08:48:42', '2020-10-21 08:48:42'),
(1454, 1643, 1118, '2020-10-21 08:48:42', '2020-10-21 08:48:42'),
(1455, 1643, 1119, '2020-10-21 08:48:42', '2020-10-21 08:48:42'),
(1456, 1643, 1120, '2020-10-21 08:48:42', '2020-10-21 08:48:42'),
(1457, 1644, 1117, '2020-10-21 08:48:42', '2020-10-21 08:48:42'),
(1458, 1644, 1118, '2020-10-21 08:48:42', '2020-10-21 08:48:42'),
(1459, 1644, 1119, '2020-10-21 08:48:43', '2020-10-21 08:48:43'),
(1460, 1644, 1120, '2020-10-21 08:48:43', '2020-10-21 08:48:43'),
(1461, 1645, 1117, '2020-10-21 08:48:43', '2020-10-21 08:48:43'),
(1462, 1645, 1118, '2020-10-21 08:48:43', '2020-10-21 08:48:43'),
(1463, 1645, 1119, '2020-10-21 08:48:43', '2020-10-21 08:48:43'),
(1464, 1645, 1120, '2020-10-21 08:48:43', '2020-10-21 08:48:43'),
(1465, 1646, 1117, '2020-10-21 08:48:43', '2020-10-21 08:48:43'),
(1466, 1646, 1118, '2020-10-21 08:48:43', '2020-10-21 08:48:43'),
(1467, 1646, 1119, '2020-10-21 08:48:43', '2020-10-21 08:48:43'),
(1468, 1646, 1120, '2020-10-21 08:48:43', '2020-10-21 08:48:43'),
(1469, 1647, 1117, '2020-10-21 08:48:44', '2020-10-21 08:48:44'),
(1470, 1647, 1118, '2020-10-21 08:48:44', '2020-10-21 08:48:44'),
(1471, 1647, 1119, '2020-10-21 08:48:44', '2020-10-21 08:48:44'),
(1472, 1647, 1120, '2020-10-21 08:48:44', '2020-10-21 08:48:44'),
(1473, 1648, 1117, '2020-10-21 08:48:44', '2020-10-21 08:48:44'),
(1474, 1648, 1118, '2020-10-21 08:48:44', '2020-10-21 08:48:44'),
(1475, 1648, 1119, '2020-10-21 08:48:44', '2020-10-21 08:48:44'),
(1476, 1648, 1120, '2020-10-21 08:48:44', '2020-10-21 08:48:44'),
(1477, 1649, 1121, '2020-10-21 23:22:54', '2020-10-21 23:22:54'),
(1478, 1649, 1122, '2020-10-21 23:22:54', '2020-10-21 23:22:54'),
(1479, 1649, 1123, '2020-10-21 23:22:54', '2020-10-21 23:22:54'),
(1480, 1649, 1124, '2020-10-21 23:22:54', '2020-10-21 23:22:54'),
(1481, 1650, 1121, '2020-10-21 23:22:55', '2020-10-21 23:22:55'),
(1482, 1650, 1122, '2020-10-21 23:22:55', '2020-10-21 23:22:55'),
(1483, 1650, 1123, '2020-10-21 23:22:55', '2020-10-21 23:22:55'),
(1484, 1650, 1124, '2020-10-21 23:22:55', '2020-10-21 23:22:55'),
(1485, 1651, 1121, '2020-10-21 23:22:55', '2020-10-21 23:22:55'),
(1486, 1651, 1122, '2020-10-21 23:22:55', '2020-10-21 23:22:55'),
(1487, 1651, 1123, '2020-10-21 23:22:55', '2020-10-21 23:22:55'),
(1488, 1651, 1124, '2020-10-21 23:22:55', '2020-10-21 23:22:55'),
(1489, 1652, 1121, '2020-10-21 23:22:55', '2020-10-21 23:22:55'),
(1490, 1652, 1122, '2020-10-21 23:22:55', '2020-10-21 23:22:55'),
(1491, 1652, 1123, '2020-10-21 23:22:55', '2020-10-21 23:22:55'),
(1492, 1652, 1124, '2020-10-21 23:22:55', '2020-10-21 23:22:55'),
(1493, 1653, 1125, '2020-10-22 00:41:09', '2020-10-22 00:41:09'),
(1494, 1653, 1126, '2020-10-22 00:41:09', '2020-10-22 00:41:09'),
(1495, 1653, 1127, '2020-10-22 00:41:09', '2020-10-22 00:41:09'),
(1496, 1653, 1128, '2020-10-22 00:41:09', '2020-10-22 00:41:09'),
(1497, 1654, 1125, '2020-10-22 00:41:10', '2020-10-22 00:41:10'),
(1498, 1654, 1126, '2020-10-22 00:41:10', '2020-10-22 00:41:10'),
(1499, 1654, 1127, '2020-10-22 00:41:10', '2020-10-22 00:41:10'),
(1500, 1654, 1128, '2020-10-22 00:41:10', '2020-10-22 00:41:10'),
(1501, 1655, 1125, '2020-10-22 00:41:10', '2020-10-22 00:41:10'),
(1502, 1655, 1126, '2020-10-22 00:41:10', '2020-10-22 00:41:10'),
(1503, 1655, 1127, '2020-10-22 00:41:10', '2020-10-22 00:41:10'),
(1504, 1655, 1128, '2020-10-22 00:41:10', '2020-10-22 00:41:10'),
(1505, 1656, 1125, '2020-10-22 00:41:10', '2020-10-22 00:41:10'),
(1506, 1656, 1126, '2020-10-22 00:41:10', '2020-10-22 00:41:10'),
(1507, 1656, 1127, '2020-10-22 00:41:10', '2020-10-22 00:41:10'),
(1508, 1656, 1128, '2020-10-22 00:41:10', '2020-10-22 00:41:10'),
(1509, 1657, 1121, '2020-10-22 17:40:30', '2020-10-22 17:40:30'),
(1510, 1657, 1122, '2020-10-22 17:40:30', '2020-10-22 17:40:30'),
(1511, 1657, 1123, '2020-10-22 17:40:30', '2020-10-22 17:40:30'),
(1512, 1657, 1124, '2020-10-22 17:40:30', '2020-10-22 17:40:30'),
(1513, 1658, 1129, '2020-10-22 17:42:08', '2020-10-22 17:42:08'),
(1514, 1658, 1130, '2020-10-22 17:42:08', '2020-10-22 17:42:08'),
(1515, 1658, 1131, '2020-10-22 17:42:08', '2020-10-22 17:42:08'),
(1516, 1658, 1132, '2020-10-22 17:42:08', '2020-10-22 17:42:08'),
(1517, 1659, 1129, '2020-10-22 17:42:08', '2020-10-22 17:42:08'),
(1518, 1659, 1130, '2020-10-22 17:42:08', '2020-10-22 17:42:08'),
(1519, 1659, 1131, '2020-10-22 17:42:08', '2020-10-22 17:42:08'),
(1520, 1659, 1132, '2020-10-22 17:42:08', '2020-10-22 17:42:08'),
(1521, 1660, 1129, '2020-10-22 17:42:09', '2020-10-22 17:42:09'),
(1522, 1660, 1130, '2020-10-22 17:42:09', '2020-10-22 17:42:09'),
(1523, 1660, 1131, '2020-10-22 17:42:09', '2020-10-22 17:42:09'),
(1524, 1660, 1132, '2020-10-22 17:42:09', '2020-10-22 17:42:09'),
(1525, 1661, 1129, '2020-10-22 17:42:09', '2020-10-22 17:42:09'),
(1526, 1661, 1130, '2020-10-22 17:42:09', '2020-10-22 17:42:09'),
(1527, 1661, 1131, '2020-10-22 17:42:09', '2020-10-22 17:42:09'),
(1528, 1661, 1132, '2020-10-22 17:42:09', '2020-10-22 17:42:09'),
(1529, 1662, 1129, '2020-10-22 17:42:09', '2020-10-22 17:42:09'),
(1530, 1662, 1130, '2020-10-22 17:42:09', '2020-10-22 17:42:09'),
(1531, 1662, 1131, '2020-10-22 17:42:09', '2020-10-22 17:42:09'),
(1532, 1662, 1132, '2020-10-22 17:42:09', '2020-10-22 17:42:09'),
(1533, 1663, 1133, '2020-10-27 00:38:09', '2020-10-27 00:38:09'),
(1534, 1663, 1134, '2020-10-27 00:38:09', '2020-10-27 00:38:09'),
(1535, 1663, 1135, '2020-10-27 00:38:09', '2020-10-27 00:38:09'),
(1536, 1663, 1136, '2020-10-27 00:38:09', '2020-10-27 00:38:09'),
(1537, 1664, 1133, '2020-10-27 00:38:10', '2020-10-27 00:38:10'),
(1538, 1664, 1134, '2020-10-27 00:38:10', '2020-10-27 00:38:10'),
(1539, 1664, 1135, '2020-10-27 00:38:10', '2020-10-27 00:38:10'),
(1540, 1664, 1136, '2020-10-27 00:38:10', '2020-10-27 00:38:10'),
(1541, 1665, 1133, '2020-10-27 00:38:10', '2020-10-27 00:38:10'),
(1542, 1665, 1134, '2020-10-27 00:38:10', '2020-10-27 00:38:10'),
(1543, 1665, 1135, '2020-10-27 00:38:10', '2020-10-27 00:38:10'),
(1544, 1665, 1136, '2020-10-27 00:38:10', '2020-10-27 00:38:10'),
(1545, 1666, 1137, '2020-11-04 00:07:15', '2020-11-04 00:07:15'),
(1546, 1666, 1138, '2020-11-04 00:07:15', '2020-11-04 00:07:15'),
(1547, 1666, 1139, '2020-11-04 00:07:15', '2020-11-04 00:07:15'),
(1548, 1666, 1140, '2020-11-04 00:07:15', '2020-11-04 00:07:15'),
(1549, 1667, 1137, '2020-11-04 00:07:15', '2020-11-04 00:07:15'),
(1550, 1667, 1138, '2020-11-04 00:07:15', '2020-11-04 00:07:15'),
(1551, 1667, 1139, '2020-11-04 00:07:15', '2020-11-04 00:07:15'),
(1552, 1667, 1140, '2020-11-04 00:07:15', '2020-11-04 00:07:15'),
(1553, 1668, 1137, '2020-11-04 00:07:15', '2020-11-04 00:07:15'),
(1554, 1668, 1138, '2020-11-04 00:07:15', '2020-11-04 00:07:15'),
(1555, 1668, 1139, '2020-11-04 00:07:15', '2020-11-04 00:07:15'),
(1556, 1668, 1140, '2020-11-04 00:07:15', '2020-11-04 00:07:15'),
(1557, 1669, 1141, '2020-11-04 00:07:49', '2020-11-04 00:07:49'),
(1558, 1669, 1142, '2020-11-04 00:07:49', '2020-11-04 00:07:49'),
(1559, 1669, 1143, '2020-11-04 00:07:49', '2020-11-04 00:07:49'),
(1560, 1669, 1144, '2020-11-04 00:07:49', '2020-11-04 00:07:49'),
(1561, 1670, 1141, '2020-11-04 00:07:49', '2020-11-04 00:07:49'),
(1562, 1670, 1142, '2020-11-04 00:07:49', '2020-11-04 00:07:49'),
(1563, 1670, 1143, '2020-11-04 00:07:49', '2020-11-04 00:07:49'),
(1564, 1670, 1144, '2020-11-04 00:07:49', '2020-11-04 00:07:49'),
(1565, 1671, 1141, '2020-11-04 00:07:50', '2020-11-04 00:07:50'),
(1566, 1671, 1142, '2020-11-04 00:07:50', '2020-11-04 00:07:50'),
(1567, 1671, 1143, '2020-11-04 00:07:50', '2020-11-04 00:07:50'),
(1568, 1671, 1144, '2020-11-04 00:07:50', '2020-11-04 00:07:50'),
(1569, 1672, 1145, '2020-11-04 00:12:09', '2020-11-04 00:12:09'),
(1570, 1672, 1146, '2020-11-04 00:12:09', '2020-11-04 00:12:09'),
(1571, 1672, 1147, '2020-11-04 00:12:09', '2020-11-04 00:12:09'),
(1572, 1672, 1148, '2020-11-04 00:12:09', '2020-11-04 00:12:09'),
(1573, 1673, 1145, '2020-11-04 00:41:51', '2020-11-04 00:41:51'),
(1574, 1673, 1146, '2020-11-04 00:41:51', '2020-11-04 00:41:51'),
(1575, 1673, 1147, '2020-11-04 00:41:51', '2020-11-04 00:41:51'),
(1576, 1673, 1148, '2020-11-04 00:41:52', '2020-11-04 00:41:52'),
(1577, 1674, 1145, '2020-11-04 00:43:48', '2020-11-04 00:43:48'),
(1578, 1674, 1146, '2020-11-04 00:43:49', '2020-11-04 00:43:49'),
(1579, 1674, 1147, '2020-11-04 00:43:49', '2020-11-04 00:43:49'),
(1580, 1674, 1148, '2020-11-04 00:43:49', '2020-11-04 00:43:49'),
(1581, 1675, 1145, '2020-11-04 00:44:02', '2020-11-04 00:44:02'),
(1582, 1675, 1146, '2020-11-04 00:44:02', '2020-11-04 00:44:02'),
(1583, 1675, 1147, '2020-11-04 00:44:02', '2020-11-04 00:44:02'),
(1584, 1675, 1148, '2020-11-04 00:44:02', '2020-11-04 00:44:02'),
(1585, 1676, 1145, '2020-11-04 00:44:26', '2020-11-04 00:44:26'),
(1586, 1676, 1146, '2020-11-04 00:44:26', '2020-11-04 00:44:26'),
(1587, 1676, 1147, '2020-11-04 00:44:26', '2020-11-04 00:44:26'),
(1588, 1676, 1148, '2020-11-04 00:44:26', '2020-11-04 00:44:26'),
(1589, 1679, 1157, '2020-11-05 03:33:57', '2020-11-05 03:33:57'),
(1590, 1679, 1158, '2020-11-05 03:33:57', '2020-11-05 03:33:57'),
(1591, 1679, 1159, '2020-11-05 03:33:57', '2020-11-05 03:33:57'),
(1592, 1679, 1160, '2020-11-05 03:33:57', '2020-11-05 03:33:57'),
(1593, 1680, 1157, '2020-11-05 03:33:57', '2020-11-05 03:33:57'),
(1594, 1680, 1158, '2020-11-05 03:33:57', '2020-11-05 03:33:57'),
(1595, 1680, 1159, '2020-11-05 03:33:57', '2020-11-05 03:33:57'),
(1596, 1680, 1160, '2020-11-05 03:33:57', '2020-11-05 03:33:57'),
(1597, 1681, 1157, '2020-11-05 03:33:57', '2020-11-05 03:33:57'),
(1598, 1681, 1158, '2020-11-05 03:33:57', '2020-11-05 03:33:57'),
(1599, 1681, 1159, '2020-11-05 03:33:57', '2020-11-05 03:33:57'),
(1600, 1681, 1160, '2020-11-05 03:33:57', '2020-11-05 03:33:57'),
(1601, 1682, 1161, '2020-11-05 03:37:36', '2020-11-05 03:37:36'),
(1602, 1682, 1162, '2020-11-05 03:37:36', '2020-11-05 03:37:36'),
(1603, 1682, 1163, '2020-11-05 03:37:36', '2020-11-05 03:37:36'),
(1604, 1682, 1164, '2020-11-05 03:37:36', '2020-11-05 03:37:36'),
(1605, 1683, 1161, '2020-11-05 03:37:37', '2020-11-05 03:37:37'),
(1606, 1683, 1162, '2020-11-05 03:37:37', '2020-11-05 03:37:37'),
(1607, 1683, 1163, '2020-11-05 03:37:37', '2020-11-05 03:37:37'),
(1608, 1683, 1164, '2020-11-05 03:37:37', '2020-11-05 03:37:37'),
(1609, 1684, 1161, '2020-11-05 03:37:37', '2020-11-05 03:37:37'),
(1610, 1684, 1162, '2020-11-05 03:37:37', '2020-11-05 03:37:37'),
(1611, 1684, 1163, '2020-11-05 03:37:37', '2020-11-05 03:37:37'),
(1612, 1684, 1164, '2020-11-05 03:37:37', '2020-11-05 03:37:37'),
(1613, 1685, 1165, '2020-11-11 22:20:14', '2020-11-11 22:20:14'),
(1614, 1685, 1166, '2020-11-11 22:20:14', '2020-11-11 22:20:14'),
(1615, 1685, 1167, '2020-11-11 22:20:14', '2020-11-11 22:20:14'),
(1616, 1685, 1168, '2020-11-11 22:20:14', '2020-11-11 22:20:14'),
(1617, 1686, 1165, '2020-11-11 22:20:15', '2020-11-11 22:20:15'),
(1618, 1686, 1166, '2020-11-11 22:20:15', '2020-11-11 22:20:15'),
(1619, 1686, 1167, '2020-11-11 22:20:15', '2020-11-11 22:20:15'),
(1620, 1686, 1168, '2020-11-11 22:20:15', '2020-11-11 22:20:15'),
(1621, 1687, 1165, '2020-11-11 22:20:15', '2020-11-11 22:20:15'),
(1622, 1687, 1166, '2020-11-11 22:20:15', '2020-11-11 22:20:15'),
(1623, 1687, 1167, '2020-11-11 22:20:15', '2020-11-11 22:20:15'),
(1624, 1687, 1168, '2020-11-11 22:20:15', '2020-11-11 22:20:15'),
(1625, 1688, 1169, '2020-11-11 22:24:04', '2020-11-11 22:24:04'),
(1626, 1688, 1170, '2020-11-11 22:24:04', '2020-11-11 22:24:04'),
(1627, 1688, 1171, '2020-11-11 22:24:04', '2020-11-11 22:24:04'),
(1628, 1688, 1172, '2020-11-11 22:24:04', '2020-11-11 22:24:04'),
(1629, 1689, 1169, '2020-11-11 22:24:04', '2020-11-11 22:24:04'),
(1630, 1689, 1170, '2020-11-11 22:24:04', '2020-11-11 22:24:04'),
(1631, 1689, 1171, '2020-11-11 22:24:04', '2020-11-11 22:24:04'),
(1632, 1689, 1172, '2020-11-11 22:24:04', '2020-11-11 22:24:04'),
(1633, 1690, 1169, '2020-11-11 22:24:04', '2020-11-11 22:24:04'),
(1634, 1690, 1170, '2020-11-11 22:24:04', '2020-11-11 22:24:04'),
(1635, 1690, 1171, '2020-11-11 22:24:04', '2020-11-11 22:24:04'),
(1636, 1690, 1172, '2020-11-11 22:24:05', '2020-11-11 22:24:05'),
(1637, 1691, 1173, '2020-11-11 22:25:37', '2020-11-11 22:25:37'),
(1638, 1691, 1174, '2020-11-11 22:25:37', '2020-11-11 22:25:37'),
(1639, 1691, 1175, '2020-11-11 22:25:37', '2020-11-11 22:25:37'),
(1640, 1691, 1176, '2020-11-11 22:25:37', '2020-11-11 22:25:37'),
(1641, 1692, 1173, '2020-11-11 22:25:37', '2020-11-11 22:25:37'),
(1642, 1692, 1174, '2020-11-11 22:25:37', '2020-11-11 22:25:37'),
(1643, 1692, 1175, '2020-11-11 22:25:37', '2020-11-11 22:25:37'),
(1644, 1692, 1176, '2020-11-11 22:25:37', '2020-11-11 22:25:37'),
(1645, 1693, 1173, '2020-11-11 22:25:37', '2020-11-11 22:25:37'),
(1646, 1693, 1174, '2020-11-11 22:25:37', '2020-11-11 22:25:37'),
(1647, 1693, 1175, '2020-11-11 22:25:38', '2020-11-11 22:25:38'),
(1648, 1693, 1176, '2020-11-11 22:25:38', '2020-11-11 22:25:38'),
(1649, 1694, 1177, '2020-11-11 22:26:16', '2020-11-11 22:26:16'),
(1650, 1694, 1178, '2020-11-11 22:26:16', '2020-11-11 22:26:16'),
(1651, 1694, 1179, '2020-11-11 22:26:16', '2020-11-11 22:26:16'),
(1652, 1694, 1180, '2020-11-11 22:26:17', '2020-11-11 22:26:17'),
(1653, 1695, 1177, '2020-11-11 22:26:17', '2020-11-11 22:26:17'),
(1654, 1695, 1178, '2020-11-11 22:26:17', '2020-11-11 22:26:17'),
(1655, 1695, 1179, '2020-11-11 22:26:17', '2020-11-11 22:26:17'),
(1656, 1695, 1180, '2020-11-11 22:26:17', '2020-11-11 22:26:17'),
(1657, 1696, 1177, '2020-11-11 22:26:17', '2020-11-11 22:26:17'),
(1658, 1696, 1178, '2020-11-11 22:26:17', '2020-11-11 22:26:17'),
(1659, 1696, 1179, '2020-11-11 22:26:17', '2020-11-11 22:26:17'),
(1660, 1696, 1180, '2020-11-11 22:26:17', '2020-11-11 22:26:17'),
(1661, 1697, 1181, '2020-11-11 22:27:20', '2020-11-11 22:27:20'),
(1662, 1697, 1182, '2020-11-11 22:27:20', '2020-11-11 22:27:20'),
(1663, 1697, 1183, '2020-11-11 22:27:20', '2020-11-11 22:27:20'),
(1664, 1697, 1184, '2020-11-11 22:27:20', '2020-11-11 22:27:20'),
(1665, 1698, 1181, '2020-11-11 22:27:20', '2020-11-11 22:27:20'),
(1666, 1698, 1182, '2020-11-11 22:27:20', '2020-11-11 22:27:20'),
(1667, 1698, 1183, '2020-11-11 22:27:20', '2020-11-11 22:27:20'),
(1668, 1698, 1184, '2020-11-11 22:27:20', '2020-11-11 22:27:20'),
(1669, 1699, 1181, '2020-11-11 22:27:20', '2020-11-11 22:27:20'),
(1670, 1699, 1182, '2020-11-11 22:27:20', '2020-11-11 22:27:20'),
(1671, 1699, 1183, '2020-11-11 22:27:20', '2020-11-11 22:27:20'),
(1672, 1699, 1184, '2020-11-11 22:27:21', '2020-11-11 22:27:21'),
(1673, 1700, 1185, '2020-11-11 22:28:29', '2020-11-11 22:28:29'),
(1674, 1700, 1186, '2020-11-11 22:28:29', '2020-11-11 22:28:29'),
(1675, 1700, 1187, '2020-11-11 22:28:29', '2020-11-11 22:28:29'),
(1676, 1700, 1188, '2020-11-11 22:28:29', '2020-11-11 22:28:29'),
(1677, 1701, 1185, '2020-11-11 22:28:29', '2020-11-11 22:28:29'),
(1678, 1701, 1186, '2020-11-11 22:28:29', '2020-11-11 22:28:29'),
(1679, 1701, 1187, '2020-11-11 22:28:29', '2020-11-11 22:28:29'),
(1680, 1701, 1188, '2020-11-11 22:28:29', '2020-11-11 22:28:29'),
(1681, 1702, 1185, '2020-11-11 22:28:29', '2020-11-11 22:28:29'),
(1682, 1702, 1186, '2020-11-11 22:28:29', '2020-11-11 22:28:29'),
(1683, 1702, 1187, '2020-11-11 22:28:29', '2020-11-11 22:28:29'),
(1684, 1702, 1188, '2020-11-11 22:28:29', '2020-11-11 22:28:29'),
(1685, 1703, 1189, '2020-11-11 22:32:47', '2020-11-11 22:32:47'),
(1686, 1703, 1190, '2020-11-11 22:32:47', '2020-11-11 22:32:47'),
(1687, 1703, 1191, '2020-11-11 22:32:47', '2020-11-11 22:32:47'),
(1688, 1703, 1192, '2020-11-11 22:32:47', '2020-11-11 22:32:47'),
(1689, 1704, 1189, '2020-11-11 22:32:48', '2020-11-11 22:32:48'),
(1690, 1704, 1190, '2020-11-11 22:32:48', '2020-11-11 22:32:48'),
(1691, 1704, 1191, '2020-11-11 22:32:48', '2020-11-11 22:32:48'),
(1692, 1704, 1192, '2020-11-11 22:32:48', '2020-11-11 22:32:48'),
(1693, 1705, 1189, '2020-11-11 22:32:48', '2020-11-11 22:32:48'),
(1694, 1705, 1190, '2020-11-11 22:32:48', '2020-11-11 22:32:48'),
(1695, 1705, 1191, '2020-11-11 22:32:48', '2020-11-11 22:32:48'),
(1696, 1705, 1192, '2020-11-11 22:32:48', '2020-11-11 22:32:48'),
(1697, 1706, 1193, '2020-11-11 22:35:07', '2020-11-11 22:35:07'),
(1698, 1706, 1194, '2020-11-11 22:35:07', '2020-11-11 22:35:07'),
(1699, 1706, 1195, '2020-11-11 22:35:07', '2020-11-11 22:35:07'),
(1700, 1706, 1196, '2020-11-11 22:35:07', '2020-11-11 22:35:07'),
(1701, 1707, 1193, '2020-11-11 22:35:07', '2020-11-11 22:35:07'),
(1702, 1707, 1194, '2020-11-11 22:35:07', '2020-11-11 22:35:07'),
(1703, 1707, 1195, '2020-11-11 22:35:07', '2020-11-11 22:35:07'),
(1704, 1707, 1196, '2020-11-11 22:35:07', '2020-11-11 22:35:07'),
(1705, 1708, 1193, '2020-11-11 22:35:07', '2020-11-11 22:35:07'),
(1706, 1708, 1194, '2020-11-11 22:35:07', '2020-11-11 22:35:07'),
(1707, 1708, 1195, '2020-11-11 22:35:07', '2020-11-11 22:35:07'),
(1708, 1708, 1196, '2020-11-11 22:35:07', '2020-11-11 22:35:07'),
(1709, 1709, 1197, '2020-11-11 22:36:01', '2020-11-11 22:36:01'),
(1710, 1709, 1198, '2020-11-11 22:36:01', '2020-11-11 22:36:01'),
(1711, 1709, 1199, '2020-11-11 22:36:01', '2020-11-11 22:36:01'),
(1712, 1709, 1200, '2020-11-11 22:36:01', '2020-11-11 22:36:01'),
(1713, 1710, 1197, '2020-11-11 22:36:01', '2020-11-11 22:36:01'),
(1714, 1710, 1198, '2020-11-11 22:36:01', '2020-11-11 22:36:01'),
(1715, 1710, 1199, '2020-11-11 22:36:01', '2020-11-11 22:36:01'),
(1716, 1710, 1200, '2020-11-11 22:36:01', '2020-11-11 22:36:01'),
(1717, 1711, 1197, '2020-11-11 22:36:01', '2020-11-11 22:36:01'),
(1718, 1711, 1198, '2020-11-11 22:36:01', '2020-11-11 22:36:01'),
(1719, 1711, 1199, '2020-11-11 22:36:02', '2020-11-11 22:36:02'),
(1720, 1711, 1200, '2020-11-11 22:36:02', '2020-11-11 22:36:02'),
(1721, 1712, 1201, '2020-11-11 22:41:11', '2020-11-11 22:41:11'),
(1722, 1712, 1202, '2020-11-11 22:41:11', '2020-11-11 22:41:11'),
(1723, 1712, 1203, '2020-11-11 22:41:11', '2020-11-11 22:41:11'),
(1724, 1712, 1204, '2020-11-11 22:41:11', '2020-11-11 22:41:11'),
(1725, 1713, 1201, '2020-11-11 22:41:12', '2020-11-11 22:41:12'),
(1726, 1713, 1202, '2020-11-11 22:41:12', '2020-11-11 22:41:12'),
(1727, 1713, 1203, '2020-11-11 22:41:12', '2020-11-11 22:41:12'),
(1728, 1713, 1204, '2020-11-11 22:41:12', '2020-11-11 22:41:12'),
(1729, 1714, 1201, '2020-11-11 22:41:12', '2020-11-11 22:41:12'),
(1730, 1714, 1202, '2020-11-11 22:41:12', '2020-11-11 22:41:12'),
(1731, 1714, 1203, '2020-11-11 22:41:12', '2020-11-11 22:41:12'),
(1732, 1714, 1204, '2020-11-11 22:41:12', '2020-11-11 22:41:12'),
(1733, 1715, 1205, '2020-11-11 22:45:20', '2020-11-11 22:45:20'),
(1734, 1715, 1206, '2020-11-11 22:45:20', '2020-11-11 22:45:20'),
(1735, 1715, 1207, '2020-11-11 22:45:21', '2020-11-11 22:45:21'),
(1736, 1715, 1208, '2020-11-11 22:45:21', '2020-11-11 22:45:21'),
(1737, 1716, 1205, '2020-11-11 22:45:21', '2020-11-11 22:45:21'),
(1738, 1716, 1206, '2020-11-11 22:45:21', '2020-11-11 22:45:21'),
(1739, 1716, 1207, '2020-11-11 22:45:21', '2020-11-11 22:45:21'),
(1740, 1716, 1208, '2020-11-11 22:45:21', '2020-11-11 22:45:21'),
(1741, 1717, 1205, '2020-11-11 22:45:21', '2020-11-11 22:45:21'),
(1742, 1717, 1206, '2020-11-11 22:45:21', '2020-11-11 22:45:21'),
(1743, 1717, 1207, '2020-11-11 22:45:21', '2020-11-11 22:45:21'),
(1744, 1717, 1208, '2020-11-11 22:45:21', '2020-11-11 22:45:21'),
(1745, 1718, 1209, '2020-11-11 22:46:59', '2020-11-11 22:46:59'),
(1746, 1718, 1210, '2020-11-11 22:46:59', '2020-11-11 22:46:59'),
(1747, 1718, 1211, '2020-11-11 22:46:59', '2020-11-11 22:46:59'),
(1748, 1718, 1212, '2020-11-11 22:46:59', '2020-11-11 22:46:59'),
(1749, 1719, 1209, '2020-11-11 22:46:59', '2020-11-11 22:46:59'),
(1750, 1719, 1210, '2020-11-11 22:46:59', '2020-11-11 22:46:59'),
(1751, 1719, 1211, '2020-11-11 22:46:59', '2020-11-11 22:46:59'),
(1752, 1719, 1212, '2020-11-11 22:46:59', '2020-11-11 22:46:59'),
(1753, 1720, 1209, '2020-11-11 22:46:59', '2020-11-11 22:46:59'),
(1754, 1720, 1210, '2020-11-11 22:46:59', '2020-11-11 22:46:59'),
(1755, 1720, 1211, '2020-11-11 22:47:00', '2020-11-11 22:47:00'),
(1756, 1720, 1212, '2020-11-11 22:47:00', '2020-11-11 22:47:00'),
(1757, 1721, 1213, '2020-11-11 22:49:08', '2020-11-11 22:49:08'),
(1758, 1721, 1214, '2020-11-11 22:49:08', '2020-11-11 22:49:08'),
(1759, 1721, 1215, '2020-11-11 22:49:08', '2020-11-11 22:49:08'),
(1760, 1721, 1216, '2020-11-11 22:49:08', '2020-11-11 22:49:08'),
(1761, 1722, 1213, '2020-11-11 22:49:08', '2020-11-11 22:49:08'),
(1762, 1722, 1214, '2020-11-11 22:49:08', '2020-11-11 22:49:08'),
(1763, 1722, 1215, '2020-11-11 22:49:08', '2020-11-11 22:49:08'),
(1764, 1722, 1216, '2020-11-11 22:49:08', '2020-11-11 22:49:08'),
(1833, 1740, 1237, '2020-11-18 20:57:25', '2020-11-18 20:57:25'),
(1834, 1740, 1238, '2020-11-18 20:57:25', '2020-11-18 20:57:25'),
(1835, 1740, 1239, '2020-11-18 20:57:26', '2020-11-18 20:57:26'),
(1836, 1740, 1240, '2020-11-18 20:57:26', '2020-11-18 20:57:26'),
(1841, 1742, 1237, '2020-11-19 04:57:58', '2020-11-19 04:57:58'),
(1842, 1742, 1238, '2020-11-19 04:57:58', '2020-11-19 04:57:58'),
(1843, 1742, 1239, '2020-11-19 04:57:58', '2020-11-19 04:57:58'),
(1844, 1742, 1240, '2020-11-19 04:57:58', '2020-11-19 04:57:58'),
(1845, 1743, 1237, '2020-11-19 05:10:40', '2020-11-19 05:10:40'),
(1846, 1743, 1238, '2020-11-19 05:10:40', '2020-11-19 05:10:40'),
(1847, 1743, 1239, '2020-11-19 05:10:40', '2020-11-19 05:10:40'),
(1848, 1743, 1240, '2020-11-19 05:10:40', '2020-11-19 05:10:40'),
(1849, 1744, 1237, '2020-11-19 05:10:42', '2020-11-19 05:10:42'),
(1850, 1744, 1238, '2020-11-19 05:10:43', '2020-11-19 05:10:43'),
(1851, 1744, 1239, '2020-11-19 05:10:43', '2020-11-19 05:10:43'),
(1852, 1744, 1240, '2020-11-19 05:10:43', '2020-11-19 05:10:43'),
(1853, 1745, 1237, '2020-11-19 05:10:45', '2020-11-19 05:10:45'),
(1854, 1745, 1238, '2020-11-19 05:10:45', '2020-11-19 05:10:45'),
(1855, 1745, 1239, '2020-11-19 05:10:45', '2020-11-19 05:10:45'),
(1856, 1745, 1240, '2020-11-19 05:10:46', '2020-11-19 05:10:46'),
(1857, 1746, 1237, '2020-11-19 05:14:23', '2020-11-19 05:14:23'),
(1858, 1746, 1238, '2020-11-19 05:14:23', '2020-11-19 05:14:23'),
(1859, 1746, 1239, '2020-11-19 05:14:23', '2020-11-19 05:14:23'),
(1860, 1746, 1240, '2020-11-19 05:14:23', '2020-11-19 05:14:23'),
(1861, 1747, 1237, '2020-11-19 05:14:25', '2020-11-19 05:14:25'),
(1862, 1747, 1238, '2020-11-19 05:14:25', '2020-11-19 05:14:25'),
(1863, 1747, 1239, '2020-11-19 05:14:26', '2020-11-19 05:14:26'),
(1864, 1747, 1240, '2020-11-19 05:14:26', '2020-11-19 05:14:26'),
(1865, 1748, 1237, '2020-11-19 05:14:29', '2020-11-19 05:14:29'),
(1866, 1748, 1238, '2020-11-19 05:14:29', '2020-11-19 05:14:29'),
(1867, 1748, 1239, '2020-11-19 05:14:30', '2020-11-19 05:14:30'),
(1868, 1748, 1240, '2020-11-19 05:14:30', '2020-11-19 05:14:30'),
(1869, 1749, 1237, '2020-11-19 05:14:32', '2020-11-19 05:14:32'),
(1870, 1749, 1238, '2020-11-19 05:14:32', '2020-11-19 05:14:32'),
(1871, 1749, 1239, '2020-11-19 05:14:32', '2020-11-19 05:14:32'),
(1872, 1749, 1240, '2020-11-19 05:14:32', '2020-11-19 05:14:32'),
(1873, 1750, 1237, '2020-11-19 05:14:34', '2020-11-19 05:14:34'),
(1874, 1750, 1238, '2020-11-19 05:14:34', '2020-11-19 05:14:34'),
(1875, 1750, 1239, '2020-11-19 05:14:34', '2020-11-19 05:14:34'),
(1876, 1750, 1240, '2020-11-19 05:14:35', '2020-11-19 05:14:35'),
(1877, 1751, 1237, '2020-11-19 05:14:37', '2020-11-19 05:14:37'),
(1878, 1751, 1238, '2020-11-19 05:14:37', '2020-11-19 05:14:37'),
(1879, 1751, 1239, '2020-11-19 05:14:37', '2020-11-19 05:14:37'),
(1880, 1751, 1240, '2020-11-19 05:14:37', '2020-11-19 05:14:37'),
(1881, 1757, 1241, '2020-11-19 05:32:26', '2020-11-19 05:32:26'),
(1882, 1757, 1242, '2020-11-19 05:32:26', '2020-11-19 05:32:26'),
(1883, 1757, 1243, '2020-11-19 05:32:26', '2020-11-19 05:32:26'),
(1884, 1757, 1244, '2020-11-19 05:32:26', '2020-11-19 05:32:26'),
(1885, 1758, 1241, '2020-11-19 05:32:26', '2020-11-19 05:32:26'),
(1886, 1758, 1242, '2020-11-19 05:32:26', '2020-11-19 05:32:26'),
(1887, 1758, 1243, '2020-11-19 05:32:26', '2020-11-19 05:32:26'),
(1888, 1758, 1244, '2020-11-19 05:32:26', '2020-11-19 05:32:26'),
(1889, 1759, 1241, '2020-11-19 05:32:27', '2020-11-19 05:32:27'),
(1890, 1759, 1242, '2020-11-19 05:32:27', '2020-11-19 05:32:27'),
(1891, 1759, 1243, '2020-11-19 05:32:27', '2020-11-19 05:32:27'),
(1892, 1759, 1244, '2020-11-19 05:32:27', '2020-11-19 05:32:27'),
(1893, 1760, 1241, '2020-11-19 05:32:27', '2020-11-19 05:32:27'),
(1894, 1760, 1242, '2020-11-19 05:32:27', '2020-11-19 05:32:27'),
(1895, 1760, 1243, '2020-11-19 05:32:27', '2020-11-19 05:32:27'),
(1896, 1760, 1244, '2020-11-19 05:32:27', '2020-11-19 05:32:27'),
(1897, 1761, 1245, '2020-11-20 03:22:57', '2020-11-20 03:22:57'),
(1898, 1761, 1246, '2020-11-20 03:22:57', '2020-11-20 03:22:57'),
(1899, 1761, 1247, '2020-11-20 03:22:57', '2020-11-20 03:22:57'),
(1900, 1761, 1248, '2020-11-20 03:22:57', '2020-11-20 03:22:57'),
(1901, 1762, 1245, '2020-11-20 03:22:58', '2020-11-20 03:22:58'),
(1902, 1762, 1246, '2020-11-20 03:22:58', '2020-11-20 03:22:58'),
(1903, 1762, 1247, '2020-11-20 03:22:58', '2020-11-20 03:22:58'),
(1904, 1762, 1248, '2020-11-20 03:22:58', '2020-11-20 03:22:58'),
(1905, 1763, 1245, '2020-11-20 03:22:58', '2020-11-20 03:22:58'),
(1906, 1763, 1246, '2020-11-20 03:22:58', '2020-11-20 03:22:58'),
(1907, 1763, 1247, '2020-11-20 03:22:58', '2020-11-20 03:22:58'),
(1908, 1763, 1248, '2020-11-20 03:22:58', '2020-11-20 03:22:58'),
(1909, 1764, 1249, '2020-11-20 03:24:39', '2020-11-20 03:24:39'),
(1910, 1764, 1250, '2020-11-20 03:24:39', '2020-11-20 03:24:39'),
(1911, 1764, 1251, '2020-11-20 03:24:40', '2020-11-20 03:24:40'),
(1912, 1764, 1252, '2020-11-20 03:24:40', '2020-11-20 03:24:40'),
(1913, 1765, 1249, '2020-11-20 03:24:40', '2020-11-20 03:24:40'),
(1914, 1765, 1250, '2020-11-20 03:24:40', '2020-11-20 03:24:40'),
(1915, 1765, 1251, '2020-11-20 03:24:40', '2020-11-20 03:24:40'),
(1916, 1765, 1252, '2020-11-20 03:24:40', '2020-11-20 03:24:40'),
(1917, 1766, 1249, '2020-11-20 03:24:40', '2020-11-20 03:24:40'),
(1918, 1766, 1250, '2020-11-20 03:24:40', '2020-11-20 03:24:40'),
(1919, 1766, 1251, '2020-11-20 03:24:40', '2020-11-20 03:24:40'),
(1920, 1766, 1252, '2020-11-20 03:24:40', '2020-11-20 03:24:40'),
(1921, 1767, 1253, '2020-11-20 10:35:40', '2020-11-20 10:35:40'),
(1922, 1767, 1254, '2020-11-20 10:35:40', '2020-11-20 10:35:40'),
(1923, 1767, 1255, '2020-11-20 10:35:40', '2020-11-20 10:35:40'),
(1924, 1767, 1256, '2020-11-20 10:35:40', '2020-11-20 10:35:40'),
(1925, 1768, 1253, '2020-11-20 10:35:40', '2020-11-20 10:35:40'),
(1926, 1768, 1254, '2020-11-20 10:35:40', '2020-11-20 10:35:40'),
(1927, 1768, 1255, '2020-11-20 10:35:40', '2020-11-20 10:35:40'),
(1928, 1768, 1256, '2020-11-20 10:35:40', '2020-11-20 10:35:40'),
(1929, 1769, 1253, '2020-11-20 10:35:41', '2020-11-20 10:35:41'),
(1930, 1769, 1254, '2020-11-20 10:35:41', '2020-11-20 10:35:41'),
(1931, 1769, 1255, '2020-11-20 10:35:41', '2020-11-20 10:35:41'),
(1932, 1769, 1256, '2020-11-20 10:35:41', '2020-11-20 10:35:41'),
(1933, 1770, 1257, '2020-12-03 11:05:00', '2020-12-03 11:05:00'),
(1934, 1770, 1258, '2020-12-03 11:05:00', '2020-12-03 11:05:00'),
(1935, 1770, 1259, '2020-12-03 11:05:00', '2020-12-03 11:05:00'),
(1936, 1770, 1260, '2020-12-03 11:05:00', '2020-12-03 11:05:00'),
(1937, 1771, 1257, '2020-12-03 11:05:01', '2020-12-03 11:05:01'),
(1938, 1771, 1258, '2020-12-03 11:05:01', '2020-12-03 11:05:01'),
(1939, 1771, 1259, '2020-12-03 11:05:01', '2020-12-03 11:05:01'),
(1940, 1771, 1260, '2020-12-03 11:05:01', '2020-12-03 11:05:01'),
(1941, 1772, 1257, '2020-12-03 11:05:01', '2020-12-03 11:05:01'),
(1942, 1772, 1258, '2020-12-03 11:05:01', '2020-12-03 11:05:01'),
(1943, 1772, 1259, '2020-12-03 11:05:01', '2020-12-03 11:05:01'),
(1944, 1772, 1260, '2020-12-03 11:05:01', '2020-12-03 11:05:01'),
(1945, 1773, 1261, '2020-12-04 18:56:10', '2020-12-04 18:56:10'),
(1946, 1773, 1262, '2020-12-04 18:56:10', '2020-12-04 18:56:10'),
(1947, 1773, 1263, '2020-12-04 18:56:10', '2020-12-04 18:56:10'),
(1948, 1773, 1264, '2020-12-04 18:56:10', '2020-12-04 18:56:10'),
(1949, 1774, 1261, '2020-12-04 18:56:10', '2020-12-04 18:56:10'),
(1950, 1774, 1262, '2020-12-04 18:56:11', '2020-12-04 18:56:11'),
(1951, 1774, 1263, '2020-12-04 18:56:11', '2020-12-04 18:56:11'),
(1952, 1774, 1264, '2020-12-04 18:56:11', '2020-12-04 18:56:11'),
(1953, 1775, 1261, '2020-12-04 18:56:11', '2020-12-04 18:56:11'),
(1954, 1775, 1262, '2020-12-04 18:56:11', '2020-12-04 18:56:11'),
(1955, 1775, 1263, '2020-12-04 18:56:11', '2020-12-04 18:56:11'),
(1956, 1775, 1264, '2020-12-04 18:56:11', '2020-12-04 18:56:11'),
(1957, 1776, 1265, '2020-12-08 23:29:43', '2020-12-08 23:29:43'),
(1958, 1776, 1266, '2020-12-08 23:29:43', '2020-12-08 23:29:43'),
(1959, 1776, 1267, '2020-12-08 23:29:43', '2020-12-08 23:29:43'),
(1960, 1776, 1268, '2020-12-08 23:29:43', '2020-12-08 23:29:43'),
(1961, 1777, 1265, '2020-12-08 23:29:44', '2020-12-08 23:29:44'),
(1962, 1777, 1266, '2020-12-08 23:29:44', '2020-12-08 23:29:44'),
(1963, 1777, 1267, '2020-12-08 23:29:44', '2020-12-08 23:29:44'),
(1964, 1777, 1268, '2020-12-08 23:29:44', '2020-12-08 23:29:44'),
(1965, 1778, 1265, '2020-12-08 23:29:44', '2020-12-08 23:29:44'),
(1966, 1778, 1266, '2020-12-08 23:29:44', '2020-12-08 23:29:44'),
(1967, 1778, 1267, '2020-12-08 23:29:44', '2020-12-08 23:29:44'),
(1968, 1778, 1268, '2020-12-08 23:29:44', '2020-12-08 23:29:44'),
(1969, 1779, 1269, '2020-12-09 03:56:54', '2020-12-09 03:56:54'),
(1970, 1779, 1270, '2020-12-09 03:56:54', '2020-12-09 03:56:54'),
(1971, 1779, 1271, '2020-12-09 03:56:54', '2020-12-09 03:56:54'),
(1972, 1779, 1272, '2020-12-09 03:56:54', '2020-12-09 03:56:54'),
(1973, 1780, 1269, '2020-12-09 03:56:55', '2020-12-09 03:56:55'),
(1974, 1780, 1270, '2020-12-09 03:56:55', '2020-12-09 03:56:55'),
(1975, 1780, 1271, '2020-12-09 03:56:55', '2020-12-09 03:56:55'),
(1976, 1780, 1272, '2020-12-09 03:56:55', '2020-12-09 03:56:55'),
(1977, 1781, 1269, '2020-12-09 03:56:55', '2020-12-09 03:56:55'),
(1978, 1781, 1270, '2020-12-09 03:56:55', '2020-12-09 03:56:55'),
(1979, 1781, 1271, '2020-12-09 03:56:55', '2020-12-09 03:56:55'),
(1980, 1781, 1272, '2020-12-09 03:56:55', '2020-12-09 03:56:55'),
(1981, 1782, 1273, '2020-12-09 04:14:41', '2020-12-09 04:14:41'),
(1982, 1782, 1274, '2020-12-09 04:14:41', '2020-12-09 04:14:41'),
(1983, 1782, 1275, '2020-12-09 04:14:41', '2020-12-09 04:14:41'),
(1984, 1782, 1276, '2020-12-09 04:14:41', '2020-12-09 04:14:41'),
(1985, 1783, 1273, '2020-12-09 04:14:42', '2020-12-09 04:14:42'),
(1986, 1783, 1274, '2020-12-09 04:14:42', '2020-12-09 04:14:42'),
(1987, 1783, 1275, '2020-12-09 04:14:42', '2020-12-09 04:14:42'),
(1988, 1783, 1276, '2020-12-09 04:14:42', '2020-12-09 04:14:42'),
(1989, 1784, 1273, '2020-12-09 04:14:42', '2020-12-09 04:14:42'),
(1990, 1784, 1274, '2020-12-09 04:14:42', '2020-12-09 04:14:42'),
(1991, 1784, 1275, '2020-12-09 04:14:42', '2020-12-09 04:14:42'),
(1992, 1784, 1276, '2020-12-09 04:14:42', '2020-12-09 04:14:42'),
(1993, 1785, 1277, '2020-12-10 01:43:22', '2020-12-10 01:43:22'),
(1994, 1785, 1278, '2020-12-10 01:43:22', '2020-12-10 01:43:22'),
(1995, 1785, 1279, '2020-12-10 01:43:22', '2020-12-10 01:43:22'),
(1996, 1785, 1280, '2020-12-10 01:43:22', '2020-12-10 01:43:22'),
(1997, 1786, 1277, '2020-12-10 01:43:22', '2020-12-10 01:43:22'),
(1998, 1786, 1278, '2020-12-10 01:43:22', '2020-12-10 01:43:22'),
(1999, 1786, 1279, '2020-12-10 01:43:22', '2020-12-10 01:43:22'),
(2000, 1786, 1280, '2020-12-10 01:43:22', '2020-12-10 01:43:22'),
(2001, 1787, 1277, '2020-12-10 01:43:22', '2020-12-10 01:43:22'),
(2002, 1787, 1278, '2020-12-10 01:43:22', '2020-12-10 01:43:22'),
(2003, 1787, 1279, '2020-12-10 01:43:22', '2020-12-10 01:43:22'),
(2004, 1787, 1280, '2020-12-10 01:43:23', '2020-12-10 01:43:23'),
(2005, 1788, 1281, '2020-12-10 04:39:31', '2020-12-10 04:39:31'),
(2006, 1788, 1282, '2020-12-10 04:39:31', '2020-12-10 04:39:31'),
(2007, 1788, 1283, '2020-12-10 04:39:31', '2020-12-10 04:39:31'),
(2008, 1788, 1284, '2020-12-10 04:39:31', '2020-12-10 04:39:31'),
(2009, 1789, 1281, '2020-12-10 04:39:31', '2020-12-10 04:39:31'),
(2010, 1789, 1282, '2020-12-10 04:39:31', '2020-12-10 04:39:31'),
(2011, 1789, 1283, '2020-12-10 04:39:31', '2020-12-10 04:39:31'),
(2012, 1789, 1284, '2020-12-10 04:39:31', '2020-12-10 04:39:31'),
(2013, 1790, 1281, '2020-12-10 04:39:31', '2020-12-10 04:39:31'),
(2014, 1790, 1282, '2020-12-10 04:39:31', '2020-12-10 04:39:31'),
(2015, 1790, 1283, '2020-12-10 04:39:31', '2020-12-10 04:39:31'),
(2016, 1790, 1284, '2020-12-10 04:39:31', '2020-12-10 04:39:31'),
(2017, 1791, 1285, '2020-12-10 16:48:44', '2020-12-10 16:48:44'),
(2018, 1791, 1286, '2020-12-10 16:48:44', '2020-12-10 16:48:44'),
(2019, 1791, 1287, '2020-12-10 16:48:44', '2020-12-10 16:48:44'),
(2020, 1791, 1288, '2020-12-10 16:48:44', '2020-12-10 16:48:44'),
(2021, 1792, 1285, '2020-12-10 16:48:44', '2020-12-10 16:48:44'),
(2022, 1792, 1286, '2020-12-10 16:48:45', '2020-12-10 16:48:45'),
(2023, 1792, 1287, '2020-12-10 16:48:45', '2020-12-10 16:48:45'),
(2024, 1792, 1288, '2020-12-10 16:48:45', '2020-12-10 16:48:45'),
(2025, 1793, 1285, '2020-12-10 16:48:45', '2020-12-10 16:48:45'),
(2026, 1793, 1286, '2020-12-10 16:48:45', '2020-12-10 16:48:45'),
(2027, 1793, 1287, '2020-12-10 16:48:45', '2020-12-10 16:48:45'),
(2028, 1793, 1288, '2020-12-10 16:48:45', '2020-12-10 16:48:45'),
(2029, 1794, 1289, '2021-03-16 08:36:32', '2021-03-16 08:36:32'),
(2030, 1794, 1290, '2021-03-16 08:36:32', '2021-03-16 08:36:32'),
(2031, 1794, 1291, '2021-03-16 08:36:32', '2021-03-16 08:36:32'),
(2032, 1794, 1292, '2021-03-16 08:36:32', '2021-03-16 08:36:32'),
(2033, 1795, 1289, '2021-03-16 08:36:33', '2021-03-16 08:36:33'),
(2034, 1795, 1290, '2021-03-16 08:36:33', '2021-03-16 08:36:33'),
(2035, 1795, 1291, '2021-03-16 08:36:33', '2021-03-16 08:36:33'),
(2036, 1795, 1292, '2021-03-16 08:36:33', '2021-03-16 08:36:33'),
(2037, 1796, 1289, '2021-03-16 08:36:33', '2021-03-16 08:36:33'),
(2038, 1796, 1290, '2021-03-16 08:36:33', '2021-03-16 08:36:33'),
(2039, 1796, 1291, '2021-03-16 08:36:33', '2021-03-16 08:36:33'),
(2040, 1796, 1292, '2021-03-16 08:36:34', '2021-03-16 08:36:34'),
(2041, 1797, 1293, '2021-04-01 00:17:02', '2021-04-01 00:17:02'),
(2042, 1797, 1294, '2021-04-01 00:17:02', '2021-04-01 00:17:02'),
(2043, 1797, 1295, '2021-04-01 00:17:02', '2021-04-01 00:17:02'),
(2044, 1797, 1296, '2021-04-01 00:17:02', '2021-04-01 00:17:02'),
(2045, 1798, 1293, '2021-04-01 00:17:03', '2021-04-01 00:17:03'),
(2046, 1798, 1294, '2021-04-01 00:17:03', '2021-04-01 00:17:03'),
(2047, 1798, 1295, '2021-04-01 00:17:03', '2021-04-01 00:17:03'),
(2048, 1798, 1296, '2021-04-01 00:17:03', '2021-04-01 00:17:03'),
(2049, 1799, 1293, '2021-04-01 00:17:03', '2021-04-01 00:17:03'),
(2050, 1799, 1294, '2021-04-01 00:17:03', '2021-04-01 00:17:03'),
(2051, 1799, 1295, '2021-04-01 00:17:03', '2021-04-01 00:17:03'),
(2052, 1799, 1296, '2021-04-01 00:17:03', '2021-04-01 00:17:03'),
(2053, 1800, 1297, '2021-04-23 23:46:05', '2021-04-23 23:46:05'),
(2054, 1800, 1298, '2021-04-23 23:46:05', '2021-04-23 23:46:05'),
(2055, 1800, 1299, '2021-04-23 23:46:05', '2021-04-23 23:46:05'),
(2056, 1800, 1300, '2021-04-23 23:46:05', '2021-04-23 23:46:05'),
(2057, 1801, 1297, '2021-04-23 23:46:06', '2021-04-23 23:46:06'),
(2058, 1801, 1298, '2021-04-23 23:46:06', '2021-04-23 23:46:06'),
(2059, 1801, 1299, '2021-04-23 23:46:06', '2021-04-23 23:46:06'),
(2060, 1801, 1300, '2021-04-23 23:46:06', '2021-04-23 23:46:06'),
(2061, 1802, 1297, '2021-04-23 23:46:06', '2021-04-23 23:46:06'),
(2062, 1802, 1298, '2021-04-23 23:46:06', '2021-04-23 23:46:06'),
(2063, 1802, 1299, '2021-04-23 23:46:06', '2021-04-23 23:46:06');
INSERT INTO `link_teamwork_inscriptions` (`id`, `teamwork_id`, `activities_group_id`, `created_at`, `updated_at`) VALUES
(2064, 1802, 1300, '2021-04-23 23:46:06', '2021-04-23 23:46:06'),
(2065, 1803, 1301, '2021-05-16 00:05:46', '2021-05-16 00:05:46'),
(2066, 1803, 1302, '2021-05-16 00:05:46', '2021-05-16 00:05:46'),
(2067, 1803, 1303, '2021-05-16 00:05:46', '2021-05-16 00:05:46'),
(2068, 1803, 1304, '2021-05-16 00:05:47', '2021-05-16 00:05:47'),
(2069, 1804, 1301, '2021-05-16 00:05:47', '2021-05-16 00:05:47'),
(2070, 1804, 1302, '2021-05-16 00:05:47', '2021-05-16 00:05:47'),
(2071, 1804, 1303, '2021-05-16 00:05:47', '2021-05-16 00:05:47'),
(2072, 1804, 1304, '2021-05-16 00:05:47', '2021-05-16 00:05:47'),
(2073, 1805, 1301, '2021-05-16 00:05:47', '2021-05-16 00:05:47'),
(2074, 1805, 1302, '2021-05-16 00:05:47', '2021-05-16 00:05:47'),
(2075, 1805, 1303, '2021-05-16 00:05:47', '2021-05-16 00:05:47'),
(2076, 1805, 1304, '2021-05-16 00:05:47', '2021-05-16 00:05:47'),
(2077, 1909, 1309, '2021-08-18 02:56:10', '2021-08-18 02:56:10'),
(2078, 1909, 1310, '2021-08-18 02:56:10', '2021-08-18 02:56:10'),
(2079, 1909, 1311, '2021-08-18 02:56:10', '2021-08-18 02:56:10'),
(2080, 1909, 1312, '2021-08-18 02:56:10', '2021-08-18 02:56:10'),
(2081, 1910, 1309, '2021-08-18 02:56:10', '2021-08-18 02:56:10'),
(2082, 1910, 1310, '2021-08-18 02:56:10', '2021-08-18 02:56:10'),
(2083, 1910, 1311, '2021-08-18 02:56:10', '2021-08-18 02:56:10'),
(2084, 1910, 1312, '2021-08-18 02:56:10', '2021-08-18 02:56:10'),
(2085, 1911, 1309, '2021-08-18 02:56:10', '2021-08-18 02:56:10'),
(2086, 1911, 1310, '2021-08-18 02:56:10', '2021-08-18 02:56:10'),
(2087, 1911, 1311, '2021-08-18 02:56:11', '2021-08-18 02:56:11'),
(2088, 1911, 1312, '2021-08-18 02:56:11', '2021-08-18 02:56:11');

-- --------------------------------------------------------

--
-- Estructura de tabla para la tabla `live_data`
--

CREATE TABLE `live_data` (
  `id` int(10) NOT NULL,
  `user_lider_id` int(10) NOT NULL,
  `teamwork_id` int(10) NOT NULL,
  `data` varchar(100) NOT NULL,
  `created_at` timestamp NOT NULL DEFAULT current_timestamp(),
  `updated_at` timestamp NOT NULL DEFAULT current_timestamp()
) ENGINE=InnoDB DEFAULT CHARSET=utf8mb4;

-- --------------------------------------------------------

--
-- Estructura de tabla para la tabla `messages`
--

CREATE TABLE `messages` (
  `id` int(10) UNSIGNED NOT NULL,
  `user_id` int(10) UNSIGNED NOT NULL,
  `message` text COLLATE utf8mb4_unicode_ci NOT NULL,
  `reply_id` varchar(10) COLLATE utf8mb4_unicode_ci DEFAULT NULL,
  `reply_name` varchar(100) COLLATE utf8mb4_unicode_ci DEFAULT NULL,
  `reply_user_id` int(10) DEFAULT NULL,
  `reply_message` text COLLATE utf8mb4_unicode_ci DEFAULT NULL,
  `created_at` timestamp NULL DEFAULT NULL,
  `updated_at` timestamp NULL DEFAULT NULL,
  `teamwork_id` int(10) DEFAULT NULL
) ENGINE=InnoDB DEFAULT CHARSET=utf8mb4 COLLATE=utf8mb4_unicode_ci;

--
-- Volcado de datos para la tabla `messages`
--

INSERT INTO `messages` (`id`, `user_id`, `message`, `reply_id`, `reply_name`, `reply_user_id`, `reply_message`, `created_at`, `updated_at`, `teamwork_id`) VALUES
(387, 4, 'hola', NULL, NULL, NULL, NULL, '2021-06-29 17:16:55', '2021-06-29 17:16:55', 1788);

-- --------------------------------------------------------

--
-- Estructura de tabla para la tabla `migrations`
--

CREATE TABLE `migrations` (
  `migration` varchar(255) COLLATE utf8_unicode_ci NOT NULL,
  `batch` int(11) NOT NULL
) ENGINE=InnoDB DEFAULT CHARSET=utf8 COLLATE=utf8_unicode_ci;

--
-- Volcado de datos para la tabla `migrations`
--

INSERT INTO `migrations` (`migration`, `batch`) VALUES
('2014_10_12_000000_create_users_table', 1),
('2014_10_12_100000_create_password_resets_table', 1),
('2014_10_12_000000_create_users_table', 1),
('2014_10_12_100000_create_password_resets_table', 1),
('2014_10_12_000000_create_users_table', 1),
('2014_10_12_100000_create_password_resets_table', 1),
('2014_10_12_000000_create_users_table', 1),
('2014_10_12_100000_create_password_resets_table', 1),
('2018_12_04_192621_create_messages_table', 2),
('2018_12_21_112042_create_websockets_statistics_entries_table', 3);

-- --------------------------------------------------------

--
-- Estructura de tabla para la tabla `password_resets`
--

CREATE TABLE `password_resets` (
  `email` varchar(255) COLLATE utf8_unicode_ci NOT NULL,
  `token` varchar(255) COLLATE utf8_unicode_ci NOT NULL,
  `created_at` timestamp NOT NULL DEFAULT '0000-00-00 00:00:00'
) ENGINE=InnoDB DEFAULT CHARSET=utf8 COLLATE=utf8_unicode_ci;

-- --------------------------------------------------------

--
-- Estructura de tabla para la tabla `problem`
--

CREATE TABLE `problem` (
  `id` int(10) UNSIGNED NOT NULL,
  `name` varchar(60) NOT NULL,
  `description` text NOT NULL,
  `creates_at` timestamp NOT NULL DEFAULT current_timestamp() ON UPDATE current_timestamp(),
  `updated_at` timestamp NOT NULL DEFAULT '0000-00-00 00:00:00',
  `course_id` int(10) UNSIGNED NOT NULL
) ENGINE=InnoDB DEFAULT CHARSET=latin1;

-- --------------------------------------------------------

--
-- Estructura de tabla para la tabla `problems`
--

CREATE TABLE `problems` (
  `id` int(10) UNSIGNED NOT NULL,
  `name` varchar(60) NOT NULL,
  `description` text NOT NULL,
  `open_at` timestamp NOT NULL DEFAULT current_timestamp() ON UPDATE current_timestamp(),
  `close_at` timestamp NOT NULL DEFAULT current_timestamp(),
  `created_at` timestamp NOT NULL DEFAULT current_timestamp() ON UPDATE current_timestamp(),
  `updated_at` timestamp NOT NULL DEFAULT current_timestamp(),
  `course_id` int(10) UNSIGNED NOT NULL,
  `type_problem` varchar(60) NOT NULL,
  `teamworks` int(20) DEFAULT NULL,
  `n_student` int(10) DEFAULT NULL,
  `p_autoadd` varchar(10) NOT NULL DEFAULT 'false'
) ENGINE=InnoDB DEFAULT CHARSET=latin1;

--
-- Volcado de datos para la tabla `problems`
--

INSERT INTO `problems` (`id`, `name`, `description`, `open_at`, `close_at`, `created_at`, `updated_at`, `course_id`, `type_problem`, `teamworks`, `n_student`, `p_autoadd`) VALUES
(1, 'Calculadora de Calorías', 'Ejercicio tiene como objetivo la construcción de una calculadora de calorías.', '2020-10-15 11:48:42', '2030-12-30 11:00:00', '2020-10-15 11:48:42', '2020-10-15 08:56:25', 1, 'Individual', 0, 9, 'false'),
(5, 'Balanceando Ecuaciones Químicas', 'Realización de un programa que automatice el proceso de balanceo de ecuaciones químicas inestables.', '2020-09-23 03:34:51', '2016-12-01 00:45:00', '2020-09-23 03:34:51', '2016-11-16 09:31:32', 2, 'Individual', 0, NULL, ''),
(7, 'Tiro al blanco', 'Calcular la trayectoria de un proyectil blablabla', '2020-09-23 03:33:54', '2016-12-25 18:30:00', '2020-09-23 03:33:54', '2020-09-23 06:33:54', 6, 'Individual', 0, NULL, ''),
(9, '¿Cuánto pastel comimos?', 'El objetivo de este problema es introducir al cálculo de fracciones, en particular a la suma de fracciones de igual denominador.', '2020-10-15 11:49:07', '2018-12-31 03:00:00', '2020-10-15 11:49:07', '2020-10-15 08:57:27', 1, 'Individual', 0, 9, 'false'),
(10, 'Introduccion', '1° Breve introduccion a Problock que plantea diferentes problemas de la programacion basica', '2020-09-23 03:35:36', '0000-00-00 00:00:00', '2020-09-23 03:35:36', '2017-07-04 00:36:03', 8, 'Individual', 0, NULL, ''),
(11, 'Hola Mundo', 'Elabore su primero \"Hola mundo\"', '2020-09-23 03:35:44', '0000-00-00 00:00:00', '2020-09-23 03:35:44', '2017-05-26 00:43:32', 8, 'Individual', 0, NULL, ''),
(12, 'Biologia', 'vamos a transmitir problemas de biología a una plataforma de programación.', '2020-09-23 03:35:56', '0000-00-00 00:00:00', '2020-09-23 03:35:56', '2017-05-30 22:42:50', 8, 'Individual', 0, NULL, ''),
(13, 'Calculadora (Sin terminar)', 'Calculadora para todos los colegios', '2020-09-23 03:35:27', '0000-00-00 00:00:00', '2020-09-23 03:35:27', '2017-07-04 00:37:54', 8, 'Individual', 0, NULL, ''),
(14, 'Escribo una noticia', 'Este problema permitirá a los estudiantes construir una noticia según una cierta estructura', '2020-10-15 11:49:20', '2017-09-30 03:00:00', '2020-10-15 11:49:20', '2020-10-15 08:56:32', 1, 'Individual', 0, 9, 'false'),
(362, 'Trabajo grupal para testear en Examen', 'Problema donde se visualizaran todas la funcionalidades estipuladas en este proyecto.', '2021-03-16 05:34:46', '2021-12-16 03:00:00', '2021-03-16 05:34:46', '2021-03-16 08:34:46', 1, 'Grupal', 3, 9, 'true'),
(366, 'Test TOUR', 'Problema para probar Tour', '2021-05-07 14:58:25', '2021-05-28 04:00:00', '2021-05-07 14:58:25', '2021-05-07 18:58:25', 1, 'Grupal', 3, 9, ''),
(367, 'Problema para probar las preguntas', 'Problema para poder crear preguntas y probarlas', '2021-05-15 04:00:00', '2021-05-22 04:00:00', '2021-05-16 00:05:46', '2021-05-16 00:05:46', 1, 'Individual', 3, 9, ''),
(369, 'asdasd', 'asdasd', '2021-08-17 04:00:00', '2021-08-18 04:00:00', '2021-08-18 02:56:09', '2021-08-18 02:56:09', 1, 'Grupal', 3, 9, 'true');

-- --------------------------------------------------------

--
-- Estructura de tabla para la tabla `problem_activity_groups`
--

CREATE TABLE `problem_activity_groups` (
  `id` int(10) UNSIGNED NOT NULL,
  `problem_id` int(10) UNSIGNED NOT NULL,
  `group_id` int(10) UNSIGNED NOT NULL,
  `creates_at` timestamp NOT NULL DEFAULT current_timestamp() ON UPDATE current_timestamp(),
  `updated_at` timestamp NOT NULL DEFAULT current_timestamp(),
  `teamwork_id` int(10) DEFAULT NULL
) ENGINE=InnoDB DEFAULT CHARSET=latin1;

-- --------------------------------------------------------

--
-- Estructura de tabla para la tabla `questions`
--

CREATE TABLE `questions` (
  `id` int(10) NOT NULL,
  `activiti_id` int(10) NOT NULL,
  `question` varchar(100) NOT NULL,
  `type` varchar(20) NOT NULL,
  `scale` int(10) DEFAULT NULL,
  `position` int(10) NOT NULL,
  `created_at` timestamp NOT NULL DEFAULT current_timestamp(),
  `updated_at` timestamp NOT NULL DEFAULT current_timestamp()
) ENGINE=InnoDB DEFAULT CHARSET=utf8mb4;

--
-- Volcado de datos para la tabla `questions`
--

INSERT INTO `questions` (`id`, `activiti_id`, `question`, `type`, `scale`, `position`, `created_at`, `updated_at`) VALUES
(27, 238, '¿Que tan dificil estubo la actividad', 'quantitative', 7, 0, '2021-05-10 07:48:23', '2021-05-10 07:48:23'),
(28, 239, '¿Explica con tus palabras que es lo que hace una condicional?', 'qualitative', 0, 0, '2021-05-10 07:49:09', '2021-05-10 07:49:09'),
(29, 240, '¿Que significa para ti un loop?', 'qualitative', 0, 0, '2021-05-10 07:49:49', '2021-05-10 07:49:49'),
(30, 230, '¿Que tan dificil estubo la actividad', 'quantitative', 7, 0, '2021-05-10 07:50:44', '2021-05-10 07:50:44'),
(31, 230, '¿Que significa para ti un loop?', 'qualitative', 0, 1, '2021-05-10 07:50:44', '2021-05-10 07:50:44'),
(32, 218, '¿Te resulto facil la actividad?', 'quantitative', 10, 0, '2021-05-12 00:32:26', '2021-05-12 00:32:26'),
(33, 225, '¿Te resulto facil la actividad?', 'quantitative', 10, 0, '2021-05-12 00:32:44', '2021-05-12 00:32:44'),
(34, 221, '¿Cosas que no te gusto del lider?', 'qualitative', 0, 0, '2021-05-12 00:33:02', '2021-05-12 00:33:02'),
(35, 1, 'De 1 a 10, ¿Estubo dificil la actividad?', 'quantitative', 10, 0, '2021-05-12 05:23:02', '2021-05-12 05:23:02'),
(36, 2, '1 a 10¿Cuanto te gusto la actividad?', 'quantitative', 10, 0, '2021-05-13 01:36:33', '2021-05-13 01:36:33'),
(37, 1, 'De 1 a 3 ¿Como calificas el trabajo del lider?', 'quantitative', 3, 1, '2021-05-13 02:07:37', '2021-05-13 02:07:37'),
(38, 254, 'De 1 a 10, ¿Qué tan difícil fue realizar esta actividad?', 'quantitative', 0, 0, '2021-05-15 23:04:25', '2021-05-15 23:04:25'),
(39, 254, 'De 1 a 10, ¿Te ha gustado realizar esta actividad?', 'quantitative', 10, 1, '2021-05-15 23:04:25', '2021-05-15 23:04:25'),
(40, 254, 'Explica con tus palabras, ¿Qué fue lo que hiciste para completar la actividad?', 'qualitative', 0, 2, '2021-05-15 23:04:25', '2021-05-15 23:04:25'),
(41, 254, '¿Qué es lo que harías distinto la próxima vez para mejorar?', 'qualitative', 10, 3, '2021-05-15 23:04:25', '2021-05-15 23:04:25'),
(42, 255, 'De 1 a 10, ¿Qué tan difícil fue realizar esta actividad?', 'quantitative', 0, 0, '2021-05-15 23:09:13', '2021-05-15 23:09:13'),
(43, 255, 'De 1 a 10, ¿Te ha gustado realizar esta actividad?', 'quantitative', 10, 1, '2021-05-15 23:09:13', '2021-05-15 23:09:13'),
(44, 255, 'Explica con tus palabras, ¿Qué fue lo que hiciste para completar la actividad?', 'qualitative', 0, 2, '2021-05-15 23:09:13', '2021-05-15 23:09:13'),
(45, 255, '¿Qué es lo que harías distinto la próxima vez para mejorar?', 'qualitative', 10, 3, '2021-05-15 23:09:14', '2021-05-15 23:09:14'),
(46, 256, 'De 1 a 10, ¿Qué tan difícil fue realizar esta actividad?', 'quantitative', 0, 0, '2021-05-15 23:10:25', '2021-05-15 23:10:25'),
(47, 256, 'De 1 a 10, ¿Te ha gustado realizar esta actividad?', 'quantitative', 10, 1, '2021-05-15 23:10:25', '2021-05-15 23:10:25'),
(48, 256, 'Explica con tus palabras, ¿Qué fue lo que hiciste para completar la actividad?', 'qualitative', 0, 2, '2021-05-15 23:10:25', '2021-05-15 23:10:25'),
(49, 256, '¿Qué es lo que harías distinto la próxima vez para mejorar?', 'qualitative', 10, 3, '2021-05-15 23:10:25', '2021-05-15 23:10:25'),
(50, 257, 'De 1 a 10, ¿Qué tan difícil fue realizar esta actividad?', 'quantitative', 0, 0, '2021-05-15 23:15:25', '2021-05-15 23:15:25'),
(51, 257, 'De 1 a 10, ¿Te ha gustado realizar esta actividad?', 'quantitative', 10, 1, '2021-05-15 23:15:25', '2021-05-15 23:15:25'),
(52, 257, 'Explica con tus palabras, ¿Qué fue lo que hiciste para completar la actividad?', 'qualitative', 0, 2, '2021-05-15 23:15:25', '2021-05-15 23:15:25'),
(53, 257, '¿Qué es lo que harías distinto la próxima vez para mejorar?', 'qualitative', 10, 3, '2021-05-15 23:15:25', '2021-05-15 23:15:25'),
(54, 258, 'De 1 a 10, ¿Qué tan difícil fue realizar esta actividad?', 'quantitative', 0, 0, '2021-05-15 23:15:57', '2021-05-15 23:15:57'),
(55, 258, 'De 1 a 10, ¿Te ha gustado realizar esta actividad?', 'quantitative', 10, 1, '2021-05-15 23:15:57', '2021-05-15 23:15:57'),
(56, 258, 'Explica con tus palabras, ¿Qué fue lo que hiciste para completar la actividad?', 'qualitative', 0, 2, '2021-05-15 23:15:57', '2021-05-15 23:15:57'),
(57, 258, '¿Qué es lo que harías distinto la próxima vez para mejorar?', 'qualitative', 10, 3, '2021-05-15 23:15:57', '2021-05-15 23:15:57'),
(58, 259, 'De 1 a 10, ¿Qué tan difícil fue realizar esta actividad?', 'quantitative', 0, 0, '2021-05-15 23:16:08', '2021-05-15 23:16:08'),
(59, 259, 'De 1 a 10, ¿Te ha gustado realizar esta actividad?', 'quantitative', 10, 1, '2021-05-15 23:16:08', '2021-05-15 23:16:08'),
(60, 259, 'Explica con tus palabras, ¿Qué fue lo que hiciste para completar la actividad?', 'qualitative', 0, 2, '2021-05-15 23:16:08', '2021-05-15 23:16:08'),
(61, 259, '¿Qué es lo que harías distinto la próxima vez para mejorar?', 'qualitative', 10, 3, '2021-05-15 23:16:08', '2021-05-15 23:16:08'),
(62, 260, 'De 1 a 10, ¿Qué tan difícil fue realizar esta actividad?', 'quantitative', 0, 0, '2021-05-15 23:17:39', '2021-05-15 23:17:39'),
(63, 260, 'De 1 a 10, ¿Te ha gustado realizar esta actividad?', 'quantitative', 10, 1, '2021-05-15 23:17:39', '2021-05-15 23:17:39'),
(64, 260, 'Explica con tus palabras, ¿Qué fue lo que hiciste para completar la actividad?', 'qualitative', 0, 2, '2021-05-15 23:17:40', '2021-05-15 23:17:40'),
(65, 260, '¿Qué es lo que harías distinto la próxima vez para mejorar?', 'qualitative', 10, 3, '2021-05-15 23:17:40', '2021-05-15 23:17:40'),
(66, 261, 'De 1 a 10, ¿Qué tan difícil fue realizar esta actividad?', 'quantitative', 0, 0, '2021-05-15 23:20:56', '2021-05-15 23:20:56'),
(67, 261, 'De 1 a 10, ¿Te ha gustado realizar esta actividad?', 'quantitative', 10, 1, '2021-05-15 23:20:57', '2021-05-15 23:20:57'),
(68, 261, 'Explica con tus palabras, ¿Qué fue lo que hiciste para completar la actividad?', 'qualitative', 0, 2, '2021-05-15 23:20:57', '2021-05-15 23:20:57'),
(69, 261, '¿Qué es lo que harías distinto la próxima vez para mejorar?', 'qualitative', 10, 3, '2021-05-15 23:20:57', '2021-05-15 23:20:57'),
(70, 262, 'De 1 a 10, ¿Qué tan difícil fue realizar esta actividad?', 'quantitative', 10, 0, '2021-05-15 23:25:50', '2021-05-15 23:25:50'),
(71, 262, 'De 1 a 10, ¿Te ha gustado realizar esta actividad?', 'quantitative', 10, 1, '2021-05-15 23:25:50', '2021-05-15 23:25:50'),
(72, 262, 'Explica con tus palabras, ¿Qué fue lo que hiciste para completar la actividad?', 'qualitative', 0, 2, '2021-05-15 23:25:50', '2021-05-15 23:25:50'),
(73, 262, '¿Qué es lo que harías distinto la próxima vez para mejorar?', 'qualitative', 0, 3, '2021-05-15 23:25:50', '2021-05-15 23:25:50'),
(74, 263, 'De 1 a 10, ¿Qué tan difícil fue realizar esta actividad?', 'quantitative', 10, 0, '2021-05-15 23:26:37', '2021-05-15 23:26:37'),
(75, 263, 'De 1 a 10, ¿Te ha gustado realizar esta actividad?', 'quantitative', 10, 1, '2021-05-15 23:26:37', '2021-05-15 23:26:37'),
(76, 263, 'Explica con tus palabras, ¿Qué fue lo que hiciste para completar la actividad?', 'qualitative', 0, 2, '2021-05-15 23:26:37', '2021-05-15 23:26:37'),
(77, 263, '¿Qué es lo que harías distinto la próxima vez para mejorar?', 'qualitative', 0, 3, '2021-05-15 23:26:37', '2021-05-15 23:26:37'),
(78, 264, 'De 1 a 10, ¿Qué tan difícil fue realizar esta actividad?', 'quantitative', 10, 0, '2021-05-15 23:28:30', '2021-05-15 23:28:30'),
(79, 264, 'De 1 a 10, ¿Te ha gustado realizar esta actividad?', 'quantitative', 10, 1, '2021-05-15 23:28:30', '2021-05-15 23:28:30'),
(80, 264, 'Explica con tus palabras, ¿Qué fue lo que hiciste para completar la actividad?', 'qualitative', 0, 2, '2021-05-15 23:28:30', '2021-05-15 23:28:30'),
(81, 264, '¿Qué es lo que harías distinto la próxima vez para mejorar?', 'qualitative', 0, 3, '2021-05-15 23:28:30', '2021-05-15 23:28:30'),
(82, 265, 'De 1 a 10, ¿Qué tan difícil fue realizar esta actividad?', 'quantitative', 10, 0, '2021-05-16 00:05:58', '2021-05-16 00:05:58'),
(83, 265, 'De 1 a 10, ¿Te ha gustado realizar esta actividad?', 'quantitative', 10, 1, '2021-05-16 00:05:58', '2021-05-16 00:05:58'),
(84, 265, 'Explica con tus palabras, ¿Qué fue lo que hiciste para completar la actividad?', 'qualitative', 0, 2, '2021-05-16 00:05:58', '2021-05-16 00:05:58'),
(85, 265, '¿Qué es lo que harías distinto la próxima vez para mejorar?', 'qualitative', 0, 3, '2021-05-16 00:05:59', '2021-05-16 00:05:59'),
(86, 266, 'De 1 a 10, ¿Qué tan difícil fue realizar esta actividad?', 'quantitative', 10, 0, '2021-05-16 00:06:54', '2021-05-16 00:06:54'),
(88, 266, 'Explica con tus palabras, ¿Qué fue lo que hiciste para completar la actividad?', 'qualitative', 0, 1, '2021-05-16 00:06:54', '2021-05-16 00:07:18'),
(89, 266, '¿Qué es lo que harías distinto la próxima vez para mejorar?', 'qualitative', 0, 2, '2021-05-16 00:06:54', '2021-05-16 00:07:18'),
(90, 267, 'De 1 a 10, ¿Qué tan difícil fue realizar esta actividad?', 'quantitative', 10, 0, '2021-05-16 00:07:40', '2021-05-16 00:07:40'),
(91, 267, 'De 1 a 10, ¿Te ha gustado realizar esta actividad?', 'quantitative', 10, 1, '2021-05-16 00:07:40', '2021-05-16 00:07:40'),
(92, 267, 'Explica con tus palabras, ¿Qué fue lo que hiciste para completar la actividad?', 'qualitative', 0, 2, '2021-05-16 00:07:40', '2021-05-16 00:07:40'),
(94, 268, 'De 1 a 10, ¿Qué tan difícil fue realizar esta actividad?', 'quantitative', 10, 0, '2021-05-16 00:08:17', '2021-05-16 00:08:17'),
(95, 268, 'De 1 a 10, ¿Te ha gustado realizar esta actividad?', 'quantitative', 10, 1, '2021-05-16 00:08:17', '2021-05-16 00:08:17'),
(96, 268, 'Explica con tus palabras, ¿Qué fue lo que hiciste para completar la actividad?', 'qualitative', 0, 2, '2021-05-16 00:08:17', '2021-05-16 00:08:17'),
(97, 268, '¿Qué es lo que harías distinto la próxima vez para mejorar?', 'qualitative', 0, 3, '2021-05-16 00:08:17', '2021-05-16 00:08:17'),
(98, 269, 'De 1 a 10, ¿Qué tan difícil fue realizar esta actividad?', 'quantitative', 10, 0, '2021-08-18 02:56:26', '2021-08-18 02:56:26'),
(99, 269, 'De 1 a 10, ¿Te ha gustado realizar esta actividad?', 'quantitative', 10, 1, '2021-08-18 02:56:26', '2021-08-18 02:56:26'),
(100, 269, 'Explica con tus palabras, ¿Qué fue lo que hiciste para completar la actividad?', 'qualitative', 0, 2, '2021-08-18 02:56:26', '2021-08-18 02:56:26'),
(101, 269, '¿Qué es lo que harías distinto la próxima vez para mejorar?', 'qualitative', 0, 3, '2021-08-18 02:56:26', '2021-08-18 02:56:26');

-- --------------------------------------------------------

--
-- Estructura de tabla para la tabla `questions_answer`
--

CREATE TABLE `questions_answer` (
  `id` int(10) NOT NULL,
  `question_id` int(10) NOT NULL,
  `user_id` int(11) NOT NULL,
  `answer` varchar(100) DEFAULT NULL,
  `points` int(10) NOT NULL DEFAULT 0,
  `created_at` timestamp NOT NULL DEFAULT current_timestamp(),
  `updated_at` timestamp NOT NULL DEFAULT current_timestamp()
) ENGINE=InnoDB DEFAULT CHARSET=utf8mb4;

--
-- Volcado de datos para la tabla `questions_answer`
--

INSERT INTO `questions_answer` (`id`, `question_id`, `user_id`, `answer`, `points`, `created_at`, `updated_at`) VALUES
(1, 30, 4, '', 1, '2021-05-10 08:24:51', '2021-05-11 21:24:39'),
(2, 31, 4, 'Nada', 0, '2021-05-10 08:24:51', '2021-05-11 21:24:39'),
(3, 30, 9, '', 4, '2021-05-10 10:32:35', '2021-05-10 10:38:33'),
(4, 31, 9, 'Significa la repeticion de varias veces algo', 0, '2021-05-10 10:32:35', '2021-05-15 23:57:24'),
(5, 27, 4, '', 7, '2021-05-11 21:11:18', '2021-05-11 21:25:17'),
(6, 28, 4, 'Nose', 0, '2021-05-11 21:25:43', '2021-05-11 21:25:43'),
(7, 29, 4, 'Ni idea', 0, '2021-05-11 21:26:36', '2021-05-11 21:26:36'),
(8, 32, 10, '', 6, '2021-05-12 00:34:40', '2021-05-12 00:34:40'),
(9, 32, 9, '', 10, '2021-05-12 00:35:52', '2021-07-19 17:52:55'),
(10, 35, 4, '', 5, '2021-05-12 05:59:55', '2021-05-12 05:59:55'),
(11, 27, 9, '', 1, '2021-05-15 23:57:44', '2021-05-15 23:57:44'),
(12, 28, 9, 'Es una validacion de true o false', 0, '2021-05-15 23:58:13', '2021-05-15 23:58:13'),
(13, 29, 9, 'La repeticion de un proceso de ejecucion', 0, '2021-05-15 23:58:35', '2021-05-15 23:58:35'),
(14, 30, 10, '', 1, '2021-05-15 23:59:41', '2021-05-15 23:59:41'),
(15, 31, 10, 'Significa la rerepetir algo varias veces', 0, '2021-05-15 23:59:41', '2021-05-15 23:59:41'),
(16, 27, 10, '', 1, '2021-05-15 23:59:54', '2021-05-15 23:59:54'),
(17, 28, 10, 'Comprueba un false o true', 0, '2021-05-16 00:00:13', '2021-05-16 00:00:13'),
(18, 29, 10, 'Repetir algo varias veces', 0, '2021-05-16 00:00:29', '2021-05-16 00:00:29'),
(19, 82, 4, '', 1, '2021-05-16 00:10:22', '2021-05-16 00:10:22'),
(20, 83, 4, '', 10, '2021-05-16 00:10:22', '2021-05-16 00:10:22'),
(21, 84, 4, 'Asigne una varible', 0, '2021-05-16 00:10:22', '2021-05-16 00:10:22'),
(22, 85, 4, 'Estudiar un poco mas', 0, '2021-05-16 00:10:22', '2021-05-16 00:10:22'),
(23, 86, 4, '', 5, '2021-05-16 00:11:04', '2021-05-16 00:11:04'),
(24, 92, 4, 'Estableci un condicional para poder completar la tarea', 0, '2021-05-16 00:11:48', '2021-05-16 00:11:48'),
(25, 94, 4, '', 10, '2021-05-16 00:12:43', '2021-05-16 00:12:43'),
(26, 95, 4, '', 1, '2021-05-16 00:12:43', '2021-05-16 00:12:43'),
(27, 36, 10, '', 1, '2021-06-08 03:29:41', '2021-06-08 03:29:41'),
(28, 34, 10, 'asd', 0, '2021-06-26 02:17:00', '2021-06-29 17:15:07'),
(29, 34, 4, 'nada que opinar ', 0, '2021-06-26 02:17:09', '2021-06-29 17:14:55'),
(30, 34, 9, 'aaaaa', 0, '2021-06-26 02:17:39', '2021-06-29 17:15:07'),
(31, 33, 4, '', 10, '2021-06-29 17:18:09', '2021-06-29 17:18:09'),
(32, 33, 9, '', 10, '2021-06-29 17:18:12', '2021-06-29 17:18:12'),
(33, 33, 10, '', 10, '2021-06-29 17:18:14', '2021-06-29 17:18:14'),
(34, 32, 4, '', 4, '2021-07-19 17:54:40', '2021-07-19 17:54:40');

-- --------------------------------------------------------

--
-- Estructura de tabla para la tabla `researchers`
--

CREATE TABLE `researchers` (
  `id` int(10) UNSIGNED NOT NULL,
  `user_id` int(10) UNSIGNED NOT NULL
) ENGINE=InnoDB DEFAULT CHARSET=latin1;

-- --------------------------------------------------------

--
-- Estructura de tabla para la tabla `resources`
--

CREATE TABLE `resources` (
  `id` int(10) UNSIGNED NOT NULL,
  `activity_id` int(10) UNSIGNED NOT NULL,
  `value` text NOT NULL,
  `created_at` timestamp NOT NULL DEFAULT '0000-00-00 00:00:00',
  `updated_at` timestamp NOT NULL DEFAULT '0000-00-00 00:00:00'
) ENGINE=InnoDB DEFAULT CHARSET=latin1;

--
-- Volcado de datos para la tabla `resources`
--

INSERT INTO `resources` (`id`, `activity_id`, `value`, `created_at`, `updated_at`) VALUES
(1, 3, '\n\n        <h4>Utilizando Condicionales</h4>\n\n        En programación, una sentencia <b>condicional</b> es una instrucción o grupo de instrucciones que se pueden ejecutar o no dependiendo de la veracidad de su condición.\n\n        Los tipos más conocidos de sentencias condicionales son el SI..ENTONCES (if..then), el SI..ENTONCES..SI NO (if..then..else)\n        <br><br>\n        <img alt=\"\" src=\"http://www.ikerg1972.com/wp-content/uploads/2015/02/Instruccion-if-else.jpg\">\n\n    ', '2016-10-25 06:25:11', '2016-10-25 06:25:11'),
(2, 7, '', '2016-10-25 07:22:40', '2016-10-25 07:22:40'),
(3, 2, '\n        <div class=\"wysiwyg-text-align-center\"><h3>¿Qué son las Variables?</h3></div>\n        Una variable consiste en un elemento al cual le damos un nombre y le atribuimos un determinado tipo de información.<br><br>\n        Las variables pueden ser consideradas \"cajas\" que nos permiten guardar información temporalmente para luego ser utilizada.\n                <div class=\"wysiwyg-text-align-center\"><img alt=\"\" src=\"http://img.c4learn.com/2012/02/Variable-in-Java.jpg\"></div>\n        <br>\n        De este modo podríamos escribir que:\n        <br>\n        variable <b>a</b> = \"perro\"<br>\n        variable <b>b</b> = \"muerde\"<br>\n        <br>\n        La variable que nosotros llamamos \"a\" posee un elemento de información de tipo texto que es \"perro\".\n        Asimismo, la variable \"b\" contiene el valor \"muerde\".\n        Podríamos definir una tercera variable que fuese la suma de estas dos:\n        <br>\n        variable <b>c</b> = <b>a</b> + <b>b</b>\n        <br><br>\n        Si introdujésemos una petición de impresión de esta variable en nuestro lenguaje ficticio:\n        <br><br>\n        imprimir(c)\n        <br>\n        El resultado podría ser:\n        <br>\n        <pre><code>&gt;&gt; perro muerde</code></pre>\n        <br>\n        Podríamos de la misma forma trabajar con variables que contuviesen números y construir nuestro programa:\n\n        <b>a</b> = 3<br>\n        <b></b><pre><code><b> b </b>= 4<br><b> c</b> = <b>a</b> + <b>b</b><br> imprimir(<b>c</b>)</code></pre><br>\n        <br>\n        El resultado de nuestro programa sería:\n        <br>\n        &gt;&gt; <b>7</b>\n    ', '2016-10-25 07:22:45', '2016-11-29 03:48:00'),
(4, 4, '\n        <h4>¿Como repetimos sentencias?</h4>\n        Un bucle o ciclo, en programación, es una sentencia que se realiza repetidas veces a un trozo aislado de código, hasta que la condición asignada a dicho bucle deje de cumplirse.\n        <br><br>\n        Generalmente, un bucle es utilizado para hacer una acción repetida sin tener que escribir varias veces el mismo código, lo que ahorra tiempo, procesos y deja el código más claro y facilita su modificación en el futuro.\n        <br><br>\n\n        Los dos bucles más utilizados en programación son el bucle <b>while</b> y el ciclo <b>for</b>\n\n        <br><br>\n        <img alt=\"\" src=\"http://3.bp.blogspot.com/-seVXw8tWh9c/Ubc7bLoRlNI/AAAAAAAAAGQ/2MI7omSS0kY/s1600/pic024.gif\">\n    ', '2016-10-25 07:22:48', '2016-10-25 07:22:48'),
(5, 11, '', '2016-10-25 07:22:50', '2016-10-25 07:22:50'),
(6, 6, '\n        <h4>R M B</h4>\n        El\n        <b>ritmo metabólico basal</b> o metabolismo basal es el valor mínimo de energía necesaria para que la célula subsista.\n        <br><br>Esta energía mínima es utilizada por la célula en las reacciones químicas intracelulares necesarias para la realización de funciones metabólicas esenciales, como es el caso de la respiración.\n        <br><br>\n        En el organismo, el metabolismo basal depende de varios factores, como sexo, talla, peso, edad, etc. Como claro ejemplo del metabolismo basal está el caso del coma. La persona «en coma», está inactiva, pero tiene un gasto mínimo de calorías, razón por la que hay que seguir alimentando al organismo.\n    <br><br>\nEn la actualidad, se utilizan las siguientes fórmulas para calcular el RMB o Tása Metabólica Basal (<b>TMC</b>):\n<br>\n<img alt=\"\">\n<br><br>\nPara mas información visita: <a rel=\"nofollow\" href=\"https://es.wikipedia.org/wiki/Ecuaci%C3%B3n_de_Harris-Benedict\">Ecuación de Harris-Benedict</a>', '2016-10-25 07:22:52', '2017-04-10 17:41:21'),
(7, 5, '', '2016-10-25 07:22:56', '2016-10-25 07:22:56'),
(8, 10, '', '2016-10-25 07:23:00', '2016-10-25 07:23:00'),
(9, 1, '<div class=\"wysiwyg-text-align-center\"><h2><span class=\"wysiwyg-color-blue\">Imprimiendo</span> <span class=\"wysiwyg-color-red\">en</span> <span class=\"wysiwyg-color-green\">consola</span></h2></div><h3><span class=\"wysiwyg-color-black\">Pasos a seguir</span></h3><ul><li>Utilizar bloque \"imprimir en consola\".</li><li>Asignarle un texto o número</li><li>Ejecutar aplicación</li></ul><div class=\"wysiwyg-text-align-center\"><img alt=\"\"></div><br>&nbsp; Para mas información ingresar a: <a rel=\"nofollow\" href=\"https://es.wikipedia.org/wiki/Interfaz_de_l%C3%ADnea_de_comandos\">¿Que es la consola?</a><br><br>', '2016-10-25 07:23:02', '2016-12-06 04:35:38'),
(10, 8, '', '2016-10-25 08:06:27', '2016-10-25 08:06:27'),
(11, 9, '', '2016-10-25 08:06:29', '2016-10-25 08:06:29'),
(12, 12, '<h3><b>Esta es la <span class=\"wysiwyg-color-blue\">descripción</span> de la <span class=\"wysiwyg-color-green\">Primera Actividad</span></b></h3>', '2016-11-11 09:24:39', '2016-11-11 09:24:39'),
(13, 14, '', '2016-12-19 03:14:38', '2016-12-19 03:14:38'),
(14, 15, '', '2016-12-19 03:58:19', '2016-12-19 03:58:19'),
(15, 16, '', '2016-12-28 22:14:53', '2016-12-28 22:14:53'),
(16, 17, 'Esta actividad permite que muestres tu poesìa que escribiste.<br>haz un programa que le te pida un verso y lo mostrarà en pantalla.', '2017-04-10 17:54:19', '2017-04-10 17:54:19'),
(17, 18, '', '2017-04-10 17:54:28', '2017-04-10 17:54:28'),
(18, 20, 'ew', '2017-04-10 17:54:36', '2017-04-10 17:54:47'),
(19, 21, '', '2017-04-10 17:55:05', '2017-04-10 17:55:05'),
(20, 22, 'Estás haciendo una invitación a comer a tu casa y has pensado que quieres que coman pastel. Primero debes invitar a tus comensales, de forma interactiva. Para ello propones que el computador les pregunte el nombre y luego le das la bienvenida. ¿Te parece?<br>', '2017-04-25 17:48:48', '2017-04-25 19:38:29'),
(21, 23, 'Si bien dividiste tu pastel en los pedazos justos, recuerda que tú y tus amigos cambian de opinión, y probablemente ha sobrado pastel. Además, ahora ya han comido todos... recordaste que te faltó invitar al vecino!!! Para saber cuántos pedazos quedan, necesitas hacer un cálculo rápido.<br><br>Te desafiamos a calcular la fracción de pastel que se han comido entre todos, y decirle a tu vecino&nbsp; si queda pastel o no. <br>Recuerda que todos los pedazos son iguales.<br><br>\nPista --&gt;¿Cuál será el denominador?\n\n<br>', '2017-04-25 17:50:01', '2017-04-25 20:00:58'),
(22, 25, 'Luego de hacer tu invitación, 3 de tus amigos te respondieron que asistirán. El primero que respondió dijo que comerá 3 trozos de pastel, el segundo te dijo que comerá 2, y tu tercer amigo te dijo que comerá sólo uno. Sacas rápidamente las cuentas (y sabiendo que te comerás 2), sabes que deberás dividir el pastel en 8 trozos (iguales, para ser justos).<br><br>No obstante, tus amigos cambian de opinión, por lo que sabes que debes repetir este cálculo varias veces...<br><br>¿Cuántos trozos comerán entre todos? Haz una calculadora que te permita sacar las cuentas del total que comerán entre tú y tus amigos&nbsp; =)<br>', '2017-04-25 17:53:43', '2017-04-25 19:54:16'),
(23, 26, 'Todo lo que hiciste funciona sólo si todos los pedazos son iguales. ¿Cómo lo harías los pedazos no son iguales? Haz un programa que te permita calcular cuánto comieron tú y tus amigos, sabiendo qué fracción del pastel comió cada uno.<br><br>', '2017-04-25 17:54:58', '2017-04-25 20:12:20'),
(24, 35, 'En la siguiente actividad se explicara y realizara su primer programa en ProBlock<br>', '2017-05-25 01:28:31', '2017-05-25 01:35:57'),
(25, 33, 'Siga las siguientes instrucciones.<br>Cree una variable y el resultado de la suma de 16 con 4&nbsp; guardela dentro de está.<br>Luego esa variable dividala por 5, para despues multiplicarla por 2.5&nbsp; y mostrar ese resultado en pantalla.<br>', '2017-05-25 01:42:48', '2017-05-25 20:13:56'),
(26, 36, 'Ahora escriba una historia y guardelo dentro de una variable, hecho eso hago los mismo 3 veces para aumentar la historia, contemple su resultado.<br>Todo esto por consola.<br>', '2017-05-25 20:19:35', '2017-05-25 20:35:31'),
(27, 44, 'Calculadora para los colegios... Baka One-chan<br>', '2017-05-30 23:41:00', '2017-05-30 23:41:00'),
(28, 44, 'Calculadora para los colegios... Baka One-chan<br>', '2017-05-30 23:41:00', '2017-05-30 23:41:00'),
(29, 44, 'Calculadora para los colegios... Baka One-chan<br>', '2017-05-30 23:41:00', '2017-05-30 23:41:00'),
(30, 39, 'proceso biológico que hace el corazón, lograr que imprima en pantalla \"el corazón esta latiendo\", si esque este es Verdadero.<br>', '2017-06-04 19:30:41', '2017-06-05 17:58:18'),
(31, 45, 'Ahora vamos a generar un objeto con altura y ancho del objeto.<br>Además que este se muestre en consola con todos los datos ingresados.<br>Tambien el programa debe ser capaza de diferenciar si es un cuadradro o un rectangulo, esto pensado en que sea más facil el programa.<br><br><br>', '2017-07-04 00:09:11', '2017-07-04 00:42:11'),
(32, 47, 'Haz un programa que te permita pedir un problema social, para luego pedir el nombre de quien lo escribió. como resultado debe mostrar el nombre, seguido de \"propone \" para luego terminar mostrando el problema social.', '2017-07-06 19:07:10', '2017-07-06 19:07:10'),
(33, 48, '[[ INTRODUCCION ]]<br><br>Haz un programa que permita a tus compañeros planificar una noticia', '2017-07-06 19:11:34', '2017-07-06 19:11:34'),
(34, 50, '', '2020-09-22 06:15:43', '2020-09-22 06:15:43'),
(35, 51, '', '2020-09-22 06:15:48', '2020-09-22 06:15:48'),
(36, 54, '', '2020-09-23 05:29:39', '2020-09-23 05:29:39'),
(37, 79, '', '2020-10-13 01:03:59', '2020-10-13 01:03:59'),
(38, 100, '', '2020-10-21 00:08:13', '2020-10-21 00:08:13'),
(39, 101, '', '2020-10-21 00:08:29', '2020-10-21 00:08:29'),
(40, 109, '', '2020-10-21 08:49:46', '2020-10-21 08:49:46'),
(41, 110, '', '2020-10-21 08:49:57', '2020-10-21 08:49:57'),
(42, 111, '', '2020-10-21 20:17:56', '2020-10-21 20:17:56'),
(43, 112, '', '2020-10-21 20:18:09', '2020-10-21 20:18:09'),
(44, 113, '', '2020-10-21 23:26:40', '2020-10-21 23:26:40'),
(45, 114, '', '2020-10-21 23:39:52', '2020-10-21 23:39:52'),
(46, 115, '', '2020-10-22 00:41:49', '2020-10-22 00:41:49'),
(47, 116, '', '2020-10-22 08:36:03', '2020-10-22 08:36:03'),
(48, 117, '', '2020-10-22 14:52:29', '2020-10-22 14:52:29'),
(49, 118, '', '2020-10-22 17:42:41', '2020-10-22 17:42:41'),
(50, 119, '', '2020-10-22 17:42:56', '2020-10-22 17:42:56'),
(51, 120, '', '2020-10-22 17:43:03', '2020-10-22 17:43:03'),
(52, 121, '', '2020-10-22 17:43:11', '2020-10-22 17:43:11'),
(53, 123, '', '2020-10-27 03:04:17', '2020-10-27 03:04:17'),
(54, 122, '', '2020-10-27 03:04:22', '2020-10-27 03:04:22'),
(55, 126, '', '2020-10-28 16:11:43', '2020-10-28 16:11:43'),
(56, 132, '', '2020-11-03 23:29:23', '2020-11-03 23:29:23'),
(57, 133, '', '2020-11-04 00:53:13', '2020-11-04 00:53:13'),
(58, 134, '', '2020-11-04 00:53:48', '2020-11-04 00:53:48'),
(59, 136, '', '2020-11-04 01:16:33', '2020-11-04 01:16:33'),
(60, 138, '', '2020-11-11 22:40:43', '2020-11-11 22:40:43'),
(61, 135, '', '2020-11-11 23:18:56', '2020-11-11 23:18:56'),
(62, 140, '', '2020-11-12 04:35:39', '2020-11-12 04:35:39'),
(63, 139, '', '2020-11-12 04:35:42', '2020-11-12 04:35:42'),
(64, 141, '', '2020-11-18 03:11:07', '2020-11-18 03:11:07'),
(65, 142, '', '2020-11-18 03:12:32', '2020-11-18 03:12:32'),
(66, 154, '', '2020-11-18 04:41:18', '2020-11-18 04:41:18'),
(67, 155, '', '2020-11-18 04:41:48', '2020-11-18 04:41:48'),
(68, 156, '', '2020-11-18 20:57:47', '2020-11-18 20:57:47'),
(69, 157, '', '2020-11-18 20:57:53', '2020-11-18 20:57:53'),
(70, 158, '', '2020-11-18 22:33:03', '2020-11-18 22:33:03'),
(71, 159, '', '2020-11-18 22:33:45', '2020-11-18 22:33:45'),
(72, 161, '', '2020-11-19 05:55:58', '2020-11-19 05:55:58'),
(73, 160, '', '2020-11-19 05:56:24', '2020-11-19 05:56:24'),
(74, 162, '', '2020-11-20 03:25:15', '2020-11-20 03:25:15'),
(75, 163, '', '2020-11-20 03:25:23', '2020-11-20 03:25:23'),
(76, 164, '', '2020-11-20 03:25:32', '2020-11-20 03:25:32'),
(77, 165, '', '2020-11-20 07:46:59', '2020-11-20 07:46:59'),
(78, 166, '', '2020-11-20 07:47:10', '2020-11-20 07:47:10'),
(79, 167, '', '2020-11-20 07:47:15', '2020-11-20 07:47:15'),
(80, 168, '', '2020-11-20 07:47:21', '2020-11-20 07:47:21'),
(81, 169, '', '2020-11-20 07:47:26', '2020-11-20 07:47:26'),
(82, 170, '', '2020-11-20 07:47:55', '2020-11-20 07:47:55'),
(83, 171, '', '2020-11-20 10:36:34', '2020-11-20 10:36:34'),
(84, 172, 'Actividad Individual 2 - Activación<br>', '2020-11-20 10:36:58', '2020-11-20 10:36:58'),
(85, 173, '', '2020-11-20 10:37:33', '2020-11-20 10:37:33'),
(86, 174, '', '2020-11-20 10:37:59', '2020-11-20 10:37:59'),
(87, 175, '', '2020-11-20 10:38:21', '2020-11-20 10:38:21'),
(88, 176, '', '2020-11-20 10:38:49', '2020-11-20 10:38:49'),
(89, 177, '', '2020-11-20 10:39:29', '2020-11-20 10:39:29'),
(90, 178, '', '2020-12-01 07:31:21', '2020-12-01 07:31:21'),
(91, 179, '', '2020-12-01 07:31:45', '2020-12-01 07:31:45'),
(92, 180, '', '2020-12-01 07:32:11', '2020-12-01 07:32:11'),
(93, 181, '', '2020-12-03 11:05:28', '2020-12-03 11:05:28'),
(94, 182, '', '2020-12-04 18:56:51', '2020-12-04 18:56:51'),
(95, 183, '', '2020-12-04 18:57:08', '2020-12-04 18:57:08'),
(96, 184, '', '2020-12-04 18:57:26', '2020-12-04 18:57:26'),
(97, 185, '', '2020-12-04 18:57:36', '2020-12-04 18:57:36'),
(98, 186, '', '2020-12-04 18:57:50', '2020-12-04 18:57:50'),
(99, 187, '', '2020-12-08 23:30:12', '2020-12-08 23:30:12'),
(100, 188, '', '2020-12-08 23:30:25', '2020-12-08 23:30:25'),
(101, 189, '', '2020-12-08 23:30:41', '2020-12-08 23:30:41'),
(102, 190, '', '2020-12-08 23:31:12', '2020-12-08 23:31:12'),
(103, 192, '', '2020-12-08 23:31:31', '2020-12-08 23:31:31'),
(104, 191, '', '2020-12-08 23:31:49', '2020-12-08 23:31:49'),
(105, 193, '', '2020-12-08 23:32:18', '2020-12-08 23:32:18'),
(106, 194, '', '2020-12-08 23:32:36', '2020-12-08 23:32:36'),
(107, 195, 'prueba de para las funcionalidades Activacion', '2020-12-09 03:58:10', '2020-12-09 04:03:56'),
(108, 196, '\n\nprueba de para las funcionalidades Activacion\n\n', '2020-12-09 03:58:27', '2020-12-09 04:03:59'),
(109, 197, 'prueba para las funcionalidad Elaboracion', '2020-12-09 03:58:47', '2020-12-09 04:03:33'),
(110, 198, '\n\nprueba para las funcionalidad Elaboración\n\n<br>', '2020-12-09 03:58:59', '2020-12-09 04:03:44'),
(111, 199, 'Prueba para la consolidacion', '2020-12-09 03:59:12', '2020-12-09 04:04:12'),
(112, 205, 'Actividad activacion Individual<br>', '2020-12-09 04:16:05', '2020-12-09 04:16:09'),
(113, 207, 'Actividad activacion Grupal<br>', '2020-12-09 04:16:44', '2020-12-09 04:16:44'),
(114, 209, 'Actividad Elaboración Grupal<br>', '2020-12-09 04:17:23', '2020-12-09 04:17:23'),
(115, 210, 'Actividad Consolidación Individual<br>', '2020-12-09 04:17:56', '2020-12-09 04:17:56'),
(116, 212, 'Actividad Reflexion Grupal<br>', '2020-12-09 04:18:54', '2020-12-09 04:18:54'),
(117, 213, '', '2020-12-10 01:46:22', '2020-12-10 01:46:22'),
(118, 214, '', '2020-12-10 01:46:34', '2020-12-10 01:46:34'),
(119, 215, '', '2020-12-10 01:46:58', '2020-12-10 01:46:58'),
(120, 216, '', '2020-12-10 01:47:28', '2020-12-10 01:47:28'),
(121, 217, '', '2020-12-10 01:48:09', '2020-12-10 01:48:09'),
(122, 218, '\n\nInstrucciones para probar la <span class=\"wysiwyg-color-red\">Actividad Individual - Activación</span> donde se desea ver el correcto funcionamiento de todas las partes de la implementación.&nbsp; &nbsp;<br>', '2020-12-10 04:41:26', '2020-12-10 15:50:54'),
(123, 219, '', '2020-12-10 04:41:37', '2020-12-10 04:41:37'),
(124, 220, '', '2020-12-10 04:41:59', '2020-12-10 04:41:59'),
(125, 221, '\n\nInstrucciones para probar la <span class=\"wysiwyg-color-red\">Actividad Grupal - Elaboración</span> donde se desea ver el correcto funcionamiento de todas las partes de la implementación.&nbsp; &nbsp;<br>', '2020-12-10 04:42:09', '2020-12-10 15:50:35'),
(126, 222, '\n\nInstrucciones para probar la <span class=\"wysiwyg-color-red\">Actividad Individual - Consolidación</span> donde se desea ver el correcto funcionamiento de todas las partes de la implementación\n\n<br>', '2020-12-10 04:42:35', '2020-12-10 15:50:41'),
(127, 223, '', '2020-12-10 04:42:47', '2020-12-10 04:42:47'),
(128, 224, '', '2020-12-10 04:43:01', '2020-12-10 04:43:01'),
(129, 225, 'Instrucciones para probar la&nbsp;<span class=\"wysiwyg-color-red\">Actividad Grupal - Reflexión</span> donde se desea ver el correcto funcionamiento de todas las partes de la implementación.<br><br>', '2020-12-10 15:48:26', '2020-12-10 15:50:27'),
(130, 227, '', '2021-04-01 00:17:11', '2021-04-01 00:17:11'),
(131, 229, '', '2021-04-01 02:19:08', '2021-04-01 02:19:08'),
(132, 230, 'Nueva actividad para probar el Tour<br>', '2021-04-23 23:46:27', '2021-04-23 23:47:04'),
(133, 238, '', '2021-05-10 07:48:24', '2021-05-10 07:48:24'),
(134, 239, '', '2021-05-10 07:49:09', '2021-05-10 07:49:09'),
(135, 240, '', '2021-05-10 07:49:49', '2021-05-10 07:49:49'),
(136, 254, '', '2021-05-15 23:06:41', '2021-05-15 23:06:41'),
(137, 265, 'Actividad para poder crear preguntas y probarlas<br>', '2021-05-16 00:06:51', '2021-05-16 00:06:51'),
(138, 266, 'Actividad para poder crear preguntas y probarlas<br>', '2021-05-16 00:07:18', '2021-05-16 00:07:18'),
(139, 267, 'Actividad para poder crear preguntas y probarlas<br>', '2021-05-16 00:08:10', '2021-05-16 00:08:10'),
(140, 268, 'Actividad para poder crear preguntas y probarlas<br>', '2021-05-16 00:08:39', '2021-05-16 00:08:39');

-- --------------------------------------------------------

--
-- Estructura de tabla para la tabla `scores`
--

CREATE TABLE `scores` (
  `id` int(10) UNSIGNED NOT NULL,
  `student_id` int(10) UNSIGNED NOT NULL,
  `answere_id` int(10) UNSIGNED NOT NULL,
  `activity_id` int(10) UNSIGNED NOT NULL,
  `score` int(5) UNSIGNED NOT NULL,
  `created_at` timestamp NOT NULL DEFAULT current_timestamp() ON UPDATE current_timestamp(),
  `updated_at` timestamp NOT NULL DEFAULT '0000-00-00 00:00:00'
) ENGINE=InnoDB DEFAULT CHARSET=latin1;

--
-- Volcado de datos para la tabla `scores`
--

INSERT INTO `scores` (`id`, `student_id`, `answere_id`, `activity_id`, `score`, `created_at`, `updated_at`) VALUES
(8, 2, 13, 1, 100, '2016-11-11 02:48:51', '2016-10-20 06:58:19'),
(9, 2, 14, 2, 100, '2016-11-11 02:48:55', '2016-10-20 06:58:35'),
(10, 2, 15, 3, 0, '2016-11-11 02:49:00', '2016-10-20 07:00:02'),
(11, 2, 16, 7, 100, '2016-11-11 02:49:05', '2016-10-20 07:28:53'),
(12, 2, 17, 9, 100, '2016-11-11 02:49:09', '2016-10-20 07:35:01'),
(13, 2, 18, 10, 60, '2016-11-11 02:48:32', '2016-10-20 07:35:23'),
(14, 2, 19, 11, 100, '2016-11-11 02:48:26', '2016-10-20 07:35:33'),
(15, 1, 10, 9, 0, '2016-12-19 01:35:16', '2016-12-19 04:35:16'),
(16, 1, 6, 1, 100, '2016-11-11 02:48:15', '2016-10-25 09:16:59'),
(17, 1, 2, 2, 100, '2016-11-11 02:48:05', '2016-10-25 09:17:38'),
(18, 1, 7, 3, 77, '2016-11-29 02:19:41', '2016-11-29 05:19:41'),
(19, 1, 1, 4, 100, '2016-11-29 01:53:58', '2016-11-29 04:53:58'),
(20, 1, 20, 5, 100, '2016-11-11 02:47:36', '2016-10-25 09:23:33'),
(21, 3, 21, 1, 100, '2016-11-11 09:26:58', '2016-11-11 09:26:58'),
(22, 1, 22, 6, 100, '2016-11-29 02:21:20', '2016-11-29 05:21:20'),
(23, 1, 8, 7, 100, '2021-06-06 17:40:26', '2021-06-06 17:40:26'),
(24, 5, 23, 1, 100, '2016-12-18 18:19:03', '2016-12-18 21:19:03'),
(25, 5, 24, 14, 0, '2016-12-19 01:26:02', '2016-12-19 04:26:02'),
(26, 5, 25, 15, 0, '2016-12-19 01:30:32', '2016-12-19 04:30:32'),
(27, 1, 26, 14, 0, '2016-12-19 05:47:03', '2016-12-19 08:47:03'),
(28, 8, 27, 22, 100, '2017-04-25 20:19:23', '2017-04-25 20:19:23'),
(29, 17, 28, 22, 100, '2017-04-26 23:50:45', '2017-04-26 23:50:45'),
(30, 17, 29, 22, 0, '2017-04-26 23:49:39', '2017-04-26 23:49:39'),
(31, 27, 30, 22, 100, '2017-04-26 23:50:47', '2017-04-26 23:50:47'),
(32, 11, 31, 22, 100, '2017-04-26 23:50:58', '2017-04-26 23:50:58'),
(33, 19, 32, 22, 100, '2017-04-26 23:50:45', '2017-04-26 23:50:45'),
(34, 28, 33, 22, 100, '2017-04-26 23:50:45', '2017-04-26 23:50:45'),
(35, 18, 34, 22, 100, '2017-04-26 23:50:50', '2017-04-26 23:50:50'),
(36, 22, 35, 22, 100, '2017-04-26 23:50:45', '2017-04-26 23:50:45'),
(37, 16, 36, 22, 100, '2017-04-26 23:50:45', '2017-04-26 23:50:45'),
(38, 26, 37, 22, 100, '2017-04-26 23:50:37', '2017-04-26 23:50:37'),
(39, 20, 38, 22, 100, '2017-04-26 23:50:45', '2017-04-26 23:50:45'),
(40, 10, 39, 22, 100, '2017-04-26 23:50:48', '2017-04-26 23:50:48'),
(41, 15, 40, 22, 100, '2017-04-26 23:50:50', '2017-04-26 23:50:50'),
(42, 21, 41, 22, 100, '2017-04-26 23:50:58', '2017-04-26 23:50:58'),
(43, 25, 42, 22, 100, '2017-04-26 23:51:05', '2017-04-26 23:51:05'),
(44, 16, 43, 25, 100, '2017-04-27 00:13:37', '2017-04-27 00:13:37'),
(45, 10, 44, 25, 100, '2017-04-27 00:10:09', '2017-04-27 00:10:09'),
(46, 27, 45, 25, 100, '2017-04-27 00:15:33', '2017-04-27 00:15:33'),
(47, 26, 46, 25, 100, '2017-04-27 00:16:07', '2017-04-27 00:16:07'),
(48, 22, 47, 25, 100, '2017-04-27 00:14:36', '2017-04-27 00:14:36'),
(49, 28, 48, 25, 100, '2017-04-27 00:14:19', '2017-04-27 00:14:19'),
(50, 17, 49, 25, 100, '2017-04-27 00:13:24', '2017-04-27 00:13:24'),
(51, 25, 50, 25, 100, '2017-04-27 00:13:08', '2017-04-27 00:13:08'),
(52, 20, 51, 25, 100, '2017-04-27 00:14:24', '2017-04-27 00:14:24'),
(53, 19, 52, 25, 100, '2017-04-27 00:14:37', '2017-04-27 00:14:37'),
(54, 11, 53, 25, 100, '2017-04-27 00:14:31', '2017-04-27 00:14:31'),
(55, 15, 54, 25, 100, '2017-04-27 00:14:46', '2017-04-27 00:14:46'),
(56, 18, 55, 25, 100, '2017-04-27 00:16:50', '2017-04-27 00:16:50'),
(57, 21, 56, 25, 100, '2017-04-27 00:16:35', '2017-04-27 00:16:35'),
(58, 33, 57, 22, 100, '2017-07-06 18:00:43', '2017-07-06 18:00:43'),
(59, 33, 58, 25, 100, '2017-07-06 18:13:35', '2017-07-06 18:13:35'),
(60, 33, 59, 23, 100, '2017-07-06 18:22:26', '2017-07-06 18:22:26'),
(61, 33, 60, 26, 0, '2017-07-06 19:17:36', '2017-07-06 19:17:36'),
(62, 33, 61, 47, 100, '2017-07-06 19:22:47', '2017-07-06 19:22:47'),
(63, 35, 62, 22, 100, '2018-07-10 19:12:54', '2018-07-10 19:12:54'),
(64, 34, 63, 22, 100, '2018-07-10 19:18:43', '2018-07-10 19:18:43'),
(65, 34, 64, 25, 100, '2018-07-10 19:34:40', '2018-07-10 19:34:40'),
(66, 35, 65, 25, 100, '2018-07-10 19:41:10', '2018-07-10 19:41:10'),
(67, 34, 66, 23, 100, '2018-07-10 20:00:15', '2018-07-10 20:00:15'),
(68, 35, 67, 23, 100, '2018-07-10 20:03:41', '2018-07-10 20:03:41'),
(70, 50, 69, 22, 100, '2018-12-20 18:05:22', '2018-12-20 18:05:22'),
(71, 42, 70, 22, 100, '2018-12-20 18:05:17', '2018-12-20 18:05:17'),
(72, 39, 71, 22, 100, '2018-12-20 18:05:16', '2018-12-20 18:05:16'),
(73, 47, 72, 22, 100, '2018-12-20 18:05:18', '2018-12-20 18:05:18'),
(74, 45, 73, 22, 100, '2018-12-20 18:05:16', '2018-12-20 18:05:16'),
(75, 43, 74, 22, 100, '2018-12-20 18:05:23', '2018-12-20 18:05:23'),
(76, 44, 75, 22, 100, '2018-12-20 18:05:25', '2018-12-20 18:05:25'),
(77, 48, 76, 22, 100, '2018-12-20 18:06:03', '2018-12-20 18:06:03'),
(78, 40, 77, 22, 100, '2018-12-20 18:05:51', '2018-12-20 18:05:51'),
(79, 49, 78, 22, 100, '2018-12-20 18:06:10', '2018-12-20 18:06:10'),
(80, 46, 79, 22, 100, '2018-12-20 18:06:08', '2018-12-20 18:06:08'),
(81, 48, 80, 25, 100, '2018-12-20 18:45:47', '2018-12-20 18:45:47'),
(82, 50, 81, 25, 100, '2018-12-20 18:45:44', '2018-12-20 18:45:44'),
(83, 39, 82, 25, 100, '2018-12-20 18:45:50', '2018-12-20 18:45:50'),
(84, 47, 83, 25, 100, '2018-12-20 18:45:49', '2018-12-20 18:45:49'),
(86, 46, 85, 25, 100, '2018-12-20 18:47:38', '2018-12-20 18:47:38'),
(87, 50, 86, 23, 0, '2018-12-20 18:48:33', '2018-12-20 18:48:33'),
(88, 40, 87, 25, 100, '2018-12-20 18:49:09', '2018-12-20 18:49:09'),
(90, 43, 89, 25, 100, '2018-12-20 18:52:14', '2018-12-20 18:52:14'),
(91, 45, 90, 25, 100, '2018-12-20 18:55:10', '2018-12-20 18:55:10'),
(92, 1, 93, 113, 100, '2020-10-21 20:29:07', '2020-10-21 23:29:07'),
(93, 1, 94, 114, 100, '2020-10-21 20:41:17', '2020-10-21 23:41:17'),
(94, 1, 95, 115, 100, '2020-10-21 21:42:34', '2020-10-22 00:42:34'),
(95, 1, 96, 116, 50, '2020-10-22 05:37:51', '2020-10-22 08:37:51'),
(96, 2, 97, 113, 50, '2020-10-22 14:23:29', '2020-10-22 17:23:29'),
(97, 2, 98, 114, 100, '2020-10-22 14:24:01', '2020-10-22 17:24:01'),
(98, 2, 99, 116, 50, '2020-10-22 14:24:31', '2020-10-22 17:24:31'),
(99, 2, 100, 117, 0, '2020-10-22 14:25:44', '2020-10-22 17:25:44'),
(100, 1, 101, 118, 50, '2020-10-22 14:44:16', '2020-10-22 17:44:16'),
(101, 1, 102, 119, 100, '2020-10-22 14:44:29', '2020-10-22 17:44:29'),
(102, 1, 103, 120, 0, '2020-10-22 17:44:37', '2020-10-22 17:44:37'),
(103, 1, 104, 121, 100, '2020-10-22 14:44:48', '2020-10-22 17:44:48'),
(104, 2, 105, 118, 50, '2020-10-22 14:48:52', '2020-10-22 17:48:52'),
(105, 2, 106, 119, 50, '2020-10-22 14:49:06', '2020-10-22 17:49:06'),
(106, 2, 107, 120, 0, '2020-10-22 17:49:30', '2020-10-22 17:49:30'),
(107, 2, 108, 122, 100, '2020-10-27 00:06:35', '2020-10-27 03:06:35'),
(108, 2, 109, 123, 100, '2020-10-27 00:07:09', '2020-10-27 03:07:09'),
(109, 1, 110, 122, 100, '2020-10-27 19:12:20', '2020-10-27 22:12:20'),
(110, 1, 111, 123, 100, '2020-10-27 19:12:59', '2020-10-27 22:12:59'),
(111, 1, 113, 136, 0, '2020-11-05 03:09:02', '2020-11-05 03:09:02'),
(112, 1, 112, 135, 0, '2020-11-11 23:19:55', '2020-11-11 23:19:55'),
(113, 2, 114, 135, 100, '2020-11-17 23:58:21', '2020-11-18 02:58:21'),
(114, 2, 115, 136, 0, '2020-11-18 02:59:06', '2020-11-18 02:59:06'),
(115, 2, 116, 139, 0, '2020-11-18 00:01:43', '2020-11-18 03:01:43'),
(116, 2, 117, 140, 0, '2020-11-18 00:01:20', '2020-11-18 03:01:20'),
(117, 3, 118, 154, 0, '2020-11-18 17:09:32', '2020-11-18 20:09:32'),
(118, 3, 119, 155, 0, '2020-11-18 20:09:43', '2020-11-18 20:09:43'),
(119, 53, 120, 154, 0, '2020-11-18 20:29:48', '2020-11-18 20:29:48'),
(120, 1, 121, 154, 0, '2020-11-18 20:29:48', '2020-11-18 20:29:48'),
(121, 2, 122, 154, 0, '2020-11-18 20:29:48', '2020-11-18 20:29:48'),
(122, 3, 123, 156, 50, '2020-11-18 19:34:53', '2020-11-18 22:34:53'),
(123, 5, 124, 156, 50, '2020-11-18 19:34:53', '2020-11-18 22:34:53'),
(124, 6, 125, 156, 50, '2020-11-18 19:34:53', '2020-11-18 22:34:53'),
(125, 3, 126, 157, 100, '2020-11-18 19:35:14', '2020-11-18 22:35:14'),
(126, 3, 127, 158, 67, '2020-11-18 19:35:43', '2020-11-18 22:35:43'),
(127, 3, 128, 159, 100, '2020-11-18 19:35:54', '2020-11-18 22:35:54'),
(128, 5, 129, 159, 100, '2020-11-18 19:35:54', '2020-11-18 22:35:54'),
(129, 6, 130, 159, 100, '2020-11-18 19:35:54', '2020-11-18 22:35:54'),
(130, 3, 131, 160, 67, '2020-11-19 22:26:51', '2020-11-20 01:26:51'),
(131, 1, 132, 160, 0, '2020-11-19 07:46:20', '2020-11-19 07:46:20'),
(132, 2, 133, 160, 33, '2020-11-19 09:24:20', '2020-11-19 09:24:20'),
(133, 2, 134, 162, 33, '2020-11-20 00:27:22', '2020-11-20 03:27:22'),
(134, 3, 135, 162, 67, '2020-11-20 00:27:18', '2020-11-20 03:27:18'),
(135, 1, 136, 162, 67, '2020-11-20 03:28:10', '2020-11-20 03:28:10'),
(136, 1, 137, 163, 50, '2020-11-20 07:04:19', '2020-11-20 07:04:19'),
(137, 2, 138, 163, 50, '2020-11-20 07:04:19', '2020-11-20 07:04:19'),
(138, 3, 139, 163, 50, '2020-11-20 07:04:19', '2020-11-20 07:04:19'),
(139, 1, 140, 164, 67, '2020-11-20 07:04:59', '2020-11-20 07:04:59'),
(140, 2, 141, 164, 67, '2020-11-20 07:04:59', '2020-11-20 07:04:59'),
(141, 3, 142, 164, 67, '2020-11-20 07:04:59', '2020-11-20 07:04:59'),
(142, 1, 143, 165, 67, '2020-11-20 07:52:18', '2020-11-20 07:52:18'),
(143, 2, 144, 165, 67, '2020-11-20 07:52:18', '2020-11-20 07:52:18'),
(144, 3, 145, 165, 67, '2020-11-20 07:52:18', '2020-11-20 07:52:18'),
(145, 1, 146, 166, 67, '2020-11-20 08:23:34', '2020-11-20 08:23:34'),
(146, 2, 147, 166, 67, '2020-11-20 08:23:34', '2020-11-20 08:23:34'),
(147, 3, 148, 166, 67, '2020-11-20 08:23:34', '2020-11-20 08:23:34'),
(148, 1, 149, 167, 67, '2020-11-20 06:30:02', '2020-11-20 09:30:02'),
(149, 2, 150, 167, 67, '2020-11-20 06:30:02', '2020-11-20 09:30:02'),
(150, 3, 151, 167, 67, '2020-11-20 06:30:02', '2020-11-20 09:30:02'),
(151, 2, 152, 168, 100, '2020-11-20 06:44:22', '2020-11-20 09:44:22'),
(152, 1, 153, 168, 100, '2020-11-20 06:44:26', '2020-11-20 09:44:26'),
(153, 2, 154, 169, 100, '2020-11-20 09:44:35', '2020-11-20 09:44:35'),
(154, 1, 155, 169, 100, '2020-11-20 09:45:18', '2020-11-20 09:45:18'),
(155, 1, 156, 170, 75, '2020-11-20 09:45:50', '2020-11-20 09:45:50'),
(156, 2, 157, 170, 75, '2020-11-20 09:45:50', '2020-11-20 09:45:50'),
(157, 3, 158, 170, 75, '2020-11-20 09:45:50', '2020-11-20 09:45:50'),
(158, 1, 159, 171, 100, '2020-11-20 16:08:47', '2020-11-20 16:08:47'),
(159, 2, 160, 171, 100, '2020-11-20 16:08:50', '2020-11-20 16:08:50'),
(160, 3, 161, 171, 100, '2020-11-20 16:08:58', '2020-11-20 16:08:58'),
(161, 1, 162, 172, 50, '2020-11-20 16:09:15', '2020-11-20 16:09:15'),
(162, 2, 163, 172, 50, '2020-11-20 16:09:19', '2020-11-20 16:09:19'),
(163, 3, 164, 172, 50, '2020-11-20 16:09:27', '2020-11-20 16:09:27'),
(164, 1, 165, 173, 50, '2020-11-20 16:10:37', '2020-11-20 16:10:37'),
(165, 2, 166, 173, 50, '2020-11-20 16:10:37', '2020-11-20 16:10:37'),
(166, 3, 167, 173, 50, '2020-11-20 16:10:37', '2020-11-20 16:10:37'),
(167, 1, 168, 174, 50, '2020-11-20 16:12:15', '2020-11-20 16:12:15'),
(168, 2, 169, 174, 50, '2020-11-20 16:12:15', '2020-11-20 16:12:15'),
(169, 3, 170, 174, 50, '2020-11-20 16:12:15', '2020-11-20 16:12:15'),
(170, 1, 171, 175, 50, '2020-11-20 16:19:13', '2020-11-20 16:19:13'),
(171, 3, 172, 175, 50, '2020-11-20 16:19:35', '2020-11-20 16:19:35'),
(177, 2, 178, 175, 50, '2020-12-01 07:17:57', '2020-12-01 07:17:57'),
(181, 1, 182, 176, 100, '2020-12-01 22:28:03', '2020-12-02 01:28:03'),
(182, 2, 183, 176, 100, '2020-12-01 22:28:03', '2020-12-02 01:28:03'),
(183, 3, 184, 176, 100, '2020-12-01 22:28:03', '2020-12-02 01:28:03'),
(184, 1, 185, 178, 50, '2020-12-02 01:48:23', '2020-12-02 01:48:23'),
(187, 1, 188, 179, 50, '2020-12-02 02:07:12', '2020-12-02 02:07:12'),
(188, 3, 189, 178, 50, '2020-12-02 02:55:07', '2020-12-02 02:55:07'),
(189, 3, 190, 179, 50, '2020-12-02 02:55:18', '2020-12-02 02:55:18'),
(190, 2, 191, 178, 50, '2020-12-02 03:11:13', '2020-12-02 03:11:13'),
(191, 2, 192, 179, 50, '2020-12-02 03:11:42', '2020-12-02 03:11:42'),
(192, 1, 193, 180, 67, '2020-12-03 08:01:15', '2020-12-03 11:01:15'),
(193, 2, 194, 180, 67, '2020-12-03 08:01:15', '2020-12-03 11:01:15'),
(194, 3, 195, 180, 67, '2020-12-03 08:01:15', '2020-12-03 11:01:15'),
(195, 1, 196, 182, 33, '2020-12-04 15:59:11', '2020-12-04 18:59:11'),
(196, 3, 197, 182, 33, '2020-12-04 18:59:18', '2020-12-04 18:59:18'),
(197, 2, 198, 182, 33, '2020-12-04 19:00:15', '2020-12-04 19:00:15'),
(198, 1, 199, 183, 67, '2020-12-04 18:51:33', '2020-12-04 21:51:33'),
(199, 2, 200, 183, 67, '2020-12-04 18:51:33', '2020-12-04 21:51:33'),
(200, 3, 201, 183, 67, '2020-12-04 18:51:33', '2020-12-04 21:51:33'),
(201, 1, 202, 184, 100, '2020-12-08 04:27:47', '2020-12-08 04:27:47'),
(202, 1, 203, 185, 100, '2020-12-08 04:28:01', '2020-12-08 04:28:01'),
(203, 2, 204, 184, 100, '2020-12-08 05:11:33', '2020-12-08 05:11:33'),
(242, 3, 243, 184, 100, '2020-12-08 19:30:41', '2020-12-08 19:30:41'),
(243, 3, 244, 185, 100, '2020-12-08 19:30:55', '2020-12-08 19:30:55'),
(244, 2, 245, 185, 100, '2020-12-08 19:41:16', '2020-12-08 19:41:16'),
(290, 1, 291, 186, 33, '2020-12-08 23:22:08', '2020-12-08 23:22:08'),
(291, 2, 292, 186, 33, '2020-12-08 23:22:08', '2020-12-08 23:22:08'),
(292, 3, 293, 186, 33, '2020-12-08 23:22:09', '2020-12-08 23:22:09'),
(293, 1, 294, 187, 33, '2020-12-08 23:33:36', '2020-12-08 23:33:36'),
(294, 2, 295, 187, 33, '2020-12-08 23:33:36', '2020-12-08 23:33:36'),
(295, 3, 296, 187, 33, '2020-12-08 23:33:36', '2020-12-08 23:33:36'),
(296, 1, 297, 188, 50, '2020-12-08 23:36:44', '2020-12-08 23:36:44'),
(297, 1, 298, 189, 33, '2020-12-08 23:36:59', '2020-12-08 23:36:59'),
(298, 3, 299, 188, 100, '2020-12-08 23:37:18', '2020-12-08 23:37:18'),
(299, 2, 300, 188, 100, '2020-12-08 23:37:31', '2020-12-08 23:37:31'),
(300, 2, 301, 189, 33, '2020-12-08 23:37:39', '2020-12-08 23:37:39'),
(301, 3, 302, 189, 100, '2020-12-08 23:38:08', '2020-12-08 23:38:08'),
(302, 1, 303, 190, 50, '2020-12-08 23:38:40', '2020-12-08 23:38:40'),
(303, 2, 304, 190, 50, '2020-12-08 23:38:40', '2020-12-08 23:38:40'),
(304, 3, 305, 190, 50, '2020-12-08 23:38:40', '2020-12-08 23:38:40'),
(305, 1, 306, 192, 50, '2020-12-08 23:39:58', '2020-12-08 23:39:58'),
(306, 2, 307, 192, 50, '2020-12-08 23:39:58', '2020-12-08 23:39:58'),
(307, 3, 308, 192, 50, '2020-12-08 23:39:58', '2020-12-08 23:39:58'),
(308, 1, 309, 191, 50, '2020-12-08 23:41:21', '2020-12-08 23:41:21'),
(309, 2, 310, 191, 50, '2020-12-08 23:41:21', '2020-12-08 23:41:21'),
(310, 3, 311, 191, 50, '2020-12-08 23:41:21', '2020-12-08 23:41:21'),
(311, 1, 312, 193, 67, '2020-12-08 23:42:13', '2020-12-08 23:42:13'),
(312, 2, 313, 193, 67, '2020-12-08 23:42:13', '2020-12-08 23:42:13'),
(313, 3, 314, 193, 67, '2020-12-08 23:42:13', '2020-12-08 23:42:13'),
(314, 1, 315, 194, 33, '2020-12-08 23:42:53', '2020-12-08 23:42:53'),
(315, 3, 316, 194, 33, '2020-12-08 23:43:02', '2020-12-08 23:43:02'),
(316, 2, 317, 194, 33, '2020-12-08 23:43:06', '2020-12-08 23:43:06'),
(317, 1, 318, 195, 100, '2020-12-09 04:09:10', '2020-12-09 04:09:10'),
(318, 2, 319, 195, 100, '2020-12-09 04:09:10', '2020-12-09 04:09:10'),
(319, 3, 320, 195, 100, '2020-12-09 04:09:10', '2020-12-09 04:09:10'),
(320, 3, 321, 196, 0, '2020-12-09 01:09:49', '2020-12-09 04:09:49'),
(321, 3, 322, 197, 100, '2020-12-09 04:10:07', '2020-12-09 04:10:07'),
(322, 2, 323, 196, 50, '2020-12-09 04:12:05', '2020-12-09 04:12:05'),
(323, 2, 324, 197, 50, '2020-12-09 04:12:18', '2020-12-09 04:12:18'),
(324, 1, 325, 205, 50, '2020-12-09 04:20:41', '2020-12-09 04:20:41'),
(325, 3, 326, 205, 100, '2020-12-09 04:20:59', '2020-12-09 04:20:59'),
(326, 2, 327, 205, 50, '2020-12-09 04:21:46', '2020-12-09 04:21:46'),
(327, 1, 328, 207, 100, '2020-12-09 04:23:39', '2020-12-09 04:23:39'),
(328, 2, 329, 207, 100, '2020-12-09 04:23:39', '2020-12-09 04:23:39'),
(329, 3, 330, 207, 100, '2020-12-09 04:23:39', '2020-12-09 04:23:39'),
(330, 1, 331, 209, 50, '2020-12-09 04:25:23', '2020-12-09 04:25:23'),
(331, 2, 332, 209, 50, '2020-12-09 04:25:23', '2020-12-09 04:25:23'),
(332, 3, 333, 209, 50, '2020-12-09 04:25:23', '2020-12-09 04:25:23'),
(333, 2, 334, 210, 50, '2020-12-09 04:27:01', '2020-12-09 04:27:01'),
(334, 1, 335, 210, 50, '2020-12-09 04:27:15', '2020-12-09 04:27:15'),
(335, 3, 336, 210, 50, '2020-12-09 04:27:26', '2020-12-09 04:27:26'),
(336, 1, 337, 212, 50, '2020-12-09 04:27:57', '2020-12-09 04:27:57'),
(337, 2, 338, 212, 50, '2020-12-09 04:27:58', '2020-12-09 04:27:58'),
(338, 3, 339, 212, 50, '2020-12-09 04:27:58', '2020-12-09 04:27:58'),
(344, 1, 345, 213, 50, '2020-12-10 02:23:49', '2020-12-10 02:23:49'),
(346, 3, 347, 213, 50, '2020-12-10 02:25:52', '2020-12-10 02:25:52'),
(347, 2, 348, 213, 50, '2020-12-10 02:29:02', '2020-12-10 02:29:02'),
(348, 1, 349, 214, 100, '2020-12-09 23:30:04', '2020-12-10 02:30:04'),
(349, 2, 350, 214, 100, '2020-12-09 23:30:04', '2020-12-10 02:30:04'),
(350, 3, 351, 214, 100, '2020-12-09 23:30:05', '2020-12-10 02:30:05'),
(351, 1, 352, 215, 50, '2020-12-10 02:35:37', '2020-12-10 02:35:37'),
(352, 2, 353, 215, 50, '2020-12-10 02:35:53', '2020-12-10 02:35:53'),
(353, 3, 354, 215, 50, '2020-12-10 02:36:19', '2020-12-10 02:36:19'),
(546, 1, 9, 8, 100, '2021-06-07 03:18:17', '2021-06-07 03:18:17'),
(560, 2, 557, 218, 100, '2021-07-19 17:52:55', '2021-07-19 17:52:55'),
(561, 1, 558, 218, 50, '2021-07-19 17:54:40', '2021-07-19 17:54:40');

-- --------------------------------------------------------

--
-- Estructura de tabla para la tabla `status_activity`
--

CREATE TABLE `status_activity` (
  `id` int(11) NOT NULL,
  `status` varchar(10) NOT NULL,
  `user_id` int(11) NOT NULL,
  `problem_id` int(11) NOT NULL,
  `created_at` timestamp NULL DEFAULT NULL,
  `updated_at` timestamp NULL DEFAULT NULL
) ENGINE=InnoDB DEFAULT CHARSET=utf8mb4;

--
-- Volcado de datos para la tabla `status_activity`
--

INSERT INTO `status_activity` (`id`, `status`, `user_id`, `problem_id`, `created_at`, `updated_at`) VALUES
(74, 'afk', 4, 362, '2021-07-02 14:33:27', '2021-07-19 21:51:30'),
(76, 'afk', 9, 1, '2021-07-19 17:56:27', '2021-07-19 17:56:51'),
(77, 'afk', 4, 1, '2021-07-19 18:25:00', '2021-08-22 23:42:50'),
(78, 'afk', 10, 1, '2021-07-19 19:24:03', '2021-07-19 21:48:24'),
(79, 'afk', 9, 362, '2021-07-19 21:50:22', '2021-07-19 21:51:31'),
(80, 'offline', 4, 369, '2021-08-18 02:56:09', '2021-08-18 02:56:09'),
(81, 'offline', 9, 369, '2021-08-18 02:56:10', '2021-08-18 02:56:10'),
(82, 'offline', 10, 369, '2021-08-18 02:56:10', '2021-08-18 02:56:10'),
(83, 'offline', 16, 369, '2021-08-18 02:56:10', '2021-08-18 02:56:10'),
(84, 'offline', 17, 369, '2021-08-18 02:56:10', '2021-08-18 02:56:10'),
(85, 'offline', 18, 369, '2021-08-18 02:56:10', '2021-08-18 02:56:10'),
(86, 'offline', 40, 369, '2021-08-18 02:56:10', '2021-08-18 02:56:10'),
(87, 'offline', 43, 369, '2021-08-18 02:56:10', '2021-08-18 02:56:10'),
(88, 'offline', 44, 369, '2021-08-18 02:56:10', '2021-08-18 02:56:10');

-- --------------------------------------------------------

--
-- Estructura de tabla para la tabla `status_team`
--

CREATE TABLE `status_team` (
  `id` int(10) NOT NULL,
  `status` varchar(11) NOT NULL,
  `id_team` int(10) NOT NULL,
  `id_problem` int(10) NOT NULL,
  `created_at` timestamp NOT NULL DEFAULT current_timestamp(),
  `updated_at` timestamp NOT NULL DEFAULT current_timestamp()
) ENGINE=InnoDB DEFAULT CHARSET=utf8mb4;

--
-- Volcado de datos para la tabla `status_team`
--

INSERT INTO `status_team` (`id`, `status`, `id_team`, `id_problem`, `created_at`, `updated_at`) VALUES
(117, 'afkTeam', 1884, 362, '2021-06-30 00:39:20', '2021-06-30 00:39:20'),
(118, 'afkTeam', 1885, 362, '2021-06-30 03:51:05', '2021-06-30 03:51:05'),
(120, 'afkTeam', 1886, 362, '2021-06-30 03:53:24', '2021-06-30 03:53:24'),
(121, 'afkTeam', 1887, 362, '2021-06-30 03:53:24', '2021-06-30 03:53:24'),
(122, 'afkTeam', 1888, 362, '2021-06-30 04:13:25', '2021-06-30 04:13:25'),
(123, 'afkTeam', 1889, 362, '2021-06-30 04:25:44', '2021-06-30 04:25:44'),
(124, 'afkTeam', 1890, 362, '2021-06-30 04:33:49', '2021-06-30 04:33:49'),
(125, 'afkTeam', 1891, 362, '2021-06-30 04:55:53', '2021-06-30 04:55:53'),
(126, 'afkTeam', 1892, 362, '2021-06-30 05:02:19', '2021-06-30 05:02:19'),
(127, 'afkTeam', 1893, 362, '2021-06-30 05:04:29', '2021-06-30 05:04:29'),
(128, 'afkTeam', 1894, 362, '2021-06-30 05:08:52', '2021-06-30 05:08:52'),
(129, 'afkTeam', 1895, 362, '2021-06-30 05:13:26', '2021-06-30 05:13:26'),
(130, 'afkTeam', 1896, 362, '2021-07-01 03:39:57', '2021-07-01 03:39:57'),
(131, 'afkTeam', 1897, 362, '2021-07-01 03:47:58', '2021-07-01 03:47:58'),
(132, 'afkTeam', 1898, 362, '2021-07-01 03:58:14', '2021-07-01 03:58:14'),
(133, 'afkTeam', 1899, 362, '2021-07-01 04:02:36', '2021-07-01 04:02:36'),
(134, 'afkTeam', 1900, 362, '2021-07-01 04:10:02', '2021-07-01 04:10:02'),
(135, 'afkTeam', 1901, 362, '2021-07-01 04:22:10', '2021-07-01 04:22:10'),
(136, 'afkTeam', 1902, 362, '2021-07-01 04:32:39', '2021-07-01 04:32:39'),
(137, 'afkTeam', 1903, 362, '2021-07-01 05:03:05', '2021-07-01 05:03:05'),
(139, 'new', 1904, 362, '2021-07-02 14:24:23', '2021-07-02 14:24:23'),
(140, 'afkTeam', 1905, 362, '2021-07-02 14:33:47', '2021-07-02 14:33:47'),
(141, 'afkTeam', 1906, 362, '2021-07-19 17:49:46', '2021-07-19 17:49:46'),
(143, 'new', 1907, 362, '2021-07-19 17:55:29', '2021-07-19 17:55:29'),
(144, 'new', 1908, 362, '2021-07-19 21:50:59', '2021-07-19 21:50:59');

-- --------------------------------------------------------

--
-- Estructura de tabla para la tabla `students`
--

CREATE TABLE `students` (
  `id` int(10) UNSIGNED NOT NULL,
  `user_id` int(10) UNSIGNED NOT NULL
) ENGINE=InnoDB DEFAULT CHARSET=latin1;

--
-- Volcado de datos para la tabla `students`
--

INSERT INTO `students` (`id`, `user_id`) VALUES
(53, 1),
(1, 4),
(2, 9),
(3, 10),
(4, 11),
(5, 16),
(6, 17),
(7, 18),
(29, 40),
(30, 43),
(31, 44),
(32, 47),
(33, 48),
(34, 50),
(35, 51),
(36, 52),
(37, 53),
(38, 58),
(39, 59),
(40, 60),
(41, 61),
(42, 62),
(43, 63),
(44, 64),
(45, 65),
(46, 66),
(47, 67),
(48, 68),
(49, 69),
(50, 70),
(51, 71),
(52, 72),
(57, 76),
(58, 77);

-- --------------------------------------------------------

--
-- Estructura de tabla para la tabla `teachers`
--

CREATE TABLE `teachers` (
  `id` int(10) UNSIGNED NOT NULL,
  `user_id` int(10) UNSIGNED NOT NULL
) ENGINE=InnoDB DEFAULT CHARSET=latin1;

-- --------------------------------------------------------

--
-- Estructura de tabla para la tabla `teamwork`
--

CREATE TABLE `teamwork` (
  `id` int(10) NOT NULL,
  `name` varchar(45) NOT NULL,
  `updated_at` timestamp NOT NULL DEFAULT current_timestamp(),
  `created_at` timestamp NOT NULL DEFAULT current_timestamp()
) ENGINE=InnoDB DEFAULT CHARSET=utf8mb4;

--
-- Volcado de datos para la tabla `teamwork`
--

INSERT INTO `teamwork` (`id`, `name`, `updated_at`, `created_at`) VALUES
(1571, 'Nuevo equipo: 3', '2020-10-20 01:43:10', '2020-10-20 01:43:10'),
(1574, 'Nuevo equipo: 6', '2020-10-20 01:43:11', '2020-10-20 01:43:11'),
(1575, 'Nuevo equipo: 7', '2020-10-20 01:43:11', '2020-10-20 01:43:11'),
(1576, 'Nuevo equipo: 8', '2020-10-20 01:43:11', '2020-10-20 01:43:11'),
(1577, 'Nuevo equipo: 9', '2020-10-20 01:43:12', '2020-10-20 01:43:12'),
(1578, 'Nuevo equipo: 10', '2020-10-20 01:43:12', '2020-10-20 01:43:12'),
(1579, 'Nuevo equipo: 11', '2020-10-20 01:43:12', '2020-10-20 01:43:12'),
(1580, 'Nuevo equipo: 1', '2020-10-20 04:03:49', '2020-10-20 04:03:49'),
(1581, 'Nuevo equipo: 2', '2020-10-20 04:03:49', '2020-10-20 04:03:49'),
(1582, 'Nuevo equipo: 3', '2020-10-20 04:03:50', '2020-10-20 04:03:50'),
(1583, 'Nuevo equipo: 1', '2020-10-20 04:07:10', '2020-10-20 04:07:10'),
(1584, 'Nuevo equipo: 2', '2020-10-20 04:07:10', '2020-10-20 04:07:10'),
(1585, 'Nuevo equipo: 3', '2020-10-20 04:07:10', '2020-10-20 04:07:10'),
(1586, 'Nuevo equipo: 4', '2020-10-20 04:07:11', '2020-10-20 04:07:11'),
(1587, 'Nuevo equipo: 1', '2020-10-20 05:32:25', '2020-10-20 05:32:25'),
(1588, 'Nuevo equipo: 2', '2020-10-20 05:32:26', '2020-10-20 05:32:26'),
(1589, 'Nuevo equipo: 3', '2020-10-20 05:32:26', '2020-10-20 05:32:26'),
(1590, 'Nuevo equipo: 4', '2020-10-20 05:32:26', '2020-10-20 05:32:26'),
(1591, 'Nuevo equipo: 1', '2020-10-20 06:33:04', '2020-10-20 06:33:04'),
(1592, 'Nuevo equipo: 2', '2020-10-20 06:33:04', '2020-10-20 06:33:04'),
(1593, 'Nuevo equipo: 3', '2020-10-20 06:33:04', '2020-10-20 06:33:04'),
(1594, 'Nuevo equipo: 4', '2020-10-20 06:33:05', '2020-10-20 06:33:05'),
(1595, 'Nuevo equipo: 5', '2020-10-20 06:33:05', '2020-10-20 06:33:05'),
(1596, 'Nuevo equipo: 1', '2020-10-20 22:13:14', '2020-10-20 22:13:14'),
(1597, 'Nuevo equipo: 2', '2020-10-20 22:13:14', '2020-10-20 22:13:14'),
(1598, 'Nuevo equipo: 3', '2020-10-20 22:13:15', '2020-10-20 22:13:15'),
(1599, 'Nuevo equipo: 4', '2020-10-20 22:13:15', '2020-10-20 22:13:15'),
(1600, 'Nuevo equipo6', '2020-10-20 22:27:28', '2020-10-20 22:27:28'),
(1601, 'Nuevo equipo5', '2020-10-20 22:27:28', '2020-10-20 22:27:28'),
(1602, 'Nuevo equipo: 7', '2020-10-20 22:38:27', '2020-10-20 22:38:27'),
(1603, 'Nuevo equipo: 6', '2020-10-20 22:38:27', '2020-10-20 22:38:27'),
(1604, 'Nuevo equipo: 8', '2020-10-20 22:38:34', '2020-10-20 22:38:34'),
(1605, 'Nuevo equipo: 7', '2020-10-20 22:38:34', '2020-10-20 22:38:34'),
(1606, 'Nuevo equipo: 1', '2020-10-20 22:44:19', '2020-10-20 22:44:19'),
(1607, 'Nuevo equipo: 2', '2020-10-20 22:44:20', '2020-10-20 22:44:20'),
(1608, 'Nuevo equipo: 3', '2020-10-20 22:44:20', '2020-10-20 22:44:20'),
(1609, 'Nuevo equipo: 4', '2020-10-20 22:44:20', '2020-10-20 22:44:20'),
(1610, 'Nuevo equipo: 5', '2020-10-20 22:44:20', '2020-10-20 22:44:20'),
(1611, 'Nuevo equipo: 6', '2020-10-20 22:46:08', '2020-10-20 22:46:08'),
(1612, 'Nuevo equipo: 1', '2020-10-20 22:47:31', '2020-10-20 22:47:31'),
(1613, 'Nuevo equipo: 2', '2020-10-20 22:47:31', '2020-10-20 22:47:31'),
(1614, 'Nuevo equipo: 3', '2020-10-20 22:47:32', '2020-10-20 22:47:32'),
(1615, 'Nuevo equipo: 4', '2020-10-20 22:47:32', '2020-10-20 22:47:32'),
(1616, 'Nuevo equipo: 5', '2020-10-20 22:50:34', '2020-10-20 22:50:34'),
(1617, 'Nuevo equipo: 6', '2020-10-20 22:53:41', '2020-10-20 22:53:41'),
(1618, 'Nuevo equipo: 1', '2020-10-20 23:41:38', '2020-10-20 23:41:38'),
(1619, 'Nuevo equipo: 2', '2020-10-20 23:41:38', '2020-10-20 23:41:38'),
(1620, 'Nuevo equipo: 3', '2020-10-20 23:41:38', '2020-10-20 23:41:38'),
(1621, 'Nuevo equipo: 4', '2020-10-20 23:41:39', '2020-10-20 23:41:39'),
(1622, 'Nuevo equipo: 5', '2020-10-20 23:41:39', '2020-10-20 23:41:39'),
(1623, 'Nuevo equipo: 6', '2020-10-20 23:41:40', '2020-10-20 23:41:40'),
(1624, 'Nuevo equipo: 1', '2020-10-21 00:03:38', '2020-10-21 00:03:38'),
(1625, 'Nuevo equipo: 2', '2020-10-21 00:03:38', '2020-10-21 00:03:38'),
(1626, 'Nuevo equipo: 3', '2020-10-21 00:03:38', '2020-10-21 00:03:38'),
(1627, 'Nuevo equipo: 4', '2020-10-21 00:03:39', '2020-10-21 00:03:39'),
(1628, 'Nuevo equipo: 5', '2020-10-21 00:03:39', '2020-10-21 00:03:39'),
(1629, 'Nuevo equipo: 6', '2020-10-21 03:22:04', '2020-10-21 03:22:04'),
(1630, 'Nuevo equipo: 6', '2020-10-21 03:23:06', '2020-10-21 03:23:06'),
(1631, 'Nuevo equipo: 7', '2020-10-21 03:23:28', '2020-10-21 03:23:28'),
(1632, 'Nuevo equipo: 7', '2020-10-21 04:08:31', '2020-10-21 04:08:31'),
(1633, 'Nuevo equipo: 8', '2020-10-21 04:10:20', '2020-10-21 04:10:20'),
(1634, 'Nuevo equipo: 8', '2020-10-21 04:11:45', '2020-10-21 04:11:45'),
(1635, 'Nuevo equipo: 1', '2020-10-21 05:41:34', '2020-10-21 05:41:34'),
(1636, 'Nuevo equipo: 2', '2020-10-21 05:41:34', '2020-10-21 05:41:34'),
(1637, 'Nuevo equipo: 3', '2020-10-21 05:41:34', '2020-10-21 05:41:34'),
(1638, 'Nuevo equipo: 4', '2020-10-21 05:41:34', '2020-10-21 05:41:34'),
(1639, 'Nuevo equipo: 5', '2020-10-21 05:41:35', '2020-10-21 05:41:35'),
(1640, 'Nuevo equipo: 6', '2020-10-21 05:41:35', '2020-10-21 05:41:35'),
(1641, 'Nuevo equipo: 7', '2020-10-21 05:41:35', '2020-10-21 05:41:35'),
(1642, 'Nuevo equipo: 1', '2020-10-21 08:48:42', '2020-10-21 08:48:42'),
(1643, 'Nuevo equipo: 2', '2020-10-21 08:48:42', '2020-10-21 08:48:42'),
(1644, 'Nuevo equipo: 3', '2020-10-21 08:48:42', '2020-10-21 08:48:42'),
(1645, 'Nuevo equipo: 4', '2020-10-21 08:48:43', '2020-10-21 08:48:43'),
(1646, 'Nuevo equipo: 5', '2020-10-21 08:48:43', '2020-10-21 08:48:43'),
(1647, 'Nuevo equipo: 6', '2020-10-21 08:48:43', '2020-10-21 08:48:43'),
(1648, 'Nuevo equipo: 7', '2020-10-21 08:48:44', '2020-10-21 08:48:44'),
(1649, 'Nuevo equipo: 1', '2020-10-21 23:22:54', '2020-10-21 23:22:54'),
(1650, 'Nuevo equipo: 2', '2020-10-21 23:22:54', '2020-10-21 23:22:54'),
(1651, 'Nuevo equipo: 3', '2020-10-21 23:22:55', '2020-10-21 23:22:55'),
(1652, 'Nuevo equipo: 4', '2020-10-21 23:22:55', '2020-10-21 23:22:55'),
(1653, 'Nuevo equipo: 1', '2020-10-22 00:41:09', '2020-10-22 00:41:09'),
(1654, 'Nuevo equipo: 2', '2020-10-22 00:41:09', '2020-10-22 00:41:09'),
(1655, 'Nuevo equipo: 3', '2020-10-22 00:41:10', '2020-10-22 00:41:10'),
(1656, 'Nuevo equipo: 4', '2020-10-22 00:41:10', '2020-10-22 00:41:10'),
(1657, 'Nuevo equipo: 5', '2020-10-22 17:40:29', '2020-10-22 17:40:29'),
(1658, 'Nuevo equipo: 1', '2020-10-22 17:42:08', '2020-10-22 17:42:08'),
(1659, 'Nuevo equipo: 2', '2020-10-22 17:42:08', '2020-10-22 17:42:08'),
(1660, 'Nuevo equipo: 3', '2020-10-22 17:42:08', '2020-10-22 17:42:08'),
(1661, 'Nuevo equipo: 4', '2020-10-22 17:42:09', '2020-10-22 17:42:09'),
(1662, 'Nuevo equipo: 5', '2020-10-22 17:42:09', '2020-10-22 17:42:09'),
(1663, 'Nuevo equipo: 1', '2020-10-27 00:38:09', '2020-10-27 00:38:09'),
(1664, 'Nuevo equipo: 2', '2020-10-27 00:38:10', '2020-10-27 00:38:10'),
(1665, 'Nuevo equipo: 3', '2020-10-27 00:38:10', '2020-10-27 00:38:10'),
(1666, 'Nuevo equipo: 1', '2020-11-04 00:07:14', '2020-11-04 00:07:14'),
(1667, 'Nuevo equipo: 2', '2020-11-04 00:07:15', '2020-11-04 00:07:15'),
(1668, 'Nuevo equipo: 3', '2020-11-04 00:07:15', '2020-11-04 00:07:15'),
(1669, 'Nuevo equipo: 1', '2020-11-04 00:07:49', '2020-11-04 00:07:49'),
(1670, 'Nuevo equipo: 2', '2020-11-04 00:07:49', '2020-11-04 00:07:49'),
(1671, 'Nuevo equipo: 3', '2020-11-04 00:07:49', '2020-11-04 00:07:49'),
(1672, 'Nuevo equipo: 1', '2020-11-04 00:12:09', '2020-11-04 00:12:09'),
(1673, 'Nuevo equipo: 2', '2020-11-04 00:41:51', '2020-11-04 00:41:51'),
(1674, 'Nuevo equipo: 2', '2020-11-04 00:43:48', '2020-11-04 00:43:48'),
(1675, 'Nuevo equipo: 3', '2020-11-04 00:44:02', '2020-11-04 00:44:02'),
(1676, 'Nuevo equipo: 3', '2020-11-04 00:44:26', '2020-11-04 00:44:26'),
(1677, 'Nuevo equipo: 1', '2020-11-05 03:29:05', '2020-11-05 03:29:05'),
(1678, 'Nuevo equipo: 1', '2020-11-05 03:33:10', '2020-11-05 03:33:10'),
(1679, 'Nuevo equipo: 1', '2020-11-05 03:33:56', '2020-11-05 03:33:56'),
(1680, 'Nuevo equipo: 2', '2020-11-05 03:33:57', '2020-11-05 03:33:57'),
(1681, 'Nuevo equipo: 3', '2020-11-05 03:33:57', '2020-11-05 03:33:57'),
(1682, 'Nuevo equipo: 1', '2020-11-05 03:37:36', '2020-11-05 03:37:36'),
(1683, 'Nuevo equipo: 2', '2020-11-05 03:37:36', '2020-11-05 03:37:36'),
(1684, 'Nuevo equipo: 3', '2020-11-05 03:37:37', '2020-11-05 03:37:37'),
(1685, 'Nuevo equipo: 1', '2020-11-11 22:20:14', '2020-11-11 22:20:14'),
(1686, 'Nuevo equipo: 2', '2020-11-11 22:20:14', '2020-11-11 22:20:14'),
(1687, 'Nuevo equipo: 3', '2020-11-11 22:20:15', '2020-11-11 22:20:15'),
(1688, 'Nuevo equipo: 1', '2020-11-11 22:24:04', '2020-11-11 22:24:04'),
(1689, 'Nuevo equipo: 2', '2020-11-11 22:24:04', '2020-11-11 22:24:04'),
(1690, 'Nuevo equipo: 3', '2020-11-11 22:24:04', '2020-11-11 22:24:04'),
(1691, 'Nuevo equipo: 1', '2020-11-11 22:25:37', '2020-11-11 22:25:37'),
(1692, 'Nuevo equipo: 2', '2020-11-11 22:25:37', '2020-11-11 22:25:37'),
(1693, 'Nuevo equipo: 3', '2020-11-11 22:25:37', '2020-11-11 22:25:37'),
(1694, 'Nuevo equipo: 1', '2020-11-11 22:26:16', '2020-11-11 22:26:16'),
(1695, 'Nuevo equipo: 2', '2020-11-11 22:26:17', '2020-11-11 22:26:17'),
(1696, 'Nuevo equipo: 3', '2020-11-11 22:26:17', '2020-11-11 22:26:17'),
(1697, 'Nuevo equipo: 1', '2020-11-11 22:27:20', '2020-11-11 22:27:20'),
(1698, 'Nuevo equipo: 2', '2020-11-11 22:27:20', '2020-11-11 22:27:20'),
(1699, 'Nuevo equipo: 3', '2020-11-11 22:27:20', '2020-11-11 22:27:20'),
(1700, 'Nuevo equipo: 1', '2020-11-11 22:28:28', '2020-11-11 22:28:28'),
(1701, 'Nuevo equipo: 2', '2020-11-11 22:28:29', '2020-11-11 22:28:29'),
(1702, 'Nuevo equipo: 3', '2020-11-11 22:28:29', '2020-11-11 22:28:29'),
(1703, 'Nuevo equipo: 1', '2020-11-11 22:32:47', '2020-11-11 22:32:47'),
(1704, 'Nuevo equipo: 2', '2020-11-11 22:32:47', '2020-11-11 22:32:47'),
(1705, 'Nuevo equipo: 3', '2020-11-11 22:32:48', '2020-11-11 22:32:48'),
(1706, 'Nuevo equipo: 1', '2020-11-11 22:35:07', '2020-11-11 22:35:07'),
(1707, 'Nuevo equipo: 2', '2020-11-11 22:35:07', '2020-11-11 22:35:07'),
(1708, 'Nuevo equipo: 3', '2020-11-11 22:35:07', '2020-11-11 22:35:07'),
(1709, 'Nuevo equipo: 1', '2020-11-11 22:36:01', '2020-11-11 22:36:01'),
(1710, 'Nuevo equipo: 2', '2020-11-11 22:36:01', '2020-11-11 22:36:01'),
(1711, 'Nuevo equipo: 3', '2020-11-11 22:36:01', '2020-11-11 22:36:01'),
(1712, 'Nuevo equipo: 1', '2020-11-11 22:41:11', '2020-11-11 22:41:11'),
(1713, 'Nuevo equipo: 2', '2020-11-11 22:41:12', '2020-11-11 22:41:12'),
(1714, 'Nuevo equipo: 3', '2020-11-11 22:41:12', '2020-11-11 22:41:12'),
(1715, 'Nuevo equipo: 1', '2020-11-11 22:45:20', '2020-11-11 22:45:20'),
(1716, 'Nuevo equipo: 2', '2020-11-11 22:45:21', '2020-11-11 22:45:21'),
(1717, 'Nuevo equipo: 3', '2020-11-11 22:45:21', '2020-11-11 22:45:21'),
(1718, 'Nuevo equipo: 1', '2020-11-11 22:46:59', '2020-11-11 22:46:59'),
(1719, 'Nuevo equipo: 2', '2020-11-11 22:46:59', '2020-11-11 22:46:59'),
(1720, 'Nuevo equipo: 3', '2020-11-11 22:46:59', '2020-11-11 22:46:59'),
(1721, 'Nuevo equipo: 1', '2020-11-11 22:49:08', '2020-11-11 22:49:08'),
(1722, 'Nuevo equipo: 2', '2020-11-11 22:49:08', '2020-11-11 22:49:08'),
(1740, 'Nuevo equipo: 2', '2020-11-18 20:57:25', '2020-11-18 20:57:25'),
(1742, 'Nuevo equipo: 4', '2020-11-19 04:57:58', '2020-11-19 04:57:58'),
(1743, 'Nuevo equipo: 3', '2020-11-19 05:10:40', '2020-11-19 05:10:40'),
(1744, 'Nuevo equipo: 4', '2020-11-19 05:10:42', '2020-11-19 05:10:42'),
(1745, 'Nuevo equipo: 5', '2020-11-19 05:10:45', '2020-11-19 05:10:45'),
(1746, 'Nuevo equipo: 6', '2020-11-19 05:14:23', '2020-11-19 05:14:23'),
(1747, 'Nuevo equipo: 7', '2020-11-19 05:14:25', '2020-11-19 05:14:25'),
(1748, 'Nuevo equipo: 8', '2020-11-19 05:14:29', '2020-11-19 05:14:29'),
(1749, 'Nuevo equipo: 9', '2020-11-19 05:14:32', '2020-11-19 05:14:32'),
(1750, 'Nuevo equipo: 10', '2020-11-19 05:14:34', '2020-11-19 05:14:34'),
(1751, 'Nuevo equipo: 11', '2020-11-19 05:14:37', '2020-11-19 05:14:37'),
(1752, 'Nuevo equipo: 1', '2020-11-19 05:18:42', '2020-11-19 05:18:42'),
(1753, 'Nuevo equipo: 1', '2020-11-19 05:21:11', '2020-11-19 05:21:11'),
(1754, 'Nuevo equipo: 2', '2020-11-19 05:32:04', '2020-11-19 05:32:04'),
(1755, 'Nuevo equipo: 3', '2020-11-19 05:32:07', '2020-11-19 05:32:07'),
(1756, 'Nuevo equipo: 4', '2020-11-19 05:32:11', '2020-11-19 05:32:11'),
(1757, 'Nuevo equipo: 1', '2020-11-19 05:32:26', '2020-11-19 05:32:26'),
(1758, 'Nuevo equipo: 2', '2020-11-19 05:32:26', '2020-11-19 05:32:26'),
(1759, 'Nuevo equipo: 3', '2020-11-19 05:32:26', '2020-11-19 05:32:26'),
(1760, 'Nuevo equipo: 4', '2020-11-19 05:32:27', '2020-11-19 05:32:27'),
(1761, 'Nuevo equipo: 1', '2020-11-20 03:22:57', '2020-11-20 03:22:57'),
(1762, 'Nuevo equipo: 2', '2020-11-20 03:22:57', '2020-11-20 03:22:57'),
(1763, 'Nuevo equipo: 3', '2020-11-20 03:22:58', '2020-11-20 03:22:58'),
(1764, 'Nuevo equipo: 1', '2020-11-20 03:24:39', '2020-11-20 03:24:39'),
(1765, 'Nuevo equipo: 2', '2020-11-20 03:24:40', '2020-11-20 03:24:40'),
(1766, 'Nuevo equipo: 3', '2020-11-20 03:24:40', '2020-11-20 03:24:40'),
(1767, 'Nuevo equipo: 1', '2020-11-20 10:35:40', '2020-11-20 10:35:40'),
(1768, 'Nuevo equipo: 2', '2020-11-20 10:35:40', '2020-11-20 10:35:40'),
(1769, 'Nuevo equipo: 3', '2020-11-20 10:35:40', '2020-11-20 10:35:40'),
(1770, 'Nuevo equipo: 1', '2020-12-03 11:05:00', '2020-12-03 11:05:00'),
(1771, 'Nuevo equipo: 2', '2020-12-03 11:05:00', '2020-12-03 11:05:00'),
(1772, 'Nuevo equipo: 3', '2020-12-03 11:05:01', '2020-12-03 11:05:01'),
(1773, 'Nuevo equipo: 1', '2020-12-04 18:56:10', '2020-12-04 18:56:10'),
(1774, 'Nuevo equipo: 2', '2020-12-04 18:56:10', '2020-12-04 18:56:10'),
(1775, 'Nuevo equipo: 3', '2020-12-04 18:56:11', '2020-12-04 18:56:11'),
(1776, 'Nuevo equipo: 1', '2020-12-08 23:29:43', '2020-12-08 23:29:43'),
(1777, 'Nuevo equipo: 2', '2020-12-08 23:29:43', '2020-12-08 23:29:43'),
(1778, 'Nuevo equipo: 3', '2020-12-08 23:29:44', '2020-12-08 23:29:44'),
(1779, 'Nuevo equipo: 1', '2020-12-09 03:56:54', '2020-12-09 03:56:54'),
(1780, 'Nuevo equipo: 2', '2020-12-09 03:56:55', '2020-12-09 03:56:55'),
(1781, 'Nuevo equipo: 3', '2020-12-09 03:56:55', '2020-12-09 03:56:55'),
(1782, 'Nuevo equipo: 1', '2020-12-09 04:14:41', '2020-12-09 04:14:41'),
(1783, 'Nuevo equipo: 2', '2020-12-09 04:14:41', '2020-12-09 04:14:41'),
(1784, 'Nuevo equipo: 3', '2020-12-09 04:14:42', '2020-12-09 04:14:42'),
(1785, 'Nuevo equipo: 1', '2020-12-10 01:43:22', '2020-12-10 01:43:22'),
(1786, 'Nuevo equipo: 2', '2020-12-10 01:43:22', '2020-12-10 01:43:22'),
(1787, 'Nuevo equipo: 3', '2020-12-10 01:43:22', '2020-12-10 01:43:22'),
(1788, 'Nuevo equipo: 1', '2020-12-10 04:39:30', '2020-12-10 04:39:30'),
(1789, 'Nuevo equipo: 2', '2020-12-10 04:39:31', '2020-12-10 04:39:31'),
(1790, 'Nuevo equipo: 3', '2020-12-10 04:39:31', '2020-12-10 04:39:31'),
(1791, 'Nuevo equipo: 1', '2020-12-10 16:48:44', '2020-12-10 16:48:44'),
(1792, 'Nuevo equipo: 2', '2020-12-10 16:48:44', '2020-12-10 16:48:44'),
(1793, 'Nuevo equipo: 3', '2020-12-10 16:48:45', '2020-12-10 16:48:45'),
(1794, 'Nuevo equipo: 1', '2021-03-16 08:36:31', '2021-03-16 08:36:31'),
(1795, 'Nuevo equipo: 2', '2021-03-16 08:36:32', '2021-03-16 08:36:32'),
(1796, 'Nuevo equipo: 3', '2021-03-16 08:36:33', '2021-03-16 08:36:33'),
(1797, 'Nuevo equipo: 1', '2021-04-01 00:17:02', '2021-04-01 00:17:02'),
(1798, 'Nuevo equipo: 2', '2021-04-01 00:17:02', '2021-04-01 00:17:02'),
(1799, 'Nuevo equipo: 3', '2021-04-01 00:17:03', '2021-04-01 00:17:03'),
(1800, 'Nuevo equipo: 1', '2021-04-23 23:46:05', '2021-04-23 23:46:05'),
(1801, 'Nuevo equipo: 2', '2021-04-23 23:46:05', '2021-04-23 23:46:05'),
(1802, 'Nuevo equipo: 3', '2021-04-23 23:46:06', '2021-04-23 23:46:06'),
(1803, 'Nuevo equipo: 1', '2021-05-16 00:05:46', '2021-05-16 00:05:46'),
(1804, 'Nuevo equipo: 2', '2021-05-16 00:05:47', '2021-05-16 00:05:47'),
(1805, 'Nuevo equipo: 3', '2021-05-16 00:05:47', '2021-05-16 00:05:47'),
(1806, 'Nuevo equipo: 10', '2021-06-25 14:19:52', '2021-06-25 14:19:52'),
(1807, 'Nuevo equipo: 10', '2021-06-25 14:23:29', '2021-06-25 14:23:29'),
(1808, 'Nuevo Equipo: 4', '2021-06-25 14:24:04', '2021-06-25 14:24:04'),
(1809, 'Nuevo Equipo: 4', '2021-06-25 14:24:10', '2021-06-25 14:24:10'),
(1810, 'Nuevo Equipo: 4', '2021-06-25 14:24:27', '2021-06-25 14:24:27'),
(1811, 'Nuevo equipo: 10', '2021-06-25 14:24:54', '2021-06-25 14:24:54'),
(1812, 'Nuevo equipo: 10', '2021-06-25 14:27:55', '2021-06-25 14:27:55'),
(1813, 'Nuevo equipo: 10', '2021-06-25 14:32:53', '2021-06-25 14:32:53'),
(1814, 'Nuevo equipo: 10', '2021-06-25 14:32:54', '2021-06-25 14:32:54'),
(1815, 'Nuevo equipo: 10', '2021-06-25 14:34:41', '2021-06-25 14:34:41'),
(1816, 'Nuevo equipo: 10', '2021-06-25 14:39:12', '2021-06-25 14:39:12'),
(1817, 'Nuevo equipo: 10', '2021-06-25 14:44:16', '2021-06-25 14:44:16'),
(1818, 'Nuevo equipo: 10', '2021-06-25 14:44:16', '2021-06-25 14:44:16'),
(1819, 'Nuevo equipo: 10', '2021-06-25 14:48:17', '2021-06-25 14:48:17'),
(1820, 'Nuevo equipo: 10', '2021-06-25 14:48:17', '2021-06-25 14:48:17'),
(1821, 'Nuevo equipo: 10', '2021-06-25 14:52:41', '2021-06-25 14:52:41'),
(1822, 'Nuevo equipo: 10', '2021-06-25 14:52:41', '2021-06-25 14:52:41'),
(1823, 'Nuevo equipo: 10', '2021-06-25 14:52:41', '2021-06-25 14:52:41'),
(1824, 'Nuevo equipo: 10', '2021-06-25 14:52:41', '2021-06-25 14:52:41'),
(1825, 'Nuevo equipo: 10', '2021-06-25 14:52:41', '2021-06-25 14:52:41'),
(1826, 'Nuevo equipo: 10', '2021-06-25 14:52:41', '2021-06-25 14:52:41'),
(1827, 'Nuevo equipo: 10', '2021-06-25 14:52:41', '2021-06-25 14:52:41'),
(1828, 'Nuevo equipo: 10', '2021-06-25 14:52:41', '2021-06-25 14:52:41'),
(1829, 'Nuevo equipo: 10', '2021-06-25 14:52:41', '2021-06-25 14:52:41'),
(1830, 'Nuevo equipo: 10', '2021-06-25 14:52:41', '2021-06-25 14:52:41'),
(1831, 'Nuevo equipo: 10', '2021-06-25 14:55:39', '2021-06-25 14:55:39'),
(1832, 'Nuevo equipo: 10', '2021-06-25 15:08:44', '2021-06-25 15:08:44'),
(1833, 'Nuevo equipo: 10', '2021-06-25 15:09:35', '2021-06-25 15:09:35'),
(1834, 'Nuevo Equipo: 5', '2021-06-25 17:30:29', '2021-06-25 17:30:29'),
(1835, 'Nuevo Equipo: 4', '2021-06-25 17:58:33', '2021-06-25 17:58:33'),
(1836, 'Nuevo Equipo: 4', '2021-06-25 18:03:13', '2021-06-25 18:03:13'),
(1837, 'Nuevo Equipo: 4', '2021-06-25 18:09:53', '2021-06-25 18:09:53'),
(1838, 'Nuevo equipo: 10', '2021-06-25 21:11:35', '2021-06-25 21:11:35'),
(1839, 'Nuevo equipo: 9', '2021-06-25 21:22:08', '2021-06-25 21:22:08'),
(1840, 'Nuevo equipo: 3', '2021-06-25 21:57:52', '2021-06-25 21:57:52'),
(1841, 'Nuevo equipo: 3', '2021-06-25 21:57:52', '2021-06-25 21:57:52'),
(1842, 'Nuevo equipo: 4', '2021-06-25 22:02:33', '2021-06-25 22:02:33'),
(1843, 'Nuevo equipo: 4', '2021-06-25 22:07:23', '2021-06-25 22:07:23'),
(1844, 'Nuevo equipo: 4', '2021-06-25 22:09:29', '2021-06-25 22:09:29'),
(1845, 'Nuevo equipo: 4', '2021-06-25 22:11:39', '2021-06-25 22:11:39'),
(1846, 'Nuevo equipo: 4', '2021-06-25 22:21:14', '2021-06-25 22:21:14'),
(1847, 'Nuevo equipo: 4', '2021-06-25 22:26:27', '2021-06-25 22:26:27'),
(1848, 'Nuevo equipo: 4', '2021-06-25 22:27:17', '2021-06-25 22:27:17'),
(1849, 'Nuevo equipo: 4', '2021-06-25 22:28:39', '2021-06-25 22:28:39'),
(1850, 'Nuevo equipo: 4', '2021-06-25 22:34:44', '2021-06-25 22:34:44'),
(1851, 'Nuevo equipo: 4', '2021-06-25 22:42:11', '2021-06-25 22:42:11'),
(1852, 'Nuevo equipo: 4', '2021-06-25 22:54:55', '2021-06-25 22:54:55'),
(1853, 'Nuevo Equipo: 5', '2021-06-26 00:14:01', '2021-06-26 00:14:01'),
(1854, 'Nuevo equipo: 6', '2021-06-26 00:15:10', '2021-06-26 00:15:10'),
(1855, 'Nuevo equipo: 6', '2021-06-26 00:35:20', '2021-06-26 00:35:20'),
(1856, 'Nuevo equipo: 6', '2021-06-26 00:58:53', '2021-06-26 00:58:53'),
(1857, 'Nuevo Equipo: 4', '2021-06-26 02:13:07', '2021-06-26 02:13:07'),
(1858, 'Nuevo Equipo: 4', '2021-06-26 20:54:39', '2021-06-26 20:54:39'),
(1859, 'Nuevo equipo: 6', '2021-06-26 22:33:48', '2021-06-26 22:33:48'),
(1860, 'Nuevo equipo: 3', '2021-06-26 23:05:58', '2021-06-26 23:05:58'),
(1861, 'Nuevo equipo: 4', '2021-06-26 23:17:44', '2021-06-26 23:17:44'),
(1862, 'Nuevo equipo: 4', '2021-06-26 23:27:24', '2021-06-26 23:27:24'),
(1863, 'Nuevo equipo: 4', '2021-06-26 23:29:54', '2021-06-26 23:29:54'),
(1864, 'Nuevo equipo: 4', '2021-06-26 23:46:05', '2021-06-26 23:46:05'),
(1865, 'Nuevo equipo: 4', '2021-06-26 23:59:58', '2021-06-26 23:59:58'),
(1866, 'Nuevo equipo: 4', '2021-06-27 00:10:40', '2021-06-27 00:10:40'),
(1867, 'Nuevo equipo: 4', '2021-06-27 00:11:28', '2021-06-27 00:11:28'),
(1868, 'Nuevo equipo: 4', '2021-06-27 00:13:06', '2021-06-27 00:13:06'),
(1869, 'Nuevo equipo: 4', '2021-06-27 00:25:31', '2021-06-27 00:25:31'),
(1870, 'Nuevo equipo: 4', '2021-06-27 00:38:03', '2021-06-27 00:38:03'),
(1871, 'Nuevo equipo: 4', '2021-06-27 00:43:44', '2021-06-27 00:43:44'),
(1872, 'Nuevo equipo: 4', '2021-06-27 00:58:59', '2021-06-27 00:58:59'),
(1873, 'Nuevo equipo: 4', '2021-06-27 01:03:34', '2021-06-27 01:03:34'),
(1874, 'Nuevo equipo: 4', '2021-06-27 01:22:53', '2021-06-27 01:22:53'),
(1875, 'Nuevo equipo: 4', '2021-06-27 01:26:43', '2021-06-27 01:26:43'),
(1876, 'Nuevo equipo: 4', '2021-06-27 01:30:05', '2021-06-27 01:30:05'),
(1877, 'Nuevo equipo: 4', '2021-06-27 01:40:45', '2021-06-27 01:40:45'),
(1878, 'Nuevo equipo: 4', '2021-06-27 01:41:42', '2021-06-27 01:41:42'),
(1879, 'Nuevo equipo: 4', '2021-06-27 01:43:41', '2021-06-27 01:43:41'),
(1880, 'Nuevo equipo: 4', '2021-06-27 01:44:52', '2021-06-27 01:44:52'),
(1881, 'Nuevo equipo: 4', '2021-06-27 02:24:35', '2021-06-27 02:24:35'),
(1882, 'Nuevo equipo: 4', '2021-06-27 02:29:33', '2021-06-27 02:29:33'),
(1883, 'Nuevo equipo: 4', '2021-06-29 21:25:49', '2021-06-29 21:25:49'),
(1884, 'Nuevo Equipo: 4', '2021-06-30 00:39:20', '2021-06-30 00:39:20'),
(1885, 'Nuevo Equipo: 4', '2021-06-30 03:51:05', '2021-06-30 03:51:05'),
(1886, 'Nuevo Equipo: 4', '2021-06-30 03:53:24', '2021-06-30 03:53:24'),
(1887, 'Nuevo Equipo: 5', '2021-06-30 03:53:24', '2021-06-30 03:53:24'),
(1888, 'Nuevo Equipo: 4', '2021-06-30 04:13:25', '2021-06-30 04:13:25'),
(1889, 'Nuevo Equipo: 4', '2021-06-30 04:25:44', '2021-06-30 04:25:44'),
(1890, 'Nuevo Equipo: 4', '2021-06-30 04:33:49', '2021-06-30 04:33:49'),
(1891, 'Nuevo Equipo: 4', '2021-06-30 04:55:53', '2021-06-30 04:55:53'),
(1892, 'Nuevo Equipo: 4', '2021-06-30 05:02:19', '2021-06-30 05:02:19'),
(1893, 'Nuevo Equipo: 4', '2021-06-30 05:04:28', '2021-06-30 05:04:28'),
(1894, 'Nuevo Equipo: 4', '2021-06-30 05:08:52', '2021-06-30 05:08:52'),
(1895, 'Nuevo Equipo: 4', '2021-06-30 05:13:25', '2021-06-30 05:13:25'),
(1896, 'Nuevo Equipo: 4', '2021-07-01 03:39:57', '2021-07-01 03:39:57'),
(1897, 'Nuevo Equipo: 4', '2021-07-01 03:47:58', '2021-07-01 03:47:58'),
(1898, 'Nuevo Equipo: 4', '2021-07-01 03:58:13', '2021-07-01 03:58:13'),
(1899, 'Nuevo Equipo: 4', '2021-07-01 04:02:36', '2021-07-01 04:02:36'),
(1900, 'Nuevo Equipo: 4', '2021-07-01 04:10:02', '2021-07-01 04:10:02'),
(1901, 'Nuevo Equipo: 4', '2021-07-01 04:22:10', '2021-07-01 04:22:10'),
(1902, 'Nuevo Equipo: 4', '2021-07-01 04:32:39', '2021-07-01 04:32:39'),
(1903, 'Nuevo Equipo: 4', '2021-07-01 05:03:05', '2021-07-01 05:03:05'),
(1904, 'Nuevo equipo: 4', '2021-07-02 14:24:22', '2021-07-02 14:24:22'),
(1905, 'Nuevo Equipo: 4', '2021-07-02 14:33:47', '2021-07-02 14:33:47'),
(1906, 'Nuevo Equipo: 4', '2021-07-19 17:49:46', '2021-07-19 17:49:46'),
(1907, 'Nuevo equipo: 4', '2021-07-19 17:55:29', '2021-07-19 17:55:29'),
(1908, 'Nuevo equipo: 4', '2021-07-19 21:50:59', '2021-07-19 21:50:59'),
(1909, 'Nuevo equipo: 1', '2021-08-18 02:56:10', '2021-08-18 02:56:10'),
(1910, 'Nuevo equipo: 2', '2021-08-18 02:56:10', '2021-08-18 02:56:10'),
(1911, 'Nuevo equipo: 3', '2021-08-18 02:56:10', '2021-08-18 02:56:10');

-- --------------------------------------------------------

--
-- Estructura de tabla para la tabla `teamwork_activity_lider`
--

CREATE TABLE `teamwork_activity_lider` (
  `id` int(10) NOT NULL,
  `teamwork_id` int(10) DEFAULT NULL,
  `activity_id` int(10) DEFAULT NULL,
  `user_lider_id` int(10) DEFAULT NULL,
  `created_at` timestamp NOT NULL DEFAULT current_timestamp(),
  `updated_at` timestamp NOT NULL DEFAULT current_timestamp()
) ENGINE=InnoDB DEFAULT CHARSET=utf8mb4;

--
-- Volcado de datos para la tabla `teamwork_activity_lider`
--

INSERT INTO `teamwork_activity_lider` (`id`, `teamwork_id`, `activity_id`, `user_lider_id`, `created_at`, `updated_at`) VALUES
(434, 1788, 221, 9, '2021-07-19 21:51:10', '2021-07-19 21:51:10');

-- --------------------------------------------------------

--
-- Estructura de tabla para la tabla `teamwork_inscription`
--

CREATE TABLE `teamwork_inscription` (
  `id` int(10) NOT NULL,
  `student_id` int(10) DEFAULT NULL,
  `problems_id` int(10) UNSIGNED NOT NULL,
  `teamwork_id` int(10) NOT NULL,
  `created_at` timestamp NOT NULL DEFAULT current_timestamp(),
  `updated_at` timestamp NOT NULL DEFAULT current_timestamp()
) ENGINE=InnoDB DEFAULT CHARSET=utf8mb4;

--
-- Volcado de datos para la tabla `teamwork_inscription`
--

INSERT INTO `teamwork_inscription` (`id`, `student_id`, `problems_id`, `teamwork_id`, `created_at`, `updated_at`) VALUES
(2705, 4, 362, 1788, '2020-12-10 04:39:30', '2021-07-02 14:34:01'),
(2706, 9, 362, 1788, '2020-12-10 04:39:30', '2021-07-19 17:55:57'),
(2707, 10, 362, 1908, '2020-12-10 04:39:30', '2021-07-19 21:50:59'),
(2708, 16, 362, 1789, '2020-12-10 04:39:31', '2021-06-24 01:28:59'),
(2709, 17, 362, 1790, '2020-12-10 04:39:31', '2021-06-26 00:14:44'),
(2710, 18, 362, 1790, '2020-12-10 04:39:31', '2021-06-26 00:14:44'),
(2711, 40, 362, 1789, '2020-12-10 04:39:31', '2021-06-26 00:14:44'),
(2712, 43, 362, 1789, '2020-12-10 04:39:31', '2021-06-26 00:14:44'),
(2713, 44, 362, 1790, '2020-12-10 04:39:31', '2021-06-25 14:24:35'),
(2741, 4, 366, 1800, '2021-04-23 23:46:05', '2021-04-23 23:46:05'),
(2742, 9, 366, 1800, '2021-04-23 23:46:05', '2021-04-23 23:46:05'),
(2743, 10, 366, 1800, '2021-04-23 23:46:05', '2021-04-23 23:46:05'),
(2744, 16, 366, 1801, '2021-04-23 23:46:05', '2021-04-23 23:46:05'),
(2745, 17, 366, 1801, '2021-04-23 23:46:05', '2021-04-23 23:46:05'),
(2746, 18, 366, 1801, '2021-04-23 23:46:06', '2021-04-23 23:46:06'),
(2747, 40, 366, 1802, '2021-04-23 23:46:06', '2021-04-23 23:46:06'),
(2748, 43, 366, 1802, '2021-04-23 23:46:06', '2021-04-23 23:46:06'),
(2749, 44, 366, 1802, '2021-04-23 23:46:06', '2021-04-23 23:46:06'),
(2750, 4, 367, 1803, '2021-05-16 00:05:46', '2021-05-16 00:05:46'),
(2751, 9, 367, 1803, '2021-05-16 00:05:46', '2021-05-16 00:05:46'),
(2752, 10, 367, 1803, '2021-05-16 00:05:46', '2021-05-16 00:05:46'),
(2753, 16, 367, 1804, '2021-05-16 00:05:47', '2021-05-16 00:05:47'),
(2754, 17, 367, 1804, '2021-05-16 00:05:47', '2021-05-16 00:05:47'),
(2755, 18, 367, 1804, '2021-05-16 00:05:47', '2021-05-16 00:05:47'),
(2756, 40, 367, 1805, '2021-05-16 00:05:47', '2021-05-16 00:05:47'),
(2757, 43, 367, 1805, '2021-05-16 00:05:47', '2021-05-16 00:05:47'),
(2758, 44, 367, 1805, '2021-05-16 00:05:47', '2021-05-16 00:05:47'),
(2759, 4, 369, 1909, '2021-08-18 02:56:10', '2021-08-18 02:56:10'),
(2760, 9, 369, 1909, '2021-08-18 02:56:10', '2021-08-18 02:56:10'),
(2761, 10, 369, 1909, '2021-08-18 02:56:10', '2021-08-18 02:56:10'),
(2762, 16, 369, 1910, '2021-08-18 02:56:10', '2021-08-18 02:56:10'),
(2763, 17, 369, 1910, '2021-08-18 02:56:10', '2021-08-18 02:56:10'),
(2764, 18, 369, 1910, '2021-08-18 02:56:10', '2021-08-18 02:56:10'),
(2765, 40, 369, 1911, '2021-08-18 02:56:10', '2021-08-18 02:56:10'),
(2766, 43, 369, 1911, '2021-08-18 02:56:10', '2021-08-18 02:56:10'),
(2767, 44, 369, 1911, '2021-08-18 02:56:10', '2021-08-18 02:56:10');

-- --------------------------------------------------------

--
-- Estructura de tabla para la tabla `users`
--

CREATE TABLE `users` (
  `id` int(10) UNSIGNED NOT NULL,
  `email` varchar(255) COLLATE utf8_unicode_ci NOT NULL,
  `password` varchar(60) COLLATE utf8_unicode_ci NOT NULL,
  `name` varchar(255) COLLATE utf8_unicode_ci NOT NULL,
  `flastname` varchar(255) COLLATE utf8_unicode_ci NOT NULL,
  `mlastname` varchar(255) COLLATE utf8_unicode_ci NOT NULL,
  `gender` enum('male','female') COLLATE utf8_unicode_ci NOT NULL,
  `type` enum('student','teacher','researcher','admin') COLLATE utf8_unicode_ci NOT NULL,
  `remember_token` varchar(100) COLLATE utf8_unicode_ci DEFAULT NULL,
  `created_at` timestamp NOT NULL DEFAULT current_timestamp(),
  `updated_at` timestamp NOT NULL DEFAULT current_timestamp(),
  `delete_at` timestamp NULL DEFAULT NULL
) ENGINE=InnoDB DEFAULT CHARSET=utf8 COLLATE=utf8_unicode_ci;

--
-- Volcado de datos para la tabla `users`
--

INSERT INTO `users` (`id`, `email`, `password`, `name`, `flastname`, `mlastname`, `gender`, `type`, `remember_token`, `created_at`, `updated_at`, `delete_at`) VALUES
(1, 'javebers@gmail.com', '$2y$10$oO.gyez9CPTM9HqcUUoqQ.1pvIJQC2D5bsXNm/Pf33Y9XnJECizni', 'Javier', 'Ebers', 'Mascaró', 'male', 'student', 'pGywcjmZcE486Ygfb3yIEbK9cP2P0gOprL9TpHPrUboJDwoTcPsYQJ7BuX3q', '2016-03-28 04:39:40', '2016-05-25 04:24:25', NULL),
(3, 'fer@hotmail.com', '$2y$10$gC12FH/YfTB4HBLba35LR.ePAAYyzfTkIzS2B79eHGFYx2yAGyomi', 'Fernando', 'Acevedo', 'Mandiola', 'male', 'researcher', 'IiSWaF6qOtaJXaAP8psMvXQVcfd2ErOPWRbIjfgNQUVfUCXePvHjYL9ICkI0', '2016-03-28 20:07:03', '2016-03-28 20:07:17', NULL),
(4, 'alumno@unab.cl', '$2y$10$jZ6p9g5pg4EtkNvIt05RD.nh8iykt.iVdS1rzCscm5oehW4VcUb36', 'Alumno1', 'Prueba', 'Uno', 'male', 'student', 'L8WYwcVQ6HTclUIExsyiCzAAffJc7jcpDaDzC2TxuK2LyEbp7Z7f2QJ2TkV9', '2016-05-25 04:25:01', '2020-11-03 20:07:32', NULL),
(5, 'profesor@unab.cl', '$2y$10$0gw9zbVUKbA8jTxEBEgUK.l2bKqEhBmaw9rRBJB9MolfqNSD7xHhi', 'Profesor', 'Prueba', 'UNAB', 'male', 'teacher', '3BsBQOYF5cL9KQ9xrwaKh3YOFkNqYnxKFoWFYQGUPHAxrch0H0TbR9DR6XOX', '2016-10-11 03:34:45', '2020-11-04 19:00:40', NULL),
(9, 'alumno2@unab.cl', '$2y$10$499i6Ah0buQQ7.JYhnghuuASrnoOnBemsh3g.uoz2NFr3yapgUEXe', 'Alumno2', 'Prueba', 'Dos', 'male', 'student', 'jLbwbvv3toAPTNHb5iVtM4fjAWq327UsNyXmP3jkHnvymNQWPaRKULMaBTlS', '2016-10-20 06:06:43', '2020-11-04 01:16:04', NULL),
(10, 'alumno3@unab.cl', '$2y$10$1mWCfqQ.4D11WHrKzBoHKOENxhMrU34eKH41A7lRGSMzh4kf.b6l2', 'Alumno3', 'Prueba', 'Tres', 'male', 'student', 'b0aFJZDSV92yX2V1CljPaZvli09sLcJcdDBs83eJstLNWHolqDjn1U6jiZSo', '2016-11-11 09:26:47', '2016-12-15 06:34:18', NULL),
(11, 'admin@unab.cl', '$2y$10$VJPUYnCFaZRxNYpdJNU6IuNq5LHpCYQr.Ss7yatJoUKUCTbAV4nWO', 'Primer', 'Administrador', 'Prueba', 'male', 'admin', 'dXA37LEXWhLNwdF0SAbyGwDpxfCPureJNhU4Yeus6iCgbCJNvDZAMLAePSeW', '2016-12-06 06:03:50', '2020-09-03 18:17:06', NULL),
(14, 'mespinoza@unab.cl', '$2y$10$JBAdYRgAWc/afCZmZ117KuSEXYtd.1JrKhtSVYOhjEFZwV.Dp.HJm', 'Marcelo', 'Espinoza', 'Torrealba', 'male', 'teacher', 'TKjLOKVpPj1OyPyoNML9m29OkK6wRQFV4NupJboQlc4asES14ckTLpRpncH8', '2016-12-06 09:51:52', '2016-12-06 09:52:54', NULL),
(15, 'profesor2@unab.cl', '$2y$10$Pa.vjXD8g61uJPHb6fV6teEakPNoJ1/SyR/PbK.ZfLR7KaI3R7N8G', 'Profesor', 'Pueba', 'Dos', 'male', 'teacher', NULL, '2016-12-06 09:54:02', '2016-12-06 09:54:02', NULL),
(16, 'fer.godoy@gmail.com', '$2y$10$utJWVnL5D.Z2cQjk0nYAyeZibSlZ0kCYN6FXZUAwSi2wUCieiV5pe', 'Fernando', 'Godoy', 'Garcia', 'male', 'student', 'ViSSR6xd6BQArcRzcFSNdi6YtEH3zhHjNgqDMLNRazESPuf9qcSGId7D5iOf', '2016-12-18 20:11:54', '2016-12-19 04:33:20', NULL),
(17, 'o.acevedoosses@uandresbello.edu', '$2y$10$VTLnDd18V7CQtCQd1k2DDuCePWgb/vdsqThqm/QQ9/f42w20OJUdG', 'Oscar', 'Acevedo', 'Osses', 'male', 'student', 'ZYLVs9vzzIWO23smaLPKqRQwbm4oOldPLU94oxWK2P6m5o5xPbJdWHel7nZY', '2017-02-27 23:27:13', '2017-03-01 22:10:47', NULL),
(18, 'carolitamesa@gmail.com', '$2y$10$DbYk8B8dZlX1bhg7zkSGE.KgPtpI07HepyEWwt4/QHTkP59waBT2O', 'carolina', 'mesa', 'matus', 'male', 'student', 'BVk4XNMv938NuwSd0dfDqgLz3uD2bovQ3GaPfMV2j0XfgM3VMHuHZzR5l0jx', '2017-04-06 01:49:03', '2017-04-06 01:50:27', NULL),
(40, 'frankcarrasco@live.cl', '$2y$10$KkRhcfk7z71TlBhjExLLZeF4JNJ3/t/uFn51k0bDYe5hGuuXvZiym', 'Francisco', 'Carrasco', 'Zepeda', 'male', 'student', NULL, '2017-05-24 23:31:32', '2017-05-24 23:31:32', NULL),
(41, 'francisco@unab.cl', '$2y$10$qQPBoqpL1CnBcwTe6qwJ9.q0soHcd6WCR4oWsapjoeJwcRiTuxg06', 'Francisco', 'Carrasco', 'TIR', 'male', 'teacher', 'CLUojGT1QgY8sb8Z5zXgnIYGCQmm53woF9XctXgQMwGNedAE0MTOKW7BvKhi', '2017-05-25 01:09:38', '2017-07-04 00:34:12', NULL),
(42, 'vincent@unab.cl', '$2y$10$Twr1Y.cbyseOwLk8HTAy/.5aVgZlnIm8C06R.49gHoXk4QBe6wTdC', 'Vincent', 'Depassier', 'TIR', 'male', 'teacher', '92lTo8XMgPFxqvv3xE65J7tIgVxocDAvj7MkshBEUGnu9rSHXSnKN47RVOsL', '2017-05-25 01:10:05', '2017-05-26 00:56:27', NULL),
(43, 'mario.aguila_70@hotmail.com', '$2y$10$G9739lV7yVpWVngC5LcNjulgXrYuPs4hh.fMRKpZ7mxeJtsldLdCS', 'Mario', 'Aguila', 'Nuñez', 'male', 'student', 'SiarAdilVeCelMml6dSEO1iq71ZDvkBFP4zf24Msqt87ktHI4CMVehj2cvMr', '2017-05-26 00:38:04', '2017-05-28 13:38:23', NULL),
(44, 'bryan.faundez.a@gmail.com', '$2y$10$jBbd30QEKkdhkSWX2IyJo.PsitIbh1aXkw9jtRr7Mxutpj.yeTQu6', 'bryan1', 'faundez', 'aguilera', 'male', 'student', NULL, '2017-05-26 00:40:40', '2017-05-26 00:40:40', NULL),
(45, 'mario@unab.cl', '$2y$10$YMtrxIVhMNczJJi4K9RQs.NwBpgQrB.vVN/uGEsCH5vgurVE8wjIi', 'Mario', 'Aguila', 'TIR', 'male', 'teacher', 'oWko4h1Xg3cSukAaQxUhNKl5znUAMzTpN1NFGt6BYfqZC07obMBK7yNBmEG2', '2017-05-26 01:42:05', '2017-05-28 13:38:43', NULL),
(46, 'bryan@unab.cl', '$2y$10$wwMsiAq5eRBe.xqOpzQGwON1tZEVMxrfVqKwoOJ4P.xrjeg3F.Zai', 'Bryan', 'Faundez', 'TIR', 'male', 'teacher', 'N7rahfc4RhAhxf5Qtgo6MwMfcALHi5z91yFhdZllGdlr93DSotRUSX2y9qPb', '2017-05-26 01:42:24', '2019-09-12 15:38:43', NULL),
(47, 'jonathan.rojas.roco@gmail.com', '$2y$10$bdn6X3DQ9wiZFbkoz1cG4uiFBfe1fiPIO.ppzsoAdZ/CerQKWpg.q', 'Jonathan', 'Rojas', 'Roco', 'male', 'student', NULL, '2017-07-03 22:17:25', '2017-07-03 22:17:25', NULL),
(48, 'sudchilena@hotmail.com', '$2y$10$M0MiImZ.Y2UYMSae/4jqW.HsGbujk.3E5O5JQA/1aQjcZsEG48meO', 'Priscila', 'Mella', 'Cifuentes', 'male', 'student', 'gU058S3zQiBW4JoMxHPTG8M3OzrxzUUA2GN57OSUR6pQlxtZRSi0BrTqNEms', '2017-07-06 17:43:04', '2017-07-06 19:17:47', NULL),
(49, 'sudchilena1@gmail.com', '$2y$10$sod0qgfNDjlLiv6Fu0YmPO19mhgySViYd.yJX7Au5qMMAv3uCGkRC', 'Profesora Priscila', 'Mella', 'Cifuentes', 'male', 'teacher', 'YQP7CV4mzP4ut6HvCCElcWFeKsXc7ltprpZbDJ8vokMVDprpCKWh9JD0EsgN', '2017-07-06 18:55:42', '2017-07-06 19:18:26', NULL),
(50, 'maria.truyol@unab.cl', '$2y$10$8P.M33rugRkq1hyW3aEcsewlyZt4W3LuWtITJbxsNcuR/JX4s5b1W', 'Maria', 'Elena', 'Truyol', 'male', 'student', '50z6JuKN51A4Ool9jqn6uypdeuSgQHJpVehtDE5byZt9sVjRL35wOi2R4LOx', '2018-07-10 18:44:44', '2018-07-25 18:49:59', NULL),
(51, 'luis.rojas@unab.cl', '$2y$10$PqgYdx7rjrtlASmegFcc5Onuj13fOcAOginas/f5//nKAfPrRrBQS', 'Luis', 'Rojas', '', 'male', 'student', NULL, '2018-07-10 18:45:30', '2018-07-10 18:45:30', NULL),
(52, 'test@test.cl', '$2y$10$eIE3EUe22sZqfhDrq9dl7.jG1ogPfS5l5qUDOtIuiDm.ZdjQgTig6', 'probando', 'test', 'testing', 'male', 'student', NULL, '2018-07-30 06:44:15', '2018-07-30 06:44:15', NULL),
(53, 'christianoavila@gmail.com', '$2y$10$ltnIt4OF3U1nKj6DwvCdcuTVaJKVMmzmhc1XsWrdADqPBDCiwHzki', 'Christiano', 'Avila', 'Martino', 'male', 'student', NULL, '2018-10-22 22:40:06', '2018-10-22 22:40:06', NULL),
(54, 'daniela@flexlearn.cl', '$2y$10$uzY6WzRGTVi4GQocS46Z0.teRd3H1CBmDy1Cnvj7pPPTXaYtS1v6K', 'Daniela', 'Hernandez', 'Low', 'male', 'teacher', NULL, '2018-12-19 23:28:43', '2018-12-19 23:28:43', NULL),
(55, 'sara@flexlearn.cl', '$2y$10$y6ybX4e32.m9sxDnQ2YDwOFj3ElxF/y.j3v/JBGuhnmd7NfR9zPQy', 'Sara', 'Orellana', '', 'male', 'teacher', NULL, '2018-12-19 23:59:30', '2018-12-19 23:59:30', NULL),
(56, 'macarena@flexlearn.cl', '$2y$10$sBC.D3KO12TxtetvlwMCg.jIlV5XuCRsrxU9LEZHBRnpd6Cv7WP26', 'Macarena', 'Rebolledo', '', 'male', 'teacher', NULL, '2018-12-20 00:01:11', '2018-12-20 00:01:11', NULL),
(57, 'juanfelipe@flexlearn.cl', '$2y$10$tSBQhJSjejRh.lywddmeAeK6dRJb1vOiFMILJn0pfUssVQZ8F1aCC', 'Juan Felipe', 'Calderon', '', 'male', 'teacher', 'gb7pAymkqpgzAqVB45hqOM9uNUVHkuLkGXrTeBhfCsPjbaD82cETHlwYaBCs', '2018-12-20 00:03:07', '2018-12-20 17:34:12', NULL),
(58, 'profesor01@std.cl', '$2y$10$FUaW/G4zRArwXTH97yCi.eKZUrgS5ASu2BuLXVR/S4HAGEkAfNGIO', 'Lilian', 'Ponce', '', 'male', 'student', 'YmKR6vQ646nTN9sBr2pchnBmIOoe5O2n5XgKe3LWUrPNwHbpOnohXmgksLnU', '2018-12-20 00:05:45', '2018-12-20 00:05:51', NULL),
(59, 'profesor02@std.cl', '$2y$10$myBal7m/b8tCCaRuPETkpudr1qOqICAp7NoplWfrfGWEJnh7i96KC', 'Madai', 'Trabol', '', 'male', 'student', 'tw6aC5eSQF4y1RUV2uDwSBowQRS1rDOJJiJxsCqUCmAJas5Fe1Agtlff83tL', '2018-12-20 00:06:27', '2018-12-20 18:55:54', NULL),
(60, 'profesor03@std.cl', '$2y$10$3pYE7uvP6zSHXi7b9kYVtu0ziMnfCjWlqmgJIueyHkBjXY4XUcqYC', 'Christian', 'Rojas', '', 'male', 'student', 'btAvNmnAFEAenj3dWuAUJ7d1G96c8Sq5M14aS5kcoEcyHGkQBxT4cdHfZcFh', '2018-12-20 00:07:00', '2018-12-20 00:07:03', NULL),
(61, 'profesor04@std.cl', '$2y$10$9Drfa4f3gQLJwcMIVKjstuBlA5MDKQa6EMZDELcFRkQhD.cRIAxcq', 'Narciso', 'Veron', '', 'male', 'student', 'SXgKGS9v5qX8scrkyYczhmvwbO96OnCSSZIj7AHxOL8o7FEeHPBrZwaDsUpr', '2018-12-20 00:07:30', '2018-12-20 00:07:33', NULL),
(62, 'profesor05@std.cl', '$2y$10$mRBjLg.l0OxKKkyI4Y1NIO53usrWVfdmv39vL6HEz4AsM/.4jFfcW', 'Alejandra', 'Sanchez', '', 'male', 'student', 'LBbT9VqAnNmxJMWPvy2Z8mqxo6pp1fXYBPQfoDV8Dv10XxGaxmuUFaSh4wao', '2018-12-20 00:08:13', '2018-12-20 18:27:27', NULL),
(63, 'profesor06@std.cl', '$2y$10$UUESFzF16Qzmc2/UvhF2le6BePqXqu6QuaNhXErY0/B3JpqvT136e', 'Eliana', 'Andrade', '', 'male', 'student', 'ZpQYyWpsi952CC1KwA0xx46qVQKZCABPBhpEfRsu0yMlAjrNWfgpCexPILSH', '2018-12-20 00:09:06', '2018-12-20 00:09:09', NULL),
(64, 'profesor07@std.cl', '$2y$10$8AFsvzKjST2zqmdiRme0mujK/NGoum7dc8QF4UzfyI6osbv6Gmy7u', 'Diane', 'Wlak', '', 'male', 'student', 'gAAEp6rl81EBB5n3PLJ83IRUNvA59CT0JHEk3vG72xTt8y6fQhBgSU4H7kcd', '2018-12-20 00:09:47', '2018-12-20 00:09:51', NULL),
(65, 'profesor08@std.cl', '$2y$10$z363U6OxaE61uLft.Fqk4OIgZvJ4T3MxG4MBTEjWXwp4lbl5MELsq', 'Ivonne', 'Chavez', '', 'male', 'student', 'TpKv05lrpuWr3Sz63dAwZHz6Wvzl7V5XtqmX39z8m5SI6RaRpk1GfJ1rDWOU', '2018-12-20 00:10:31', '2018-12-20 00:10:34', NULL),
(66, 'profesor09@std.cl', '$2y$10$.AJQNE3ZY4i8m3Ua56TBwuUpDxciABozHkZAxh8MwELVN1u7ySI62', 'CarmenGloria', 'Munoz', '', 'male', 'student', 'O8h12RcHVJzStnWzei7pwKLmY5TyppCwSpI5GNib1hEYUfZgLjXL13QfYXoM', '2018-12-20 00:11:53', '2018-12-20 00:11:57', NULL),
(67, 'profesor10@std.cl', '$2y$10$.//p0hvjXpYYHMf727EeT.c6JjhIlb.jK2IT9Ac/9BiVpQ7U0OYOy', 'Valeska', 'Gallardo', '', 'male', 'student', '5kKetk45ZFcVyeuf6vcB9Bze974WRr19EfGELtpKtoCC9rjD4IGTTysDlZn8', '2018-12-20 00:12:27', '2018-12-20 18:54:37', NULL),
(68, 'profesor11@std.cl', '$2y$10$H6hoyz8K4lEL/vnHvLuQCuN8l.qCT.zmSSyTKBpJ8oKJf6Htk8vwu', 'Kristel', 'Waghorn', '', 'male', 'student', 'MaofPc4czs8Y8xWnY1PT6D3LYckFwmTpS71y3wzw8P5OPJHI7XzVFsucuC50', '2018-12-20 00:13:13', '2018-12-20 00:13:16', NULL),
(69, 'profesor12@std.cl', '$2y$10$nNrLYk9EMpsy7brucu/KzehJJdYpKfZrsNu5vH3octwRRNYlvwqBG', 'Monica', 'Guzman', '', 'male', 'student', 'wpSic0hs00XbgOxu6eEGOefaa9mZz5FUdrAF2amDNvntSfqNtSqeV6tJIh3U', '2018-12-20 17:01:39', '2018-12-20 17:01:45', NULL),
(70, 'jf@flexlearn.cl', '$2y$10$hBEE0P2855vO44PvtyU3vOoyHWbj8fn2pvEgrWBj76Wl1EOKUijK.', 'JF', 'Alumno', '', 'male', 'student', 'tcRxoit6hsc6oqI1Yg80FBuXQQgxCS9xzVWmNCM9oUkoGyhuFP6E4IZOkM0f', '2018-12-20 17:33:47', '2018-12-20 18:48:34', NULL),
(71, 'pablodanielsantur@gmail.com', '$2y$10$OVMRvyN.PgYM/RajGXo7FOfiw61WFY87P6KCr5v4K5cpEze2hehIe', 'Pablo', 'Santur', 'Arreluce', 'male', 'student', NULL, '2019-03-14 10:15:58', '2019-03-14 10:15:58', NULL),
(72, 'mauriciozx1@gmail.com', '$2y$10$tleZ60UlO0ccOJchc6w9Veksm4duUH.sDUcOY/NAitedknNIiiX.W', 'Mauricio', 'Cisternas', 'Curaqueo', 'male', 'student', NULL, '2020-08-28 07:05:48', '2020-08-28 07:05:48', NULL),
(76, 'asd@gmail.com', '$2y$10$hnK9hQkSBs.P7MnqB/4vVOvuzoPaJDM9KBb8NhdbvvU6oXTHTZPW.', 'ASD', 'ASD', 'ASD', 'male', 'student', 'JVBSVFz77A8re9FIi6G10pCaBEbysEdpLVLLzmwBRf6NSIXJH8z7t53QIZK4', '2021-03-19 01:26:45', '2021-03-19 01:26:45', NULL),
(77, 'alumnoPrueba@gmail.com', '$2y$10$2h6RNpl1MmGjmjvi9VyQEOqIWkt4ICCcEmp6VwGfrQu5ZnIRugFo2', 'Prueba', 'Probando', 'Probando2', 'male', 'student', 'RNPDDiVd3pp9fXq8ZnelQBzrI4Tq9bNollX6WDwM2cTESYjOViTzoLjBs4u1', '2021-07-01 03:34:44', '2021-07-01 03:34:44', NULL);

-- --------------------------------------------------------

--
-- Estructura de tabla para la tabla `votes`
--

CREATE TABLE `votes` (
  `id` int(10) NOT NULL,
  `user_id` int(10) NOT NULL,
  `teamwork_id` int(10) NOT NULL,
  `activiti_id` int(10) NOT NULL,
  `vote` varchar(10) NOT NULL,
  `created_at` timestamp NOT NULL DEFAULT current_timestamp(),
  `updated_at` timestamp NOT NULL DEFAULT current_timestamp()
) ENGINE=InnoDB DEFAULT CHARSET=utf8mb4;

--
-- Volcado de datos para la tabla `votes`
--

INSERT INTO `votes` (`id`, `user_id`, `teamwork_id`, `activiti_id`, `vote`, `created_at`, `updated_at`) VALUES
(5, 4, 1788, 225, 'No', '2021-04-08 05:19:25', '2021-04-08 05:19:25'),
(6, 9, 1788, 225, 'No', '2021-04-08 05:19:53', '2021-04-08 05:19:53'),
(7, 9, 1788, 225, 'No', '2021-04-08 05:20:53', '2021-04-08 05:20:53'),
(8, 9, 1788, 225, 'No', '2021-04-08 05:22:07', '2021-04-08 05:22:07'),
(9, 9, 1788, 225, 'No', '2021-04-08 05:25:08', '2021-04-08 05:25:08'),
(10, 9, 1788, 225, 'No', '2021-04-08 05:25:52', '2021-04-08 05:25:52'),
(11, 9, 1788, 225, 'No', '2021-04-08 05:27:23', '2021-04-08 05:27:23'),
(12, 4, 1788, 225, 'No', '2021-04-08 05:27:29', '2021-04-08 05:27:29'),
(13, 10, 1788, 225, 'No', '2021-04-08 05:27:39', '2021-04-08 05:27:39'),
(14, 9, 1788, 225, 'No', '2021-04-08 05:40:59', '2021-04-08 05:40:59'),
(15, 4, 1788, 225, 'No', '2021-04-08 05:41:03', '2021-04-08 05:41:03'),
(16, 10, 1788, 225, 'No', '2021-04-08 05:41:09', '2021-04-08 05:41:09'),
(17, 9, 1788, 225, 'Yes', '2021-04-08 05:45:03', '2021-04-08 05:45:03'),
(18, 4, 1788, 225, 'No', '2021-04-08 05:46:58', '2021-04-08 05:46:58'),
(19, 9, 1788, 225, 'No', '2021-04-08 05:47:01', '2021-04-08 05:47:01'),
(20, 10, 1788, 225, 'No', '2021-04-08 05:48:25', '2021-04-08 05:48:25');

-- --------------------------------------------------------

--
-- Estructura de tabla para la tabla `websockets_statistics_entries`
--

CREATE TABLE `websockets_statistics_entries` (
  `id` int(10) UNSIGNED NOT NULL,
  `app_id` varchar(255) COLLATE utf8mb4_unicode_ci NOT NULL,
  `peak_connection_count` int(11) NOT NULL,
  `websocket_message_count` int(11) NOT NULL,
  `api_message_count` int(11) NOT NULL,
  `created_at` timestamp NULL DEFAULT NULL,
  `updated_at` timestamp NULL DEFAULT NULL
) ENGINE=InnoDB DEFAULT CHARSET=utf8mb4 COLLATE=utf8mb4_unicode_ci;

--
-- Índices para tablas volcadas
--

--
-- Indices de la tabla `activities`
--
ALTER TABLE `activities`
  ADD PRIMARY KEY (`id`);

--
-- Indices de la tabla `activities_groups`
--
ALTER TABLE `activities_groups`
  ADD PRIMARY KEY (`id`),
  ADD KEY `problem_id` (`problem_id`) USING BTREE;

--
-- Indices de la tabla `blockly_activity_answers`
--
ALTER TABLE `blockly_activity_answers`
  ADD PRIMARY KEY (`id`),
  ADD KEY `activity_id` (`activity_id`,`student_id`) USING BTREE;

--
-- Indices de la tabla `califications`
--
ALTER TABLE `califications`
  ADD PRIMARY KEY (`id`),
  ADD KEY `student_id` (`answere_id`,`activity_id`) USING BTREE,
  ADD KEY `activity_id` (`activity_id`) USING BTREE,
  ADD KEY `student_id_2` (`student_id`) USING BTREE;

--
-- Indices de la tabla `courses`
--
ALTER TABLE `courses`
  ADD PRIMARY KEY (`id`);

--
-- Indices de la tabla `course_inscriptions`
--
ALTER TABLE `course_inscriptions`
  ADD PRIMARY KEY (`id`),
  ADD KEY `course_id` (`course_id`,`user_id`) USING BTREE,
  ADD KEY `student_id` (`user_id`) USING BTREE;

--
-- Indices de la tabla `group_activity_link`
--
ALTER TABLE `group_activity_link`
  ADD PRIMARY KEY (`id`),
  ADD KEY `group_id` (`group_id`,`activity_id`) USING BTREE,
  ADD KEY `activity_id` (`activity_id`) USING BTREE;

--
-- Indices de la tabla `interactions`
--
ALTER TABLE `interactions`
  ADD PRIMARY KEY (`id`);

--
-- Indices de la tabla `link_teamwork_inscriptions`
--
ALTER TABLE `link_teamwork_inscriptions`
  ADD PRIMARY KEY (`id`),
  ADD KEY `link_teamwork_inscriptions_ibfk_1` (`teamwork_id`),
  ADD KEY `activities_group_id` (`activities_group_id`);

--
-- Indices de la tabla `live_data`
--
ALTER TABLE `live_data`
  ADD PRIMARY KEY (`id`);

--
-- Indices de la tabla `messages`
--
ALTER TABLE `messages`
  ADD PRIMARY KEY (`id`);

--
-- Indices de la tabla `password_resets`
--
ALTER TABLE `password_resets`
  ADD KEY `password_resets_email_index` (`email`) USING BTREE,
  ADD KEY `password_resets_token_index` (`token`) USING BTREE;

--
-- Indices de la tabla `problem`
--
ALTER TABLE `problem`
  ADD PRIMARY KEY (`id`),
  ADD KEY `course_id` (`course_id`) USING BTREE;

--
-- Indices de la tabla `problems`
--
ALTER TABLE `problems`
  ADD PRIMARY KEY (`id`),
  ADD KEY `course_id` (`course_id`) USING BTREE,
  ADD KEY `teamworks` (`teamworks`) USING BTREE;

--
-- Indices de la tabla `problem_activity_groups`
--
ALTER TABLE `problem_activity_groups`
  ADD PRIMARY KEY (`id`),
  ADD KEY `problem_id` (`problem_id`,`group_id`) USING BTREE,
  ADD KEY `group_id` (`group_id`) USING BTREE,
  ADD KEY `teamwork_id` (`teamwork_id`);

--
-- Indices de la tabla `questions`
--
ALTER TABLE `questions`
  ADD PRIMARY KEY (`id`);

--
-- Indices de la tabla `questions_answer`
--
ALTER TABLE `questions_answer`
  ADD PRIMARY KEY (`id`);

--
-- Indices de la tabla `researchers`
--
ALTER TABLE `researchers`
  ADD PRIMARY KEY (`id`),
  ADD KEY `user_id` (`user_id`) USING BTREE;

--
-- Indices de la tabla `resources`
--
ALTER TABLE `resources`
  ADD PRIMARY KEY (`id`);

--
-- Indices de la tabla `scores`
--
ALTER TABLE `scores`
  ADD PRIMARY KEY (`id`),
  ADD KEY `student_id` (`answere_id`,`activity_id`) USING BTREE,
  ADD KEY `activity_id` (`activity_id`) USING BTREE,
  ADD KEY `student_id_2` (`student_id`) USING BTREE;

--
-- Indices de la tabla `status_activity`
--
ALTER TABLE `status_activity`
  ADD PRIMARY KEY (`id`);

--
-- Indices de la tabla `status_team`
--
ALTER TABLE `status_team`
  ADD PRIMARY KEY (`id`);

--
-- Indices de la tabla `students`
--
ALTER TABLE `students`
  ADD PRIMARY KEY (`id`),
  ADD KEY `user_id` (`user_id`) USING BTREE;

--
-- Indices de la tabla `teachers`
--
ALTER TABLE `teachers`
  ADD PRIMARY KEY (`id`),
  ADD KEY `user_id` (`user_id`) USING BTREE;

--
-- Indices de la tabla `teamwork`
--
ALTER TABLE `teamwork`
  ADD PRIMARY KEY (`id`);

--
-- Indices de la tabla `teamwork_activity_lider`
--
ALTER TABLE `teamwork_activity_lider`
  ADD PRIMARY KEY (`id`);

--
-- Indices de la tabla `teamwork_inscription`
--
ALTER TABLE `teamwork_inscription`
  ADD PRIMARY KEY (`id`),
  ADD KEY `problems_id` (`problems_id`),
  ADD KEY `teamwork_id` (`teamwork_id`),
  ADD KEY `student_id` (`student_id`);

--
-- Indices de la tabla `users`
--
ALTER TABLE `users`
  ADD PRIMARY KEY (`id`),
  ADD UNIQUE KEY `users_email_unique` (`email`) USING BTREE;

--
-- Indices de la tabla `votes`
--
ALTER TABLE `votes`
  ADD PRIMARY KEY (`id`);

--
-- Indices de la tabla `websockets_statistics_entries`
--
ALTER TABLE `websockets_statistics_entries`
  ADD PRIMARY KEY (`id`);

--
-- AUTO_INCREMENT de las tablas volcadas
--

--
-- AUTO_INCREMENT de la tabla `activities`
--
ALTER TABLE `activities`
  MODIFY `id` int(10) UNSIGNED NOT NULL AUTO_INCREMENT, AUTO_INCREMENT=270;

--
-- AUTO_INCREMENT de la tabla `activities_groups`
--
ALTER TABLE `activities_groups`
  MODIFY `id` int(10) UNSIGNED NOT NULL AUTO_INCREMENT, AUTO_INCREMENT=1313;

--
-- AUTO_INCREMENT de la tabla `blockly_activity_answers`
--
ALTER TABLE `blockly_activity_answers`
  MODIFY `id` int(10) UNSIGNED NOT NULL AUTO_INCREMENT, AUTO_INCREMENT=559;

--
-- AUTO_INCREMENT de la tabla `califications`
--
ALTER TABLE `califications`
  MODIFY `id` int(10) UNSIGNED NOT NULL AUTO_INCREMENT, AUTO_INCREMENT=24;

--
-- AUTO_INCREMENT de la tabla `courses`
--
ALTER TABLE `courses`
  MODIFY `id` int(10) UNSIGNED NOT NULL AUTO_INCREMENT, AUTO_INCREMENT=9;

--
-- AUTO_INCREMENT de la tabla `course_inscriptions`
--
ALTER TABLE `course_inscriptions`
  MODIFY `id` int(10) UNSIGNED NOT NULL AUTO_INCREMENT, AUTO_INCREMENT=324;

--
-- AUTO_INCREMENT de la tabla `group_activity_link`
--
ALTER TABLE `group_activity_link`
  MODIFY `id` int(10) UNSIGNED NOT NULL AUTO_INCREMENT, AUTO_INCREMENT=261;

--
-- AUTO_INCREMENT de la tabla `interactions`
--
ALTER TABLE `interactions`
  MODIFY `id` int(10) NOT NULL AUTO_INCREMENT, AUTO_INCREMENT=21;

--
-- AUTO_INCREMENT de la tabla `link_teamwork_inscriptions`
--
ALTER TABLE `link_teamwork_inscriptions`
  MODIFY `id` int(11) NOT NULL AUTO_INCREMENT, AUTO_INCREMENT=2089;

--
-- AUTO_INCREMENT de la tabla `live_data`
--
ALTER TABLE `live_data`
  MODIFY `id` int(10) NOT NULL AUTO_INCREMENT;

--
-- AUTO_INCREMENT de la tabla `messages`
--
ALTER TABLE `messages`
  MODIFY `id` int(10) UNSIGNED NOT NULL AUTO_INCREMENT, AUTO_INCREMENT=388;

--
-- AUTO_INCREMENT de la tabla `problem`
--
ALTER TABLE `problem`
  MODIFY `id` int(10) UNSIGNED NOT NULL AUTO_INCREMENT;

--
-- AUTO_INCREMENT de la tabla `problems`
--
ALTER TABLE `problems`
  MODIFY `id` int(10) UNSIGNED NOT NULL AUTO_INCREMENT, AUTO_INCREMENT=370;

--
-- AUTO_INCREMENT de la tabla `problem_activity_groups`
--
ALTER TABLE `problem_activity_groups`
  MODIFY `id` int(10) UNSIGNED NOT NULL AUTO_INCREMENT;

--
-- AUTO_INCREMENT de la tabla `questions`
--
ALTER TABLE `questions`
  MODIFY `id` int(10) NOT NULL AUTO_INCREMENT, AUTO_INCREMENT=102;

--
-- AUTO_INCREMENT de la tabla `questions_answer`
--
ALTER TABLE `questions_answer`
  MODIFY `id` int(10) NOT NULL AUTO_INCREMENT, AUTO_INCREMENT=35;

--
-- AUTO_INCREMENT de la tabla `researchers`
--
ALTER TABLE `researchers`
  MODIFY `id` int(10) UNSIGNED NOT NULL AUTO_INCREMENT;

--
-- AUTO_INCREMENT de la tabla `resources`
--
ALTER TABLE `resources`
  MODIFY `id` int(10) UNSIGNED NOT NULL AUTO_INCREMENT, AUTO_INCREMENT=141;

--
-- AUTO_INCREMENT de la tabla `scores`
--
ALTER TABLE `scores`
  MODIFY `id` int(10) UNSIGNED NOT NULL AUTO_INCREMENT, AUTO_INCREMENT=562;

--
-- AUTO_INCREMENT de la tabla `status_activity`
--
ALTER TABLE `status_activity`
  MODIFY `id` int(11) NOT NULL AUTO_INCREMENT, AUTO_INCREMENT=89;

--
-- AUTO_INCREMENT de la tabla `status_team`
--
ALTER TABLE `status_team`
  MODIFY `id` int(10) NOT NULL AUTO_INCREMENT, AUTO_INCREMENT=145;

--
-- AUTO_INCREMENT de la tabla `students`
--
ALTER TABLE `students`
  MODIFY `id` int(10) UNSIGNED NOT NULL AUTO_INCREMENT, AUTO_INCREMENT=59;

--
-- AUTO_INCREMENT de la tabla `teachers`
--
ALTER TABLE `teachers`
  MODIFY `id` int(10) UNSIGNED NOT NULL AUTO_INCREMENT;

--
-- AUTO_INCREMENT de la tabla `teamwork`
--
ALTER TABLE `teamwork`
  MODIFY `id` int(10) NOT NULL AUTO_INCREMENT, AUTO_INCREMENT=1912;

--
-- AUTO_INCREMENT de la tabla `teamwork_activity_lider`
--
ALTER TABLE `teamwork_activity_lider`
  MODIFY `id` int(10) NOT NULL AUTO_INCREMENT, AUTO_INCREMENT=435;

--
-- AUTO_INCREMENT de la tabla `teamwork_inscription`
--
ALTER TABLE `teamwork_inscription`
  MODIFY `id` int(10) NOT NULL AUTO_INCREMENT, AUTO_INCREMENT=2768;

--
-- AUTO_INCREMENT de la tabla `users`
--
ALTER TABLE `users`
  MODIFY `id` int(10) UNSIGNED NOT NULL AUTO_INCREMENT, AUTO_INCREMENT=78;

--
-- AUTO_INCREMENT de la tabla `votes`
--
ALTER TABLE `votes`
  MODIFY `id` int(10) NOT NULL AUTO_INCREMENT, AUTO_INCREMENT=21;

--
-- AUTO_INCREMENT de la tabla `websockets_statistics_entries`
--
ALTER TABLE `websockets_statistics_entries`
  MODIFY `id` int(10) UNSIGNED NOT NULL AUTO_INCREMENT;

--
-- Restricciones para tablas volcadas
--

--
-- Filtros para la tabla `califications`
--
ALTER TABLE `califications`
  ADD CONSTRAINT `califications_ibfk_1` FOREIGN KEY (`activity_id`) REFERENCES `activities` (`id`) ON DELETE CASCADE ON UPDATE CASCADE,
  ADD CONSTRAINT `califications_ibfk_2` FOREIGN KEY (`answere_id`) REFERENCES `blockly_activity_answers` (`id`) ON DELETE CASCADE ON UPDATE CASCADE;

--
-- Filtros para la tabla `course_inscriptions`
--
ALTER TABLE `course_inscriptions`
  ADD CONSTRAINT `course_inscriptions_ibfk_1` FOREIGN KEY (`course_id`) REFERENCES `courses` (`id`) ON DELETE CASCADE ON UPDATE CASCADE,
  ADD CONSTRAINT `course_inscriptions_ibfk_2` FOREIGN KEY (`user_id`) REFERENCES `users` (`id`) ON DELETE CASCADE ON UPDATE CASCADE;

--
-- Filtros para la tabla `group_activity_link`
--
ALTER TABLE `group_activity_link`
  ADD CONSTRAINT `group_activity_link_ibfk_1` FOREIGN KEY (`activity_id`) REFERENCES `activities` (`id`) ON DELETE CASCADE,
  ADD CONSTRAINT `group_activity_link_ibfk_2` FOREIGN KEY (`group_id`) REFERENCES `activities_groups` (`id`) ON DELETE CASCADE ON UPDATE CASCADE;

--
-- Filtros para la tabla `link_teamwork_inscriptions`
--
ALTER TABLE `link_teamwork_inscriptions`
  ADD CONSTRAINT `link_teamwork_inscriptions_ibfk_1` FOREIGN KEY (`teamwork_id`) REFERENCES `teamwork` (`id`) ON DELETE CASCADE ON UPDATE CASCADE,
  ADD CONSTRAINT `link_teamwork_inscriptions_ibfk_2` FOREIGN KEY (`activities_group_id`) REFERENCES `activities_groups` (`id`) ON DELETE CASCADE ON UPDATE CASCADE;

--
-- Filtros para la tabla `password_resets`
--
ALTER TABLE `password_resets`
  ADD CONSTRAINT `password_resets_ibfk_1` FOREIGN KEY (`email`) REFERENCES `users` (`email`) ON DELETE CASCADE ON UPDATE CASCADE;

--
-- Filtros para la tabla `problem`
--
ALTER TABLE `problem`
  ADD CONSTRAINT `problem_ibfk_1` FOREIGN KEY (`course_id`) REFERENCES `courses` (`id`) ON DELETE CASCADE ON UPDATE CASCADE;

--
-- Filtros para la tabla `problems`
--
ALTER TABLE `problems`
  ADD CONSTRAINT `problems_ibfk_1` FOREIGN KEY (`course_id`) REFERENCES `courses` (`id`) ON DELETE CASCADE ON UPDATE CASCADE;

--
-- Filtros para la tabla `problem_activity_groups`
--
ALTER TABLE `problem_activity_groups`
  ADD CONSTRAINT `problem_activity_groups_ibfk_1` FOREIGN KEY (`problem_id`) REFERENCES `problems` (`id`) ON DELETE CASCADE ON UPDATE CASCADE,
  ADD CONSTRAINT `problem_activity_groups_ibfk_2` FOREIGN KEY (`group_id`) REFERENCES `activities_groups` (`id`) ON DELETE CASCADE ON UPDATE CASCADE,
  ADD CONSTRAINT `problem_activity_groups_ibfk_3` FOREIGN KEY (`teamwork_id`) REFERENCES `teamwork` (`id`) ON DELETE CASCADE ON UPDATE CASCADE;

--
-- Filtros para la tabla `researchers`
--
ALTER TABLE `researchers`
  ADD CONSTRAINT `researchers_ibfk_1` FOREIGN KEY (`user_id`) REFERENCES `users` (`id`) ON DELETE CASCADE ON UPDATE CASCADE;

--
-- Filtros para la tabla `scores`
--
ALTER TABLE `scores`
  ADD CONSTRAINT `scores_ibfk_1` FOREIGN KEY (`activity_id`) REFERENCES `activities` (`id`) ON DELETE CASCADE ON UPDATE CASCADE,
  ADD CONSTRAINT `scores_ibfk_2` FOREIGN KEY (`answere_id`) REFERENCES `blockly_activity_answers` (`id`) ON DELETE CASCADE ON UPDATE CASCADE;

--
-- Filtros para la tabla `students`
--
ALTER TABLE `students`
  ADD CONSTRAINT `students_ibfk_1` FOREIGN KEY (`user_id`) REFERENCES `users` (`id`) ON DELETE CASCADE ON UPDATE CASCADE;

--
-- Filtros para la tabla `teachers`
--
ALTER TABLE `teachers`
  ADD CONSTRAINT `teachers_ibfk_1` FOREIGN KEY (`user_id`) REFERENCES `users` (`id`) ON DELETE CASCADE ON UPDATE CASCADE;

--
-- Filtros para la tabla `teamwork_inscription`
--
ALTER TABLE `teamwork_inscription`
  ADD CONSTRAINT `teamwork_inscription_ibfk_1` FOREIGN KEY (`problems_id`) REFERENCES `problems` (`id`) ON DELETE CASCADE ON UPDATE CASCADE,
  ADD CONSTRAINT `teamwork_inscription_ibfk_2` FOREIGN KEY (`teamwork_id`) REFERENCES `teamwork` (`id`) ON DELETE CASCADE ON UPDATE CASCADE;
COMMIT;

/*!40101 SET CHARACTER_SET_CLIENT=@OLD_CHARACTER_SET_CLIENT */;
/*!40101 SET CHARACTER_SET_RESULTS=@OLD_CHARACTER_SET_RESULTS */;
/*!40101 SET COLLATION_CONNECTION=@OLD_COLLATION_CONNECTION */;
